ISO-10303-21;
HEADER;
FILE_DESCRIPTION (( 'STEP AP214' ),
    '1' );
FILE_NAME ('CDR_LPLLN_D11.5L6.5S5.08LLNEG3LLPOS2.7LT10.3LT21.3.STEP',
    '2019-11-21T21:22:23',
    ( '' ),
    ( '' ),
    'SwSTEP 2.0',
    'SolidWorks 2014',
    '' );
FILE_SCHEMA (( 'AUTOMOTIVE_DESIGN' ));
ENDSEC;

DATA;
#1 = EDGE_LOOP ( 'NONE', ( #1533, #2261, #1732, #364, #384, #2375, #2456, #2681, #2002, #215, #2479, #623, #1028, #1036, #2591, #2524, #2191, #2437, #2476, #2165, #930, #250, #93 ) ) ;
#2 = LINE ( 'NONE', #1479, #1440 ) ;
#3 = CARTESIAN_POINT ( 'NONE',  ( 4.379680122707077800, 6.495000000000000100, -0.5738409048472185000 ) ) ;
#4 = EDGE_CURVE ( 'NONE', #1458, #2741, #1506, .T. ) ;
#5 = DIRECTION ( 'NONE',  ( 0.0000000000000000000, 0.0000000000000000000, 1.000000000000000000 ) ) ;
#6 = VECTOR ( 'NONE', #2329, 1000.000000000000000 ) ;
#7 = EDGE_CURVE ( 'NONE', #1225, #2366, #2, .T. ) ;
#8 = CARTESIAN_POINT ( 'NONE',  ( -4.671798733445354100, 6.495000000000000100, -0.9631222229663523000 ) ) ;
#9 = PRESENTATION_STYLE_ASSIGNMENT (( #608 ) ) ;
#10 = DIRECTION ( 'NONE',  ( 1.000000000000000000, -0.0000000000000000000, 1.096870650732911000E-013 ) ) ;
#11 = AXIS2_PLACEMENT_3D ( 'NONE', #460, #1531, #1520 ) ;
#12 = CARTESIAN_POINT ( 'NONE',  ( -4.671798733445354100, 6.495000000000000100, -0.9631222229663523000 ) ) ;
#13 = DIRECTION ( 'NONE',  ( 0.0000000000000000000, 0.0000000000000000000, 1.000000000000000000 ) ) ;
#14 = DIRECTION ( 'NONE',  ( 0.2745159998572669300, 0.0000000000000000000, -0.9615825319869143500 ) ) ;
#15 = DIRECTION ( 'NONE',  ( -0.2763173343569915700, 0.0000000000000000000, 0.9610664548998921800 ) ) ;
#16 = CARTESIAN_POINT ( 'NONE',  ( 0.4721173966834419400, 6.495000000000000100, 1.053028994543904900 ) ) ;
#17 = ORIENTED_EDGE ( 'NONE', *, *, #2319, .T. ) ;
#18 = EDGE_CURVE ( 'NONE', #2130, #1865, #931, .T. ) ;
#19 = DIRECTION ( 'NONE',  ( -0.0000000000000000000, 1.000000000000000000, 0.0000000000000000000 ) ) ;
#20 = LINE ( 'NONE', #142, #154 ) ;
#21 = ORIENTED_EDGE ( 'NONE', *, *, #2372, .T. ) ;
#22 = ORIENTED_EDGE ( 'NONE', *, *, #1070, .T. ) ;
#23 = DIRECTION ( 'NONE',  ( 0.0000000000000000000, 0.0000000000000000000, 1.000000000000000000 ) ) ;
#24 = VERTEX_POINT ( 'NONE', #596 ) ;
#25 = VECTOR ( 'NONE', #998, 1000.000000000000100 ) ;
#26 = EDGE_LOOP ( 'NONE', ( #969, #635, #1368, #360 ) ) ;
#27 = VERTEX_POINT ( 'NONE', #1680 ) ;
#28 = CARTESIAN_POINT ( 'NONE',  ( 2.859214151411832100, 6.495000000000000100, 0.6693814386009964100 ) ) ;
#29 = LINE ( 'NONE', #1555, #2688 ) ;
#30 = STYLED_ITEM ( 'NONE', ( #790 ), #2509 ) ;
#31 = PLANE ( 'NONE',  #2788 ) ;
#32 = ORIENTED_EDGE ( 'NONE', *, *, #661, .T. ) ;
#33 = ORIENTED_EDGE ( 'NONE', *, *, #315, .T. ) ;
#34 = VECTOR ( 'NONE', #15, 1000.000000000000200 ) ;
#35 = VECTOR ( 'NONE', #2498, 1000.000000000000100 ) ;
#36 = CARTESIAN_POINT ( 'NONE',  ( 3.805490025235814100, 6.495000000000000100, -0.5738409048522489200 ) ) ;
#37 = EDGE_CURVE ( 'NONE', #1365, #2029, #866, .T. ) ;
#38 = VECTOR ( 'NONE', #299, 1000.000000000000000 ) ;
#39 = FACE_OUTER_BOUND ( 'NONE', #2300, .T. ) ;
#40 = CARTESIAN_POINT ( 'NONE',  ( 2.750351965824065400, 6.495000000000000100, 1.053028994543904400 ) ) ;
#41 = MECHANICAL_DESIGN_GEOMETRIC_PRESENTATION_REPRESENTATION (  '', ( #234 ), #2346 ) ;
#42 = DIRECTION ( 'NONE',  ( -0.0000000000000000000, 1.000000000000000000, -0.0000000000000000000 ) ) ;
#43 = CARTESIAN_POINT ( 'NONE',  ( 0.4721173966834419400, 6.500000000000000000, 1.053028994543904900 ) ) ;
#44 = SURFACE_STYLE_USAGE ( .BOTH. , #2161 ) ;
#45 = DIRECTION ( 'NONE',  ( 0.2745159998572669300, 0.0000000000000000000, -0.9615825319869143500 ) ) ;
#46 = ORIENTED_EDGE ( 'NONE', *, *, #300, .F. ) ;
#47 = LINE ( 'NONE', #1913, #2260 ) ;
#48 = EDGE_CURVE ( 'NONE', #1066, #832, #1934, .T. ) ;
#49 = DIRECTION ( 'NONE',  ( 0.0000000000000000000, -1.000000000000000000, 0.0000000000000000000 ) ) ;
#50 = ORIENTED_EDGE ( 'NONE', *, *, #1064, .F. ) ;
#51 = ORIENTED_EDGE ( 'NONE', *, *, #1523, .T. ) ;
#52 = EDGE_CURVE ( 'NONE', #1121, #280, #161, .T. ) ;
#53 = DIRECTION ( 'NONE',  ( 1.000000000000000000, 0.0000000000000000000, 0.0000000000000000000 ) ) ;
#54 = ORIENTED_EDGE ( 'NONE', *, *, #1970, .F. ) ;
#55 = LINE ( 'NONE', #2049, #1670 ) ;
#56 = ORIENTED_EDGE ( 'NONE', *, *, #2629, .F. ) ;
#57 = UNCERTAINTY_MEASURE_WITH_UNIT (LENGTH_MEASURE( 1.000000000000000100E-005 ), #951, 'distance_accuracy_value', 'NONE');
#58 =( NAMED_UNIT ( * ) PLANE_ANGLE_UNIT ( ) SI_UNIT ( $, .RADIAN. ) );
#59 = CARTESIAN_POINT ( 'NONE',  ( -2.044280021955986900, 6.500000000000000000, -0.5793581909814401500 ) ) ;
#60 = AXIS2_PLACEMENT_3D ( 'NONE', #750, #2250, #976 ) ;
#61 = ORIENTED_EDGE ( 'NONE', *, *, #1113, .T. ) ;
#62 = EDGE_LOOP ( 'NONE', ( #568, #244, #2580, #2159 ) ) ;
#63 = FACE_OUTER_BOUND ( 'NONE', #1357, .T. ) ;
#64 = SURFACE_STYLE_USAGE ( .BOTH. , #2463 ) ;
#65 = VERTEX_POINT ( 'NONE', #622 ) ;
#66 = CARTESIAN_POINT ( 'NONE',  ( 0.0000000000000000000, 0.4192500000000003400, 0.0000000000000000000 ) ) ;
#67 = EDGE_CURVE ( 'NONE', #221, #1994, #2448, .T. ) ;
#68 = SURFACE_STYLE_USAGE ( .BOTH. , #2016 ) ;
#69 = CARTESIAN_POINT ( 'NONE',  ( 2.159524185522648100, 6.500000000000000000, -0.2042869498019199100 ) ) ;
#70 = VECTOR ( 'NONE', #2352, 1000.000000000000000 ) ;
#71 =( NAMED_UNIT ( * ) PLANE_ANGLE_UNIT ( ) SI_UNIT ( $, .RADIAN. ) );
#72 = PLANE ( 'NONE',  #2694 ) ;
#73 = EDGE_CURVE ( 'NONE', #2341, #1570, #1802, .T. ) ;
#74 = CARTESIAN_POINT ( 'NONE',  ( -2.689999999999998600, -0.0000000000000000000, -0.6500000000000011300 ) ) ;
#75 = AXIS2_PLACEMENT_3D ( 'NONE', #2454, #1584, #2176 ) ;
#76 = DIRECTION ( 'NONE',  ( -0.0000000000000000000, 1.000000000000000000, -0.0000000000000000000 ) ) ;
#77 = CARTESIAN_POINT ( 'NONE',  ( -2.722509150686002400, 6.080749999999999200, 5.075977139864892100 ) ) ;
#78 = MECHANICAL_DESIGN_GEOMETRIC_PRESENTATION_REPRESENTATION (  '', ( #1383 ), #114 ) ;
#79 = CARTESIAN_POINT ( 'NONE',  ( 0.0000000000000000000, 0.0000000000000000000, 0.0000000000000000000 ) ) ;
#80 = CARTESIAN_POINT ( 'NONE',  ( -4.282198500527644400, 6.080749999999997400, 3.837352733601484100 ) ) ;
#81 = CARTESIAN_POINT ( 'NONE',  ( 3.337746768091752500, 6.495000000000000100, 1.053028994543904200 ) ) ;
#82 = ORIENTED_EDGE ( 'NONE', *, *, #993, .F. ) ;
#83 = CARTESIAN_POINT ( 'NONE',  ( 7.041719095097279900E-016, 6.080749999999999200, 5.750000000000000000 ) ) ;
#84 = DIRECTION ( 'NONE',  ( -1.000000000000000000, 0.0000000000000000000, 1.448785531673512200E-016 ) ) ;
#85 = CARTESIAN_POINT ( 'NONE',  ( -4.344182283275985800, 6.495000000000000100, -0.1033573956103139300 ) ) ;
#86 = ORIENTED_EDGE ( 'NONE', *, *, #2388, .F. ) ;
#87 = VERTEX_POINT ( 'NONE', #609 ) ;
#88 = EDGE_CURVE ( 'NONE', #1889, #245, #598, .T. ) ;
#89 = PLANE ( 'NONE',  #1086 ) ;
#90 = VERTEX_POINT ( 'NONE', #2765 ) ;
#91 = LINE ( 'NONE', #1280, #1604 ) ;
#92 = CARTESIAN_POINT ( 'NONE',  ( -4.282198500527644400, 0.4192500000000003400, 3.837352733601484500 ) ) ;
#93 = ORIENTED_EDGE ( 'NONE', *, *, #1185, .T. ) ;
#94 = VECTOR ( 'NONE', #1262, 1000.000000000000000 ) ;
#95 = VECTOR ( 'NONE', #296, 999.9999999999998900 ) ;
#96 = ORIENTED_EDGE ( 'NONE', *, *, #2019, .T. ) ;
#97 = ORIENTED_EDGE ( 'NONE', *, *, #466, .F. ) ;
#98 = DIRECTION ( 'NONE',  ( -1.000000000000000000, 0.0000000000000000000, -0.0000000000000000000 ) ) ;
#99 = LINE ( 'NONE', #1092, #1446 ) ;
#100 = CARTESIAN_POINT ( 'NONE',  ( 0.0000000000000000000, 6.080749999999999200, 0.0000000000000000000 ) ) ;
#101 = VECTOR ( 'NONE', #1023, 1000.000000000000000 ) ;
#102 = SURFACE_STYLE_USAGE ( .BOTH. , #2451 ) ;
#103 = FILL_AREA_STYLE_COLOUR ( '', #2080 ) ;
#104 = CARTESIAN_POINT ( 'NONE',  ( 3.912071732558238600, 6.495000000000000100, 1.053028994543904000 ) ) ;
#105 = CIRCLE ( 'NONE', #2139, 5.759999999999999800 ) ;
#106 = DIRECTION ( 'NONE',  ( -0.0000000000000000000, -1.000000000000000000, -0.0000000000000000000 ) ) ;
#107 = CARTESIAN_POINT ( 'NONE',  ( -1.273190244891335900, 6.495000000000000100, 1.053028994543905300 ) ) ;
#108 = VECTOR ( 'NONE', #1694, 1000.000000000000000 ) ;
#109 = SURFACE_SIDE_STYLE ('',( #2389 ) ) ;
#110 = EDGE_CURVE ( 'NONE', #1226, #420, #563, .T. ) ;
#111 = CARTESIAN_POINT ( 'NONE',  ( 3.805490025235814100, 6.495000000000000100, -0.5738409048522489200 ) ) ;
#112 = DIRECTION ( 'NONE',  ( 0.0000000000000000000, 0.0000000000000000000, 1.000000000000000000 ) ) ;
#113 = DIRECTION ( 'NONE',  ( 0.6995643972269883800, 0.0000000000000000000, 0.7145695586382339000 ) ) ;
#114 =( GEOMETRIC_REPRESENTATION_CONTEXT ( 3 ) GLOBAL_UNCERTAINTY_ASSIGNED_CONTEXT ( ( #1224 ) ) GLOBAL_UNIT_ASSIGNED_CONTEXT ( ( #2229, #1140, #2210 ) ) REPRESENTATION_CONTEXT ( 'NONE', 'WORKASPACE' ) );
#115 = DIRECTION ( 'NONE',  ( 0.4668459304955212000, 0.0000000000000000000, -0.8843386665637610300 ) ) ;
#116 = DIRECTION ( 'NONE',  ( -0.7447301740048077900, -1.885568995626964300E-017, 0.6673656928002582600 ) ) ;
#117 = ORIENTED_EDGE ( 'NONE', *, *, #630, .T. ) ;
#118 = EDGE_CURVE ( 'NONE', #2513, #1801, #1235, .T. ) ;
#119 = ADVANCED_FACE ( 'NONE', ( #222 ), #2573, .T. ) ;
#120 = ORIENTED_EDGE ( 'NONE', *, *, #2134, .F. ) ;
#121 = FILL_AREA_STYLE_COLOUR ( '', #1498 ) ;
#122 = CARTESIAN_POINT ( 'NONE',  ( -1.284868498917413500, 6.495000000000000100, 0.6694550024109757700 ) ) ;
#123 = VECTOR ( 'NONE', #2323, 1000.000000000000000 ) ;
#124 = CARTESIAN_POINT ( 'NONE',  ( -3.765038890539953000, 6.495000000000000100, -0.04168639734653927600 ) ) ;
#125 = EDGE_CURVE ( 'NONE', #216, #313, #1741, .T. ) ;
#126 = VECTOR ( 'NONE', #949, 1000.000000000000000 ) ;
#127 = DIRECTION ( 'NONE',  ( 0.2763139702539116900, 0.0000000000000000000, -0.9610674221107072800 ) ) ;
#128 = EDGE_LOOP ( 'NONE', ( #2523, #768, #1562, #792 ) ) ;
#129 = LINE ( 'NONE', #2664, #2198 ) ;
#130 = CARTESIAN_POINT ( 'NONE',  ( -2.722509150686002400, 6.500000000000000000, 5.075977139864892100 ) ) ;
#131 = EDGE_LOOP ( 'NONE', ( #2748, #919, #1127, #1298 ) ) ;
#132 = LINE ( 'NONE', #404, #101 ) ;
#133 = DIRECTION ( 'NONE',  ( -0.7447301740048077900, -3.016910393003142900E-016, 0.6673656928002582600 ) ) ;
#134 = VECTOR ( 'NONE', #1478, 1000.000000000000000 ) ;
#135 =( NAMED_UNIT ( * ) PLANE_ANGLE_UNIT ( ) SI_UNIT ( $, .RADIAN. ) );
#136 = AXIS2_PLACEMENT_3D ( 'NONE', #2458, #520, #2660 ) ;
#137 = ADVANCED_FACE ( 'NONE', ( #2561 ), #434, .T. ) ;
#138 = EDGE_CURVE ( 'NONE', #189, #2098, #1312, .T. ) ;
#139 = PRODUCT_DEFINITION_SHAPE ( 'NONE', 'NONE',  #217 ) ;
#140 = FACE_OUTER_BOUND ( 'NONE', #492, .T. ) ;
#141 = DIRECTION ( 'NONE',  ( 0.2746918797667231600, 0.0000000000000000000, -0.9615323037684299100 ) ) ;
#142 = CARTESIAN_POINT ( 'NONE',  ( 2.268643844463263300, 6.495000000000000100, -0.5792907574821812800 ) ) ;
#143 = EDGE_CURVE ( 'NONE', #720, #450, #1840, .T. ) ;
#144 = CARTESIAN_POINT ( 'NONE',  ( 4.379680122707077800, 6.500000000000000000, -0.5738409048472185000 ) ) ;
#145 = FILL_AREA_STYLE ('',( #376 ) ) ;
#146 = SURFACE_STYLE_USAGE ( .BOTH. , #1433 ) ;
#147 = MECHANICAL_DESIGN_GEOMETRIC_PRESENTATION_REPRESENTATION (  '', ( #1608 ), #2209 ) ;
#148 = ADVANCED_FACE ( 'NONE', ( #667 ), #1517, .F. ) ;
#149 = FACE_OUTER_BOUND ( 'NONE', #1931, .T. ) ;
#150 = DIRECTION ( 'NONE',  ( 0.2732148821745903900, 0.0000000000000000000, -0.9619530280415592400 ) ) ;
#151 = DIRECTION ( 'NONE',  ( 0.9999960426590096500, 0.0000000000000000000, 0.002813301676022722900 ) ) ;
#152 = CARTESIAN_POINT ( 'NONE',  ( -2.389999999999998800, -3.000000000000000000, 0.6499999999999986900 ) ) ;
#153 = EDGE_LOOP ( 'NONE', ( #1713, #478, #627, #2170 ) ) ;
#154 = VECTOR ( 'NONE', #749, 1000.000000000000000 ) ;
#155 = FILL_AREA_STYLE ('',( #1018 ) ) ;
#156 = ORIENTED_EDGE ( 'NONE', *, *, #2666, .F. ) ;
#157 = ORIENTED_EDGE ( 'NONE', *, *, #1744, .T. ) ;
#158 = VECTOR ( 'NONE', #482, 1000.000000000000000 ) ;
#159 = VERTEX_POINT ( 'NONE', #2603 ) ;
#160 = ORIENTED_EDGE ( 'NONE', *, *, #2319, .F. ) ;
#161 = LINE ( 'NONE', #813, #659 ) ;
#162 = CARTESIAN_POINT ( 'NONE',  ( 0.9844525863630282400, 6.500000000000000000, 1.053028994543904600 ) ) ;
#163 = FACE_OUTER_BOUND ( 'NONE', #2185, .T. ) ;
#164 = CARTESIAN_POINT ( 'NONE',  ( -1.016703871901081000, 6.495000000000000100, -0.9631222229663523000 ) ) ;
#165 = EDGE_CURVE ( 'NONE', #1503, #901, #99, .T. ) ;
#166 = EDGE_LOOP ( 'NONE', ( #2368, #1007, #1238, #2140 ) ) ;
#167 = ORIENTED_EDGE ( 'NONE', *, *, #1986, .F. ) ;
#168 = FACE_OUTER_BOUND ( 'NONE', #2060, .T. ) ;
#169 = AXIS2_PLACEMENT_3D ( 'NONE', #2628, #488, #1752 ) ;
#170 = FILL_AREA_STYLE_COLOUR ( '', #755 ) ;
#171 = CARTESIAN_POINT ( 'NONE',  ( 0.03793149982259607500, 6.495000000000000100, 1.053028994543905100 ) ) ;
#172 = VECTOR ( 'NONE', #2478, 1000.000000000000000 ) ;
#173 =( NAMED_UNIT ( * ) SI_UNIT ( $, .STERADIAN. ) SOLID_ANGLE_UNIT ( ) );
#174 = VECTOR ( 'NONE', #1789, 1000.000000000000000 ) ;
#175 = ADVANCED_FACE ( 'NONE', ( #835 ), #233, .F. ) ;
#176 = EDGE_CURVE ( 'NONE', #1829, #995, #465, .T. ) ;
#177 = CARTESIAN_POINT ( 'NONE',  ( 2.918285894870225900, 6.500000000000000000, 0.1683628157980139000 ) ) ;
#178 = CARTESIAN_POINT ( 'NONE',  ( -2.717782572299396000, 0.4192500000000003400, 5.067164679552627500 ) ) ;
#179 = AXIS2_PLACEMENT_3D ( 'NONE', #1591, #957, #706 ) ;
#180 = VERTEX_POINT ( 'NONE', #2607 ) ;
#181 = ORIENTED_EDGE ( 'NONE', *, *, #1642, .F. ) ;
#182 = DIRECTION ( 'NONE',  ( -0.9610348236706635100, 0.0000000000000000000, -0.2764273280489769100 ) ) ;
#183 = VECTOR ( 'NONE', #2192, 1000.000000000000000 ) ;
#184 = DIRECTION ( 'NONE',  ( 1.000000000000000000, 0.0000000000000000000, -4.232393926185562400E-016 ) ) ;
#185 = EDGE_LOOP ( 'NONE', ( #1003, #923, #452, #2294, #1707, #2650, #996, #464, #1828, #2686, #1445, #2638, #1643, #860, #922, #2062, #754 ) ) ;
#186 = ADVANCED_FACE ( 'NONE', ( #872, #535, #252 ), #423, .F. ) ;
#187 = DIRECTION ( 'NONE',  ( -0.0000000000000000000, -1.000000000000000000, -0.0000000000000000000 ) ) ;
#188 = EDGE_LOOP ( 'NONE', ( #1597, #1465, #1987, #2169 ) ) ;
#189 = VERTEX_POINT ( 'NONE', #1080 ) ;
#190 = ORIENTED_EDGE ( 'NONE', *, *, #138, .F. ) ;
#191 = SURFACE_SIDE_STYLE ('',( #2787 ) ) ;
#192 = EDGE_CURVE ( 'NONE', #1464, #1606, #428, .T. ) ;
#193 = VECTOR ( 'NONE', #230, 1000.000000000000100 ) ;
#194 = DIRECTION ( 'NONE',  ( -0.0000000000000000000, 1.000000000000000000, -0.0000000000000000000 ) ) ;
#195 = VECTOR ( 'NONE', #329, 1000.000000000000100 ) ;
#196 = MECHANICAL_DESIGN_GEOMETRIC_PRESENTATION_REPRESENTATION (  '', ( #277 ), #1585 ) ;
#197 =( LENGTH_UNIT ( ) NAMED_UNIT ( * ) SI_UNIT ( .MILLI., .METRE. ) );
#198 = SURFACE_SIDE_STYLE ('',( #2235 ) ) ;
#199 = VECTOR ( 'NONE', #1025, 1000.000000000000200 ) ;
#200 = PLANE ( 'NONE',  #1728 ) ;
#201 = ADVANCED_FACE ( 'NONE', ( #1075 ), #476, .F. ) ;
#202 = FACE_OUTER_BOUND ( 'NONE', #2141, .T. ) ;
#203 = CARTESIAN_POINT ( 'NONE',  ( -2.044280021955986900, 6.495000000000000100, -0.5793581909814401500 ) ) ;
#204 =( GEOMETRIC_REPRESENTATION_CONTEXT ( 3 ) GLOBAL_UNCERTAINTY_ASSIGNED_CONTEXT ( ( #1652 ) ) GLOBAL_UNIT_ASSIGNED_CONTEXT ( ( #2697, #2474, #2254 ) ) REPRESENTATION_CONTEXT ( 'NONE', 'WORKASPACE' ) );
#205 = SURFACE_STYLE_USAGE ( .BOTH. , #422 ) ;
#206 = EDGE_CURVE ( 'NONE', #1999, #685, #2236, .T. ) ;
#207 = EDGE_CURVE ( 'NONE', #685, #1468, #29, .T. ) ;
#208 = CARTESIAN_POINT ( 'NONE',  ( -2.389999999999998800, 0.0000000000000000000, -0.6500000000000012400 ) ) ;
#209 = ORIENTED_EDGE ( 'NONE', *, *, #1673, .F. ) ;
#210 = DIRECTION ( 'NONE',  ( 0.8812460312265438800, -0.0000000000000000000, 0.4726578386607646100 ) ) ;
#211 = DIRECTION ( 'NONE',  ( -0.9611542233438690200, 0.0000000000000000000, -0.2760118818968561000 ) ) ;
#212 = AXIS2_PLACEMENT_3D ( 'NONE', #1805, #2469, #1409 ) ;
#213 = ORIENTED_EDGE ( 'NONE', *, *, #52, .T. ) ;
#214 = VECTOR ( 'NONE', #328, 1000.000000000000200 ) ;
#215 = ORIENTED_EDGE ( 'NONE', *, *, #48, .T. ) ;
#216 = VERTEX_POINT ( 'NONE', #498 ) ;
#217 = PRODUCT_DEFINITION ( 'UNKNOWN', '', #1088, #1258 ) ;
#218 = VERTEX_POINT ( 'NONE', #1542 ) ;
#219 = CARTESIAN_POINT ( 'NONE',  ( 1.564110927417840000, 6.495000000000000100, -0.9631222229663527500 ) ) ;
#220 = EDGE_CURVE ( 'NONE', #1365, #285, #1571, .T. ) ;
#221 = VERTEX_POINT ( 'NONE', #1975 ) ;
#222 = FACE_OUTER_BOUND ( 'NONE', #2677, .T. ) ;
#223 = CIRCLE ( 'NONE', #956, 0.4192500000000003400 ) ;
#224 = DIRECTION ( 'NONE',  ( 1.000000000000000000, 0.0000000000000000000, -2.506541263247940100E-016 ) ) ;
#225 = SURFACE_SIDE_STYLE ('',( #2412 ) ) ;
#226 = EDGE_LOOP ( 'NONE', ( #1893, #962, #2516, #1610 ) ) ;
#227 = ORIENTED_EDGE ( 'NONE', *, *, #2704, .T. ) ;
#228 = EDGE_CURVE ( 'NONE', #2120, #1303, #1307, .T. ) ;
#229 = VECTOR ( 'NONE', #710, 1000.000000000000000 ) ;
#230 = DIRECTION ( 'NONE',  ( 0.2755265765475025100, -0.0000000000000000000, -0.9612934544747577800 ) ) ;
#231 = AXIS2_PLACEMENT_3D ( 'NONE', #2359, #645, #1291 ) ;
#232 = DIRECTION ( 'NONE',  ( -0.0000000000000000000, 1.000000000000000000, -0.0000000000000000000 ) ) ;
#233 = PLANE ( 'NONE',  #1394 ) ;
#234 = STYLED_ITEM ( 'NONE', ( #2648 ), #2039 ) ;
#235 = DIRECTION ( 'NONE',  ( 0.7145695586382339000, -0.0000000000000000000, -0.6995643972269883800 ) ) ;
#236 = DIRECTION ( 'NONE',  ( 0.0000000000000000000, 0.0000000000000000000, 1.000000000000000000 ) ) ;
#237 = VERTEX_POINT ( 'NONE', #679 ) ;
#238 = EDGE_CURVE ( 'NONE', #2057, #353, #2587, .T. ) ;
#239 = CARTESIAN_POINT ( 'NONE',  ( -2.689999999999998600, -3.000000000000000000, 0.6499999999999988000 ) ) ;
#240 = LINE ( 'NONE', #2758, #819 ) ;
#241 = ORIENTED_EDGE ( 'NONE', *, *, #1623, .T. ) ;
#242 = CARTESIAN_POINT ( 'NONE',  ( -4.097731242331414100, 6.500000000000000000, -0.9631222229663523000 ) ) ;
#243 = AXIS2_PLACEMENT_3D ( 'NONE', #1084, #2400, #448 ) ;
#244 = ORIENTED_EDGE ( 'NONE', *, *, #1221, .F. ) ;
#245 = VERTEX_POINT ( 'NONE', #917 ) ;
#246 = LINE ( 'NONE', #2354, #1705 ) ;
#247 = ORIENTED_EDGE ( 'NONE', *, *, #571, .T. ) ;
#248 = STYLED_ITEM ( 'NONE', ( #2542 ), #1442 ) ;
#249 = LINE ( 'NONE', #1118, #2521 ) ;
#250 = ORIENTED_EDGE ( 'NONE', *, *, #1848, .T. ) ;
#251 = ORIENTED_EDGE ( 'NONE', *, *, #1881, .T. ) ;
#252 = FACE_BOUND ( 'NONE', #556, .T. ) ;
#253 = LINE ( 'NONE', #773, #1683 ) ;
#254 = CARTESIAN_POINT ( 'NONE',  ( -2.717782572299396000, 6.080749999999999200, 5.067164679552626600 ) ) ;
#255 = VECTOR ( 'NONE', #76, 1000.000000000000000 ) ;
#256 = EDGE_CURVE ( 'NONE', #2639, #1762, #692, .T. ) ;
#257 = VECTOR ( 'NONE', #1654, 1000.000000000000000 ) ;
#258 = CARTESIAN_POINT ( 'NONE',  ( 2.159524185522648100, 6.495000000000000100, -0.2042869498019199100 ) ) ;
#259 = VECTOR ( 'NONE', #1968, 1000.000000000000000 ) ;
#260 = AXIS2_PLACEMENT_3D ( 'NONE', #1339, #1761, #1559 ) ;
#261 = PLANE ( 'NONE',  #2588 ) ;
#262 = CARTESIAN_POINT ( 'NONE',  ( 0.04300255174971300700, 6.495000000000000100, -0.9631222229663527500 ) ) ;
#263 = CARTESIAN_POINT ( 'NONE',  ( 1.910155113253702200, 6.495000000000000100, 0.6693814386009966400 ) ) ;
#264 = AXIS2_PLACEMENT_3D ( 'NONE', #808, #1241, #1900 ) ;
#265 = CARTESIAN_POINT ( 'NONE',  ( 2.390000000000000100, -2.700000000000000200, 0.6499999999999955800 ) ) ;
#266 = PLANE ( 'NONE',  #260 ) ;
#267 = EDGE_CURVE ( 'NONE', #159, #218, #459, .T. ) ;
#268 = CARTESIAN_POINT ( 'NONE',  ( 2.750351965824065400, 6.500000000000000000, 1.053028994543904400 ) ) ;
#269 = CARTESIAN_POINT ( 'NONE',  ( 6.785002509826017300E-016, 0.0000000000000000000, -5.330749999999999200 ) ) ;
#270 = EDGE_LOOP ( 'NONE', ( #1278, #2576, #1958, #247 ) ) ;
#271 = EDGE_CURVE ( 'NONE', #900, #1838, #361, .T. ) ;
#272 = DIRECTION ( 'NONE',  ( -0.2762033010252001900, -0.0000000000000000000, 0.9610992334315862100 ) ) ;
#273 = DIRECTION ( 'NONE',  ( 0.0000000000000000000, -1.000000000000000000, -0.0000000000000000000 ) ) ;
#274 = EDGE_LOOP ( 'NONE', ( #1699, #365, #419, #463 ) ) ;
#275 = FACE_OUTER_BOUND ( 'NONE', #427, .T. ) ;
#276 = ORIENTED_EDGE ( 'NONE', *, *, #1095, .F. ) ;
#277 = STYLED_ITEM ( 'NONE', ( #2241 ), #186 ) ;
#278 = EDGE_LOOP ( 'NONE', ( #680, #2280, #1155, #2410 ) ) ;
#279 = FACE_OUTER_BOUND ( 'NONE', #2511, .T. ) ;
#280 = VERTEX_POINT ( 'NONE', #59 ) ;
#281 = DIRECTION ( 'NONE',  ( 0.9601763114346036900, 0.0000000000000000000, 0.2793947940814914300 ) ) ;
#282 = SURFACE_SIDE_STYLE ('',( #1844 ) ) ;
#283 = CARTESIAN_POINT ( 'NONE',  ( 1.227090569557494300, 6.500000000000000000, 1.053028994543904900 ) ) ;
#284 = AXIS2_PLACEMENT_3D ( 'NONE', #1973, #1949, #1110 ) ;
#285 = VERTEX_POINT ( 'NONE', #77 ) ;
#286 = VERTEX_POINT ( 'NONE', #2401 ) ;
#287 = VECTOR ( 'NONE', #1580, 1000.000000000000000 ) ;
#288 = DIRECTION ( 'NONE',  ( 0.9611638845408955200, 0.0000000000000000000, 0.2759782365590741100 ) ) ;
#289 = SURFACE_STYLE_FILL_AREA ( #1114 ) ;
#290 = CARTESIAN_POINT ( 'NONE',  ( 0.0000000000000000000, 6.080749999999999200, 0.0000000000000000000 ) ) ;
#291 = ORIENTED_EDGE ( 'NONE', *, *, #2637, .F. ) ;
#292 = ORIENTED_EDGE ( 'NONE', *, *, #1637, .F. ) ;
#293 = VECTOR ( 'NONE', #224, 1000.000000000000000 ) ;
#294 = CARTESIAN_POINT ( 'NONE',  ( -1.125700924485933100, 6.495000000000000100, -0.5793581909814401500 ) ) ;
#295 = LINE ( 'NONE', #2714, #1243 ) ;
#296 = DIRECTION ( 'NONE',  ( 0.2793947940878295200, 0.0000000000000000000, -0.9601763114327595000 ) ) ;
#297 =( LENGTH_UNIT ( ) NAMED_UNIT ( * ) SI_UNIT ( .MILLI., .METRE. ) );
#298 = ADVANCED_FACE ( 'NONE', ( #2345 ), #1353, .F. ) ;
#299 = DIRECTION ( 'NONE',  ( -0.0000000000000000000, 1.000000000000000000, -0.0000000000000000000 ) ) ;
#300 = EDGE_CURVE ( 'NONE', #450, #1966, #129, .T. ) ;
#301 = LINE ( 'NONE', #823, #2110 ) ;
#302 = CARTESIAN_POINT ( 'NONE',  ( -2.402511279821104600, 6.500000000000000000, 0.6694550024109757700 ) ) ;
#303 =( GEOMETRIC_REPRESENTATION_CONTEXT ( 3 ) GLOBAL_UNCERTAINTY_ASSIGNED_CONTEXT ( ( #1746 ) ) GLOBAL_UNIT_ASSIGNED_CONTEXT ( ( #2253, #545, #1186 ) ) REPRESENTATION_CONTEXT ( 'NONE', 'WORKASPACE' ) );
#304 = CARTESIAN_POINT ( 'NONE',  ( 2.390000000000000600, 0.0000000000000000000, -0.6500000000000042400 ) ) ;
#305 = AXIS2_PLACEMENT_3D ( 'NONE', #605, #379, #1218 ) ;
#306 = PLANE ( 'NONE',  #615 ) ;
#307 = SURFACE_STYLE_USAGE ( .BOTH. , #968 ) ;
#308 = VERTEX_POINT ( 'NONE', #269 ) ;
#309 = FACE_OUTER_BOUND ( 'NONE', #2777, .T. ) ;
#310 = CARTESIAN_POINT ( 'NONE',  ( 0.0000000000000000000, 6.080749999999999200, 0.0000000000000000000 ) ) ;
#311 = DIRECTION ( 'NONE',  ( 1.000000000000000000, 0.0000000000000000000, 1.096870650732911100E-013 ) ) ;
#312 = SURFACE_SIDE_STYLE ('',( #1010 ) ) ;
#313 = VERTEX_POINT ( 'NONE', #2195 ) ;
#314 = EDGE_LOOP ( 'NONE', ( #1891, #2073, #1403, #833 ) ) ;
#315 = EDGE_CURVE ( 'NONE', #2433, #2020, #1607, .T. ) ;
#316 = LINE ( 'NONE', #294, #454 ) ;
#317 = CARTESIAN_POINT ( 'NONE',  ( -3.086335984546776600, 6.500000000000000000, 1.053028994543905700 ) ) ;
#318 = EDGE_LOOP ( 'NONE', ( #2609, #890, #2100, #1065 ) ) ;
#319 = EDGE_LOOP ( 'NONE', ( #2411, #209, #1764, #1128 ) ) ;
#320 = VECTOR ( 'NONE', #1731, 1000.000000000000100 ) ;
#321 = AXIS2_PLACEMENT_3D ( 'NONE', #1544, #273, #1985 ) ;
#322 =( NAMED_UNIT ( * ) PLANE_ANGLE_UNIT ( ) SI_UNIT ( $, .RADIAN. ) );
#323 = ORIENTED_EDGE ( 'NONE', *, *, #1246, .F. ) ;
#324 = LINE ( 'NONE', #2283, #2355 ) ;
#325 = VECTOR ( 'NONE', #1171, 1000.000000000000000 ) ;
#326 = VERTEX_POINT ( 'NONE', #1751 ) ;
#327 = ORIENTED_EDGE ( 'NONE', *, *, #738, .F. ) ;
#328 = DIRECTION ( 'NONE',  ( 0.2759782365590740500, 0.0000000000000000000, -0.9611638845408954100 ) ) ;
#329 = DIRECTION ( 'NONE',  ( 0.9999999968487352000, 0.0000000000000000000, 7.938847109754407800E-005 ) ) ;
#330 = DIRECTION ( 'NONE',  ( -0.0000000000000000000, 0.0000000000000000000, 1.000000000000000000 ) ) ;
#331 = AXIS2_PLACEMENT_3D ( 'NONE', #2737, #787, #2288 ) ;
#332 = VECTOR ( 'NONE', #1861, 1000.000000000000000 ) ;
#333 = FACE_OUTER_BOUND ( 'NONE', #2520, .T. ) ;
#334 = SURFACE_STYLE_USAGE ( .BOTH. , #762 ) ;
#335 = EDGE_CURVE ( 'NONE', #308, #995, #223, .T. ) ;
#336 = DIRECTION ( 'NONE',  ( 0.4668459304955212000, 0.0000000000000000000, -0.8843386665637610300 ) ) ;
#337 = DIRECTION ( 'NONE',  ( 1.000000000000000000, 0.0000000000000000000, 0.0000000000000000000 ) ) ;
#338 = VECTOR ( 'NONE', #2055, 1000.000000000000000 ) ;
#339 = MECHANICAL_DESIGN_GEOMETRIC_PRESENTATION_REPRESENTATION (  '', ( #1019 ), #865 ) ;
#340 = AXIS2_PLACEMENT_3D ( 'NONE', #1507, #2572, #1060 ) ;
#341 = ADVANCED_FACE ( 'NONE', ( #2450 ), #1147, .F. ) ;
#342 = CARTESIAN_POINT ( 'NONE',  ( 1.807006385584198200, 6.495000000000000100, -0.9631222229663527500 ) ) ;
#343 = PLANE ( 'NONE',  #2729 ) ;
#344 = COLOUR_RGB ( '',0.7921568627450980000, 0.8196078431372548800, 0.9333333333333333500 ) ;
#345 = DIRECTION ( 'NONE',  ( 4.034331580539990700E-016, 0.0000000000000000000, 1.000000000000000000 ) ) ;
#346 = ORIENTED_EDGE ( 'NONE', *, *, #1655, .T. ) ;
#347 = VERTEX_POINT ( 'NONE', #472 ) ;
#348 = DIRECTION ( 'NONE',  ( 0.0000000000000000000, 0.0000000000000000000, 1.000000000000000000 ) ) ;
#349 = ORIENTED_EDGE ( 'NONE', *, *, #228, .T. ) ;
#350 = EDGE_CURVE ( 'NONE', #2433, #1807, #1204, .T. ) ;
#351 = COLOUR_RGB ( '',0.0000000000000000000, 0.4862745098039215600, 0.8392156862745098200 ) ;
#352 = ORIENTED_EDGE ( 'NONE', *, *, #713, .F. ) ;
#353 = VERTEX_POINT ( 'NONE', #745 ) ;
#354 = DIRECTION ( 'NONE',  ( 1.000000000000000000, 0.0000000000000000000, -4.034331580539989700E-016 ) ) ;
#355 = VECTOR ( 'NONE', #2459, 1000.000000000000000 ) ;
#356 = CARTESIAN_POINT ( 'NONE',  ( -0.3989456066037058200, 6.495000000000000100, -0.7418974402618798700 ) ) ;
#357 = ORIENTED_EDGE ( 'NONE', *, *, #2255, .T. ) ;
#358 = EDGE_CURVE ( 'NONE', #1030, #1327, #2651, .T. ) ;
#359 = ORIENTED_EDGE ( 'NONE', *, *, #256, .F. ) ;
#360 = ORIENTED_EDGE ( 'NONE', *, *, #2097, .F. ) ;
#361 = LINE ( 'NONE', #1771, #287 ) ;
#362 = VECTOR ( 'NONE', #418, 1000.000000000000100 ) ;
#363 = AXIS2_PLACEMENT_3D ( 'NONE', #1038, #1430, #1220 ) ;
#364 = ORIENTED_EDGE ( 'NONE', *, *, #2544, .T. ) ;
#365 = ORIENTED_EDGE ( 'NONE', *, *, #512, .F. ) ;
#366 = CARTESIAN_POINT ( 'NONE',  ( 6.528285924554752700E-016, 6.080749999999999200, -5.330749999999999200 ) ) ;
#367 = MECHANICAL_DESIGN_GEOMETRIC_PRESENTATION_REPRESENTATION (  '', ( #2385 ), #204 ) ;
#368 = LINE ( 'NONE', #1850, #1345 ) ;
#369 = FILL_AREA_STYLE_COLOUR ( '', #578 ) ;
#370 = EDGE_CURVE ( 'NONE', #1435, #1928, #1766, .T. ) ;
#371 = FACE_OUTER_BOUND ( 'NONE', #894, .T. ) ;
#372 = ADVANCED_FACE ( 'NONE', ( #63 ), #2685, .F. ) ;
#373 = CARTESIAN_POINT ( 'NONE',  ( -3.311272758248907000, 6.495000000000000100, 1.053028994543904900 ) ) ;
#374 = EDGE_CURVE ( 'NONE', #1200, #397, #1536, .T. ) ;
#375 = CARTESIAN_POINT ( 'NONE',  ( -4.677904531710408900, 6.495000000000000100, 1.053028994543905300 ) ) ;
#376 = FILL_AREA_STYLE_COLOUR ( '', #1977 ) ;
#377 = CARTESIAN_POINT ( 'NONE',  ( -1.288044003593056700, 6.495000000000000100, -0.2043543833022431500 ) ) ;
#378 = AXIS2_PLACEMENT_3D ( 'NONE', #711, #2642, #2216 ) ;
#379 = DIRECTION ( 'NONE',  ( -0.0000000000000000000, 0.0000000000000000000, 1.000000000000000000 ) ) ;
#380 = DIRECTION ( 'NONE',  ( 0.0000000000000000000, 0.0000000000000000000, 1.000000000000000000 ) ) ;
#381 = ORIENTED_EDGE ( 'NONE', *, *, #1047, .F. ) ;
#382 = ADVANCED_FACE ( 'NONE', ( #633 ), #734, .F. ) ;
#383 = SURFACE_SIDE_STYLE ('',( #2766 ) ) ;
#384 = ORIENTED_EDGE ( 'NONE', *, *, #1970, .T. ) ;
#385 = CARTESIAN_POINT ( 'NONE',  ( 0.9900434363040663300, 6.500000000000000000, -0.7505411885221796600 ) ) ;
#386 = VERTEX_POINT ( 'NONE', #2028 ) ;
#387 = LINE ( 'NONE', #700, #2680 ) ;
#388 = EDGE_LOOP ( 'NONE', ( #1401, #2339, #1338, #2551 ) ) ;
#389 = LINE ( 'NONE', #16, #2027 ) ;
#390 = ORIENTED_EDGE ( 'NONE', *, *, #807, .F. ) ;
#391 = PLANE ( 'NONE',  #305 ) ;
#392 = CARTESIAN_POINT ( 'NONE',  ( -5.251205731465742800, 6.495000000000000100, 1.053028994543842500 ) ) ;
#393 = VECTOR ( 'NONE', #1887, 1000.000000000000000 ) ;
#394 = DIRECTION ( 'NONE',  ( 4.232393926185562400E-016, 0.0000000000000000000, 1.000000000000000000 ) ) ;
#395 = EDGE_CURVE ( 'NONE', #2556, #2783, #662, .T. ) ;
#396 = EDGE_LOOP ( 'NONE', ( #485, #1647, #1300, #327 ) ) ;
#397 = VERTEX_POINT ( 'NONE', #549 ) ;
#398 = FILL_AREA_STYLE ('',( #2794 ) ) ;
#399 = DIRECTION ( 'NONE',  ( -1.000000000000000000, 0.0000000000000000000, 0.0000000000000000000 ) ) ;
#400 = LINE ( 'NONE', #2316, #332 ) ;
#401 =( GEOMETRIC_REPRESENTATION_CONTEXT ( 3 ) GLOBAL_UNCERTAINTY_ASSIGNED_CONTEXT ( ( #1646 ) ) GLOBAL_UNIT_ASSIGNED_CONTEXT ( ( #1321, #2152, #1091 ) ) REPRESENTATION_CONTEXT ( 'NONE', 'WORKASPACE' ) );
#402 = VECTOR ( 'NONE', #84, 1000.000000000000000 ) ;
#403 = ADVANCED_FACE ( 'NONE', ( #798 ), #2242, .T. ) ;
#404 = CARTESIAN_POINT ( 'NONE',  ( -2.153399680898977000, 6.495000000000000100, -0.2043543833022431500 ) ) ;
#405 = PRESENTATION_LAYER_ASSIGNMENT (  '', '', ( #248 ) ) ;
#406 = VECTOR ( 'NONE', #1629, 1000.000000000000100 ) ;
#407 = CARTESIAN_POINT ( 'NONE',  ( 3.337746768091752500, 6.495000000000000100, 1.053028994543904200 ) ) ;
#408 = FACE_OUTER_BOUND ( 'NONE', #1726, .T. ) ;
#409 = EDGE_CURVE ( 'NONE', #832, #1671, #2377, .T. ) ;
#410 = PLANE ( 'NONE',  #1354 ) ;
#411 = DIRECTION ( 'NONE',  ( -0.0000000000000000000, 1.000000000000000000, -0.0000000000000000000 ) ) ;
#412 = AXIS2_PLACEMENT_3D ( 'NONE', #799, #2747, #1024 ) ;
#413 = ORIENTED_EDGE ( 'NONE', *, *, #2427, .F. ) ;
#414 = LINE ( 'NONE', #1984, #681 ) ;
#415 = AXIS2_PLACEMENT_3D ( 'NONE', #3, #637, #2361 ) ;
#416 = ORIENTED_EDGE ( 'NONE', *, *, #1295, .F. ) ;
#417 = ORIENTED_EDGE ( 'NONE', *, *, #73, .T. ) ;
#418 = DIRECTION ( 'NONE',  ( -0.05596501978067570900, 0.0000000000000000000, 0.9984327301130249100 ) ) ;
#419 = ORIENTED_EDGE ( 'NONE', *, *, #1233, .F. ) ;
#420 = VERTEX_POINT ( 'NONE', #764 ) ;
#421 = LINE ( 'NONE', #1054, #1407 ) ;
#422 = SURFACE_SIDE_STYLE ('',( #2597 ) ) ;
#423 = PLANE ( 'NONE',  #231 ) ;
#424 = ORIENTED_EDGE ( 'NONE', *, *, #630, .F. ) ;
#425 = SURFACE_STYLE_FILL_AREA ( #2428 ) ;
#426 = ORIENTED_EDGE ( 'NONE', *, *, #2219, .T. ) ;
#427 = EDGE_LOOP ( 'NONE', ( #1564, #1078, #1237, #889 ) ) ;
#428 = LINE ( 'NONE', #2619, #1273 ) ;
#429 = ADVANCED_FACE ( 'NONE', ( #163 ), #1163, .F. ) ;
#430 = VECTOR ( 'NONE', #13, 1000.000000000000000 ) ;
#431 = CARTESIAN_POINT ( 'NONE',  ( 0.4721173966834419400, 6.495000000000000100, 1.053028994543904900 ) ) ;
#432 = ORIENTED_EDGE ( 'NONE', *, *, #4, .F. ) ;
#433 = ORIENTED_EDGE ( 'NONE', *, *, #2704, .F. ) ;
#434 = CYLINDRICAL_SURFACE ( 'NONE', #2565, 5.750000000000000000 ) ;
#435 = EDGE_CURVE ( 'NONE', #1990, #1121, #599, .T. ) ;
#436 = LINE ( 'NONE', #2394, #1543 ) ;
#437 = PLANE ( 'NONE',  #2514 ) ;
#438 = FILL_AREA_STYLE_COLOUR ( '', #2075 ) ;
#439 = PRESENTATION_STYLE_ASSIGNMENT (( #2340 ) ) ;
#440 = PRESENTATION_LAYER_ASSIGNMENT (  '', '', ( #2767 ) ) ;
#441 = COLOUR_RGB ( '',0.8980392156862745400, 0.9215686274509803400, 0.9294117647058823800 ) ;
#442 = CARTESIAN_POINT ( 'NONE',  ( -0.3989456066037058200, 6.500000000000000000, -0.7418974402618798700 ) ) ;
#443 = CARTESIAN_POINT ( 'NONE',  ( -3.924721411668132800, 6.495000000000000100, 1.053028994543904900 ) ) ;
#444 = SURFACE_STYLE_USAGE ( .BOTH. , #225 ) ;
#445 = CARTESIAN_POINT ( 'NONE',  ( 2.268643844463263300, 6.495000000000000100, -0.5792907574821812800 ) ) ;
#446 = EDGE_CURVE ( 'NONE', #2398, #2560, #1101, .T. ) ;
#447 =( LENGTH_UNIT ( ) NAMED_UNIT ( * ) SI_UNIT ( .MILLI., .METRE. ) );
#448 = DIRECTION ( 'NONE',  ( 0.0000000000000000000, 0.0000000000000000000, 1.000000000000000000 ) ) ;
#449 = MECHANICAL_DESIGN_GEOMETRIC_PRESENTATION_REPRESENTATION (  '', ( #2782 ), #2549 ) ;
#450 = VERTEX_POINT ( 'NONE', #2461 ) ;
#451 = FACE_OUTER_BOUND ( 'NONE', #1296, .T. ) ;
#452 = ORIENTED_EDGE ( 'NONE', *, *, #143, .T. ) ;
#453 = VERTEX_POINT ( 'NONE', #1596 ) ;
#454 = VECTOR ( 'NONE', #1777, 999.9999999999998900 ) ;
#455 = PRESENTATION_LAYER_ASSIGNMENT (  '', '', ( #1944 ) ) ;
#456 = ORIENTED_EDGE ( 'NONE', *, *, #2038, .F. ) ;
#457 = VECTOR ( 'NONE', #1252, 1000.000000000000100 ) ;
#458 = ORIENTED_EDGE ( 'NONE', *, *, #2775, .F. ) ;
#459 = LINE ( 'NONE', #242, #2307 ) ;
#460 = CARTESIAN_POINT ( 'NONE',  ( 1.227090569557494300, 6.495000000000000100, 1.053028994543904900 ) ) ;
#461 = VECTOR ( 'NONE', #740, 1000.000000000000100 ) ;
#462 = DIRECTION ( 'NONE',  ( -0.0000000000000000000, 1.000000000000000000, -0.0000000000000000000 ) ) ;
#463 = ORIENTED_EDGE ( 'NONE', *, *, #1391, .T. ) ;
#464 = ORIENTED_EDGE ( 'NONE', *, *, #954, .T. ) ;
#465 = CIRCLE ( 'NONE', #776, 5.750000000000000000 ) ;
#466 = EDGE_CURVE ( 'NONE', #2403, #1272, #2754, .T. ) ;
#467 = LINE ( 'NONE', #2468, #2413 ) ;
#468 =( NAMED_UNIT ( * ) SI_UNIT ( $, .STERADIAN. ) SOLID_ANGLE_UNIT ( ) );
#469 = LINE ( 'NONE', #1380, #2036 ) ;
#470 = CARTESIAN_POINT ( 'NONE',  ( 2.750351965824065400, 6.495000000000000100, 1.053028994543904400 ) ) ;
#471 = CIRCLE ( 'NONE', #2631, 5.330749999999999200 ) ;
#472 = CARTESIAN_POINT ( 'NONE',  ( 0.9900434363040663300, 6.495000000000000100, -0.7505411885221796600 ) ) ;
#473 = CARTESIAN_POINT ( 'NONE',  ( -2.402511279821104600, 6.500000000000000000, 0.6694550024109757700 ) ) ;
#474 = SURFACE_STYLE_USAGE ( .BOTH. , #2636 ) ;
#475 = DIRECTION ( 'NONE',  ( 3.775570415932256500E-016, 0.0000000000000000000, 1.000000000000000000 ) ) ;
#476 = PLANE ( 'NONE',  #1952 ) ;
#477 = EDGE_CURVE ( 'NONE', #1679, #927, #2030, .T. ) ;
#478 = ORIENTED_EDGE ( 'NONE', *, *, #2404, .T. ) ;
#479 = MECHANICAL_DESIGN_GEOMETRIC_PRESENTATION_REPRESENTATION (  '', ( #1299 ), #2113 ) ;
#480 = CARTESIAN_POINT ( 'NONE',  ( -5.229957626433702000, 6.500000000000002700, 1.053028994543844700 ) ) ;
#481 = ORIENTED_EDGE ( 'NONE', *, *, #1410, .T. ) ;
#482 = DIRECTION ( 'NONE',  ( -0.0000000000000000000, 1.000000000000000000, -0.0000000000000000000 ) ) ;
#483 = CARTESIAN_POINT ( 'NONE',  ( -2.389999999999998800, 0.0000000000000000000, 0.6499999999999986900 ) ) ;
#484 = STYLED_ITEM ( 'NONE', ( #1281 ), #1422 ) ;
#485 = ORIENTED_EDGE ( 'NONE', *, *, #220, .F. ) ;
#486 = VERTEX_POINT ( 'NONE', #527 ) ;
#487 = COLOUR_RGB ( '',0.2509803921568627400, 0.2509803921568627400, 0.2509803921568627400 ) ;
#488 = DIRECTION ( 'NONE',  ( -0.0000000000000000000, 0.0000000000000000000, -1.000000000000000000 ) ) ;
#489 = ORIENTED_EDGE ( 'NONE', *, *, #267, .T. ) ;
#490 = DIRECTION ( 'NONE',  ( -0.0000000000000000000, 1.000000000000000000, -0.0000000000000000000 ) ) ;
#491 = EDGE_LOOP ( 'NONE', ( #1556, #2331, #2402, #2584 ) ) ;
#492 = EDGE_LOOP ( 'NONE', ( #1539, #2003, #829, #357 ) ) ;
#493 = PRESENTATION_STYLE_ASSIGNMENT (( #992 ) ) ;
#494 = EDGE_CURVE ( 'NONE', #2090, #2158, #324, .T. ) ;
#495 = ORIENTED_EDGE ( 'NONE', *, *, #176, .F. ) ;
#496 = CARTESIAN_POINT ( 'NONE',  ( 0.0000000000000000000, 6.495000000000000100, 0.0000000000000000000 ) ) ;
#497 = VERTEX_POINT ( 'NONE', #164 ) ;
#498 = CARTESIAN_POINT ( 'NONE',  ( -1.394503104559656100, 6.495000000000000100, 0.1683628157939400200 ) ) ;
#499 = LINE ( 'NONE', #688, #905 ) ;
#500 = DIRECTION ( 'NONE',  ( 0.0000000000000000000, 0.0000000000000000000, 1.000000000000000000 ) ) ;
#501 = CARTESIAN_POINT ( 'NONE',  ( -2.823838918333584600, 6.495000000000000100, -0.9631222229663523000 ) ) ;
#502 = EDGE_CURVE ( 'NONE', #651, #486, #1180, .T. ) ;
#503 = LINE ( 'NONE', #1050, #2730 ) ;
#504 = PLANE ( 'NONE',  #136 ) ;
#505 = PRESENTATION_LAYER_ASSIGNMENT (  '', '', ( #850 ) ) ;
#506 = DIRECTION ( 'NONE',  ( -1.000000000000000000, -0.0000000000000000000, -3.614007241618343800E-016 ) ) ;
#507 = DIRECTION ( 'NONE',  ( -1.448785531673512400E-016, 0.0000000000000000000, -1.000000000000000000 ) ) ;
#508 = AXIS2_PLACEMENT_3D ( 'NONE', #310, #2266, #1839 ) ;
#509 = APPLICATION_CONTEXT ( 'automotive_design' ) ;
#510 = DIRECTION ( 'NONE',  ( 0.2755520632520542200, 0.0000000000000000000, -0.9612861490927329100 ) ) ;
#511 = DIRECTION ( 'NONE',  ( -0.0000000000000000000, 1.000000000000000000, -0.0000000000000000000 ) ) ;
#512 = EDGE_CURVE ( 'NONE', #1855, #1994, #777, .T. ) ;
#513 = ADVANCED_FACE ( 'NONE', ( #39 ), #2289, .F. ) ;
#514 = DIRECTION ( 'NONE',  ( -1.000000000000000000, 0.0000000000000000000, 0.0000000000000000000 ) ) ;
#515 = DIRECTION ( 'NONE',  ( 0.0000000000000000000, -1.000000000000000000, 0.0000000000000000000 ) ) ;
#516 = CARTESIAN_POINT ( 'NONE',  ( 2.159524185522648100, 6.495000000000000100, -0.2042869498019199100 ) ) ;
#517 = UNCERTAINTY_MEASURE_WITH_UNIT (LENGTH_MEASURE( 1.000000000000000100E-005 ), #2249, 'distance_accuracy_value', 'NONE');
#518 = EDGE_LOOP ( 'NONE', ( #1164, #2612, #2581, #2487 ) ) ;
#519 = PRESENTATION_LAYER_ASSIGNMENT (  '', '', ( #1299 ) ) ;
#520 = DIRECTION ( 'NONE',  ( -0.004650693823678137000, 0.0000000000000000000, 0.9999891854650021500 ) ) ;
#521 = ORIENTED_EDGE ( 'NONE', *, *, #611, .F. ) ;
#522 = VECTOR ( 'NONE', #2569, 1000.000000000000000 ) ;
#523 = ORIENTED_EDGE ( 'NONE', *, *, #882, .T. ) ;
#524 = CARTESIAN_POINT ( 'NONE',  ( -0.4995563842746180700, 6.495000000000000100, 1.053028994543905300 ) ) ;
#525 =( NAMED_UNIT ( * ) PLANE_ANGLE_UNIT ( ) SI_UNIT ( $, .RADIAN. ) );
#526 = FACE_OUTER_BOUND ( 'NONE', #319, .T. ) ;
#527 = CARTESIAN_POINT ( 'NONE',  ( -4.289645802267690700, 0.4192500000000020700, 3.844026390529489100 ) ) ;
#528 = AXIS2_PLACEMENT_3D ( 'NONE', #718, #2493, #1216 ) ;
#529 = ORIENTED_EDGE ( 'NONE', *, *, #847, .F. ) ;
#530 = VECTOR ( 'NONE', #986, 1000.000000000000000 ) ;
#531 = VECTOR ( 'NONE', #1269, 1000.000000000000000 ) ;
#532 = DIRECTION ( 'NONE',  ( -0.0000000000000000000, -1.000000000000000000, -0.0000000000000000000 ) ) ;
#533 = EDGE_LOOP ( 'NONE', ( #1009, #1261, #1062, #658 ) ) ;
#534 = ORIENTED_EDGE ( 'NONE', *, *, #2134, .T. ) ;
#535 = FACE_BOUND ( 'NONE', #1495, .T. ) ;
#536 = PLANE ( 'NONE',  #60 ) ;
#537 =( NAMED_UNIT ( * ) SI_UNIT ( $, .STERADIAN. ) SOLID_ANGLE_UNIT ( ) );
#538 = VECTOR ( 'NONE', #1154, 1000.000000000000000 ) ;
#539 = CARTESIAN_POINT ( 'NONE',  ( -4.671798733445354100, 6.500000000000000000, -0.9631222229663523000 ) ) ;
#540 = EDGE_CURVE ( 'NONE', #1801, #2225, #2464, .T. ) ;
#541 = LINE ( 'NONE', #591, #1483 ) ;
#542 = CARTESIAN_POINT ( 'NONE',  ( 0.04300255174971300700, 6.495000000000000100, -0.9631222229663527500 ) ) ;
#543 = CARTESIAN_POINT ( 'NONE',  ( -0.9143214339711456300, 6.495000000000000100, 1.053028994543905300 ) ) ;
#544 = MECHANICAL_DESIGN_GEOMETRIC_PRESENTATION_REPRESENTATION (  '', ( #1944 ), #1803 ) ;
#545 =( NAMED_UNIT ( * ) PLANE_ANGLE_UNIT ( ) SI_UNIT ( $, .RADIAN. ) );
#546 =( LENGTH_UNIT ( ) NAMED_UNIT ( * ) SI_UNIT ( .MILLI., .METRE. ) );
#547 = PRESENTATION_STYLE_ASSIGNMENT (( #102 ) ) ;
#548 =( NAMED_UNIT ( * ) SI_UNIT ( $, .STERADIAN. ) SOLID_ANGLE_UNIT ( ) );
#549 = CARTESIAN_POINT ( 'NONE',  ( 5.043569033575890300, 6.500000000000000000, -0.9631222229663530800 ) ) ;
#550 = ORIENTED_EDGE ( 'NONE', *, *, #118, .F. ) ;
#551 = ORIENTED_EDGE ( 'NONE', *, *, #540, .T. ) ;
#552 = EDGE_CURVE ( 'NONE', #2439, #1365, #2567, .T. ) ;
#553 = LINE ( 'NONE', #1182, #1856 ) ;
#554 = ADVANCED_FACE ( 'NONE', ( #2041 ), #1657, .F. ) ;
#555 = DIRECTION ( 'NONE',  ( 0.8843386665637610300, 0.0000000000000000000, 0.4668459304955212000 ) ) ;
#556 = EDGE_LOOP ( 'NONE', ( #2376, #413, #458, #97 ) ) ;
#557 = ORIENTED_EDGE ( 'NONE', *, *, #2736, .T. ) ;
#558 = VECTOR ( 'NONE', #559, 1000.000000000000000 ) ;
#559 = DIRECTION ( 'NONE',  ( -0.0000000000000000000, 1.000000000000000000, -0.0000000000000000000 ) ) ;
#560 = EDGE_LOOP ( 'NONE', ( #1903, #1640, #2447, #1434 ) ) ;
#561 = LINE ( 'NONE', #1763, #1438 ) ;
#562 = ORIENTED_EDGE ( 'NONE', *, *, #192, .F. ) ;
#563 = LINE ( 'NONE', #1031, #796 ) ;
#564 = SURFACE_SIDE_STYLE ('',( #2608 ) ) ;
#565 = DIRECTION ( 'NONE',  ( 0.7145695586382339000, 0.0000000000000000000, -0.6995643972269883800 ) ) ;
#566 = DIRECTION ( 'NONE',  ( 0.2746459304916897800, 0.0000000000000000000, -0.9615454294334480100 ) ) ;
#567 = LINE ( 'NONE', #836, #1738 ) ;
#568 = ORIENTED_EDGE ( 'NONE', *, *, #2427, .T. ) ;
#569 = LINE ( 'NONE', #1611, #697 ) ;
#570 = VECTOR ( 'NONE', #614, 1000.000000000000000 ) ;
#571 = EDGE_CURVE ( 'NONE', #65, #2639, #2701, .T. ) ;
#572 = LINE ( 'NONE', #2215, #255 ) ;
#573 = DIRECTION ( 'NONE',  ( 1.000000000000000000, 0.0000000000000000000, -2.391869883976430500E-016 ) ) ;
#574 = CARTESIAN_POINT ( 'NONE',  ( 0.9900434363040663300, 6.495000000000000100, -0.7505411885221796600 ) ) ;
#575 = EDGE_CURVE ( 'NONE', #497, #2527, #541, .T. ) ;
#576 = CARTESIAN_POINT ( 'NONE',  ( 0.6798407158200340300, 6.495000000000000100, -0.9631222229663527500 ) ) ;
#577 = CARTESIAN_POINT ( 'NONE',  ( -4.289645802267690700, 6.500000000000000000, 3.844026390529489100 ) ) ;
#578 = COLOUR_RGB ( '',0.8980392156862745400, 0.9215686274509803400, 0.9294117647058823800 ) ;
#579 = DIRECTION ( 'NONE',  ( 1.000000000000000000, 0.0000000000000000000, -4.034331580539990700E-016 ) ) ;
#580 = EDGE_CURVE ( 'NONE', #1740, #1444, #1689, .T. ) ;
#581 = CARTESIAN_POINT ( 'NONE',  ( 1.910155113253702200, 6.495000000000000100, 0.6693814386009966400 ) ) ;
#582 = CARTESIAN_POINT ( 'NONE',  ( -2.402511279821104600, 6.495000000000000100, 0.6694550024109757700 ) ) ;
#583 = DIRECTION ( 'NONE',  ( 0.2793947940878294100, 0.0000000000000000000, -0.9601763114327593900 ) ) ;
#584 = SURFACE_STYLE_FILL_AREA ( #1780 ) ;
#585 = EDGE_LOOP ( 'NONE', ( #227, #2264, #1190, #730 ) ) ;
#586 = VECTOR ( 'NONE', #2281, 1000.000000000000000 ) ;
#587 = EDGE_LOOP ( 'NONE', ( #1265, #2088, #2793, #1234, #1592, #2187, #2156, #1853, #352 ) ) ;
#588 = ORIENTED_EDGE ( 'NONE', *, *, #2531, .T. ) ;
#589 = DIRECTION ( 'NONE',  ( 0.0000000000000000000, 0.0000000000000000000, -1.000000000000000000 ) ) ;
#590 = DIRECTION ( 'NONE',  ( 0.0000000000000000000, 0.0000000000000000000, 1.000000000000000000 ) ) ;
#591 = CARTESIAN_POINT ( 'NONE',  ( -1.016703871901081000, 6.495000000000000100, -0.9631222229663523000 ) ) ;
#592 = ORIENTED_EDGE ( 'NONE', *, *, #18, .F. ) ;
#593 = EDGE_CURVE ( 'NONE', #2238, #1372, #1847, .T. ) ;
#594 = CIRCLE ( 'NONE', #1106, 0.4192500000000003400 ) ;
#595 =( NAMED_UNIT ( * ) SI_UNIT ( $, .STERADIAN. ) SOLID_ANGLE_UNIT ( ) );
#596 = CARTESIAN_POINT ( 'NONE',  ( -4.097731242331414100, 6.495000000000000100, -0.9631222229663523000 ) ) ;
#597 = ORIENTED_EDGE ( 'NONE', *, *, #979, .F. ) ;
#598 = LINE ( 'NONE', #2312, #94 ) ;
#599 = LINE ( 'NONE', #2491, #1675 ) ;
#600 =( GEOMETRIC_REPRESENTATION_CONTEXT ( 3 ) GLOBAL_UNCERTAINTY_ASSIGNED_CONTEXT ( ( #1247 ) ) GLOBAL_UNIT_ASSIGNED_CONTEXT ( ( #2522, #1875, #595 ) ) REPRESENTATION_CONTEXT ( 'NONE', 'WORKASPACE' ) );
#601 = EDGE_LOOP ( 'NONE', ( #2780, #390, #46, #2399 ) ) ;
#602 = ORIENTED_EDGE ( 'NONE', *, *, #267, .F. ) ;
#603 = SURFACE_STYLE_FILL_AREA ( #2390 ) ;
#604 = ADVANCED_FACE ( 'NONE', ( #746 ), #1451, .F. ) ;
#605 = CARTESIAN_POINT ( 'NONE',  ( -2.044280021955986900, 6.495000000000000100, -0.5793581909814401500 ) ) ;
#606 =( LENGTH_UNIT ( ) NAMED_UNIT ( * ) SI_UNIT ( .MILLI., .METRE. ) );
#607 = CARTESIAN_POINT ( 'NONE',  ( 2.750351965824065400, 6.500000000000000000, 1.053028994543904400 ) ) ;
#608 = SURFACE_STYLE_USAGE ( .BOTH. , #383 ) ;
#609 = CARTESIAN_POINT ( 'NONE',  ( 3.192556318522601800, 6.500000000000000000, -0.5766915026842742700 ) ) ;
#610 = VECTOR ( 'NONE', #2072, 1000.000000000000000 ) ;
#611 = EDGE_CURVE ( 'NONE', #313, #1990, #1348, .T. ) ;
#612 = ADVANCED_FACE ( 'NONE', ( #202 ), #343, .F. ) ;
#613 = DIRECTION ( 'NONE',  ( 0.9999960426590096500, 0.0000000000000000000, 0.002813301676022722400 ) ) ;
#614 = DIRECTION ( 'NONE',  ( -0.0000000000000000000, 1.000000000000000000, -0.0000000000000000000 ) ) ;
#615 = AXIS2_PLACEMENT_3D ( 'NONE', #2040, #766, #989 ) ;
#616 = DIRECTION ( 'NONE',  ( -0.0000000000000000000, 1.000000000000000000, -0.0000000000000000000 ) ) ;
#617 = AXIS2_PLACEMENT_3D ( 'NONE', #1083, #1937, #5 ) ;
#618 = PLANE ( 'NONE',  #779 ) ;
#619 = CARTESIAN_POINT ( 'NONE',  ( 0.4721173966834419400, 6.495000000000000100, 1.053028994543904900 ) ) ;
#620 = VERTEX_POINT ( 'NONE', #781 ) ;
#621 = PLANE ( 'NONE',  #340 ) ;
#622 = CARTESIAN_POINT ( 'NONE',  ( -2.389999999999998800, -3.000000000000000000, 0.6499999999999986900 ) ) ;
#623 = ORIENTED_EDGE ( 'NONE', *, *, #1642, .T. ) ;
#624 = ORIENTED_EDGE ( 'NONE', *, *, #2053, .F. ) ;
#625 = CARTESIAN_POINT ( 'NONE',  ( 2.390000000000000100, -2.700000000000000200, 0.6499999999999955800 ) ) ;
#626 = FACE_OUTER_BOUND ( 'NONE', #1136, .T. ) ;
#627 = ORIENTED_EDGE ( 'NONE', *, *, #176, .T. ) ;
#628 = CARTESIAN_POINT ( 'NONE',  ( 0.9844525863630282400, 6.500000000000000000, 1.053028994543904600 ) ) ;
#629 = FILL_AREA_STYLE ('',( #1712 ) ) ;
#630 = EDGE_CURVE ( 'NONE', #2647, #2560, #1320, .T. ) ;
#631 = ORIENTED_EDGE ( 'NONE', *, *, #1744, .F. ) ;
#632 = EDGE_LOOP ( 'NONE', ( #2369, #1411, #795, #1630 ) ) ;
#633 = FACE_OUTER_BOUND ( 'NONE', #721, .T. ) ;
#634 = CARTESIAN_POINT ( 'NONE',  ( 4.931683720037595400, 6.495000000000000100, -0.5737970821254480000 ) ) ;
#635 = ORIENTED_EDGE ( 'NONE', *, *, #1347, .T. ) ;
#636 = FACE_OUTER_BOUND ( 'NONE', #2091, .T. ) ;
#637 = DIRECTION ( 'NONE',  ( -7.938847109754409200E-005, 0.0000000000000000000, 0.9999999968487353100 ) ) ;
#638 = ADVANCED_FACE ( 'NONE', ( #140 ), #1901, .F. ) ;
#639 = LINE ( 'NONE', #473, #1719 ) ;
#640 = DIRECTION ( 'NONE',  ( -0.2760118818968560500, 0.0000000000000000000, 0.9611542233438689100 ) ) ;
#641 = DIRECTION ( 'NONE',  ( -1.000000000000000000, 0.0000000000000000000, 2.284793946200968400E-016 ) ) ;
#642 = UNCERTAINTY_MEASURE_WITH_UNIT (LENGTH_MEASURE( 1.000000000000000100E-005 ), #546, 'distance_accuracy_value', 'NONE');
#643 = EDGE_CURVE ( 'NONE', #1135, #901, #301, .T. ) ;
#644 = DIRECTION ( 'NONE',  ( 0.0000000000000000000, -0.0000000000000000000, 1.000000000000000000 ) ) ;
#645 = DIRECTION ( 'NONE',  ( 0.0000000000000000000, 1.000000000000000000, 0.0000000000000000000 ) ) ;
#646 = AXIS2_PLACEMENT_3D ( 'NONE', #1852, #1659, #2738 ) ;
#647 = FACE_OUTER_BOUND ( 'NONE', #62, .T. ) ;
#648 = AXIS2_PLACEMENT_3D ( 'NONE', #366, #2083, #1692 ) ;
#649 = ORIENTED_EDGE ( 'NONE', *, *, #1948, .T. ) ;
#650 = LINE ( 'NONE', #574, #1593 ) ;
#651 = VERTEX_POINT ( 'NONE', #2326 ) ;
#652 = ORIENTED_EDGE ( 'NONE', *, *, #335, .T. ) ;
#653 = PRESENTATION_STYLE_ASSIGNMENT (( #68 ) ) ;
#654 = DIRECTION ( 'NONE',  ( 0.2729786930695173900, 0.0000000000000000000, -0.9620200793798735500 ) ) ;
#655 = DIRECTION ( 'NONE',  ( -0.0000000000000000000, 1.000000000000000000, -0.0000000000000000000 ) ) ;
#656 = ORIENTED_EDGE ( 'NONE', *, *, #228, .F. ) ;
#657 = LINE ( 'NONE', #1315, #320 ) ;
#658 = ORIENTED_EDGE ( 'NONE', *, *, #4, .T. ) ;
#659 = VECTOR ( 'NONE', #1696, 999.9999999999998900 ) ;
#660 = CARTESIAN_POINT ( 'NONE',  ( -4.364136469712908800, 6.495000000000000100, -0.04168639734652045800 ) ) ;
#661 = EDGE_CURVE ( 'NONE', #1303, #1801, #2534, .T. ) ;
#662 = LINE ( 'NONE', #1800, #1166 ) ;
#663 = SURFACE_STYLE_FILL_AREA ( #629 ) ;
#664 = CARTESIAN_POINT ( 'NONE',  ( -1.016703871901081000, 6.500000000000000000, -0.9631222229663523000 ) ) ;
#665 = ORIENTED_EDGE ( 'NONE', *, *, #165, .F. ) ;
#666 = ORIENTED_EDGE ( 'NONE', *, *, #1493, .F. ) ;
#667 = FACE_OUTER_BOUND ( 'NONE', #2275, .T. ) ;
#668 = FACE_OUTER_BOUND ( 'NONE', #278, .T. ) ;
#669 = DIRECTION ( 'NONE',  ( 0.3725077383644269700, -0.0000000000000000000, 0.9280290862136917300 ) ) ;
#670 = FILL_AREA_STYLE ('',( #2147 ) ) ;
#671 = PRESENTATION_LAYER_ASSIGNMENT (  '', '', ( #1718 ) ) ;
#672 = LINE ( 'NONE', #1978, #1545 ) ;
#673 = CARTESIAN_POINT ( 'NONE',  ( -5.225708133750868200, 6.500000000000000000, 1.053028994543845100 ) ) ;
#674 = CARTESIAN_POINT ( 'NONE',  ( -0.03453285888950724500, 6.495000000000000100, 0.4772421111879622800 ) ) ;
#675 = SURFACE_STYLE_USAGE ( .BOTH. , #1953 ) ;
#676 = EDGE_CURVE ( 'NONE', #386, #2398, #1547, .T. ) ;
#677 = SURFACE_SIDE_STYLE ('',( #971 ) ) ;
#678 = DIRECTION ( 'NONE',  ( 0.0000000000000000000, 0.0000000000000000000, -1.000000000000000000 ) ) ;
#679 = CARTESIAN_POINT ( 'NONE',  ( 0.9844525863630282400, 6.495000000000000100, 1.053028994543904600 ) ) ;
#680 = ORIENTED_EDGE ( 'NONE', *, *, #1059, .T. ) ;
#681 = VECTOR ( 'NONE', #736, 1000.000000000000000 ) ;
#682 = DIRECTION ( 'NONE',  ( 0.0000000000000000000, 0.0000000000000000000, 1.000000000000000000 ) ) ;
#683 = ORIENTED_EDGE ( 'NONE', *, *, #118, .T. ) ;
#684 = AXIS2_PLACEMENT_3D ( 'NONE', #2005, #514, #1124 ) ;
#685 = VERTEX_POINT ( 'NONE', #178 ) ;
#686 = CARTESIAN_POINT ( 'NONE',  ( 0.03793149982259607500, 6.500000000000000000, 1.053028994543905100 ) ) ;
#687 = ORIENTED_EDGE ( 'NONE', *, *, #1369, .F. ) ;
#688 = CARTESIAN_POINT ( 'NONE',  ( -1.284868498917413500, 6.495000000000000100, 0.6694550024109757700 ) ) ;
#689 = VECTOR ( 'NONE', #53, 1000.000000000000000 ) ;
#690 = ORIENTED_EDGE ( 'NONE', *, *, #843, .T. ) ;
#691 = ORIENTED_EDGE ( 'NONE', *, *, #435, .T. ) ;
#692 = LINE ( 'NONE', #483, #2723 ) ;
#693 = FACE_OUTER_BOUND ( 'NONE', #1793, .T. ) ;
#694 = DIRECTION ( 'NONE',  ( 0.0000000000000000000, 1.000000000000000000, 0.0000000000000000000 ) ) ;
#695 = EDGE_CURVE ( 'NONE', #2057, #2341, #705, .T. ) ;
#696 = ORIENTED_EDGE ( 'NONE', *, *, #1059, .F. ) ;
#697 = VECTOR ( 'NONE', #2026, 1000.000000000000000 ) ;
#698 =( LENGTH_UNIT ( ) NAMED_UNIT ( * ) SI_UNIT ( .MILLI., .METRE. ) );
#699 = LINE ( 'NONE', #2364, #1773 ) ;
#700 = CARTESIAN_POINT ( 'NONE',  ( 7.041719095097279900E-016, 6.500000000000000000, 5.750000000000000000 ) ) ;
#701 = CARTESIAN_POINT ( 'NONE',  ( -4.344182283275985800, 6.500000000000000000, -0.1033573956103139300 ) ) ;
#702 = COLOUR_RGB ( '',0.2509803921568627400, 0.2509803921568627400, 0.2509803921568627400 ) ;
#703 = AXIS2_PLACEMENT_3D ( 'NONE', #2155, #1081, #1511 ) ;
#704 = CARTESIAN_POINT ( 'NONE',  ( -1.273190244891335900, 6.500000000000000000, 1.053028994543905300 ) ) ;
#705 = LINE ( 'NONE', #1686, #987 ) ;
#706 = DIRECTION ( 'NONE',  ( 1.000000000000000000, 0.0000000000000000000, 0.0000000000000000000 ) ) ;
#707 = EDGE_CURVE ( 'NONE', #65, #2785, #845, .T. ) ;
#708 = UNCERTAINTY_MEASURE_WITH_UNIT (LENGTH_MEASURE( 1.000000000000000100E-005 ), #2297, 'distance_accuracy_value', 'NONE');
#709 = CARTESIAN_POINT ( 'NONE',  ( 2.390000000000000100, 0.0000000000000000000, 0.6499999999999955800 ) ) ;
#710 = DIRECTION ( 'NONE',  ( 1.000000000000000000, -0.0000000000000000000, 1.096870650732911000E-013 ) ) ;
#711 = CARTESIAN_POINT ( 'NONE',  ( 0.0000000000000000000, 0.4192500000000003400, 0.0000000000000000000 ) ) ;
#712 = EDGE_CURVE ( 'NONE', #1226, #1933, #1051, .T. ) ;
#713 = EDGE_CURVE ( 'NONE', #2757, #820, #2321, .T. ) ;
#714 = LINE ( 'NONE', #704, #2434 ) ;
#715 = ORIENTED_EDGE ( 'NONE', *, *, #2081, .T. ) ;
#716 = FILL_AREA_STYLE_COLOUR ( '', #2370 ) ;
#717 = DIRECTION ( 'NONE',  ( 0.0000000000000000000, 1.000000000000000000, 0.0000000000000000000 ) ) ;
#718 = CARTESIAN_POINT ( 'NONE',  ( 2.859214151411832100, 6.495000000000000100, 0.6693814386009964100 ) ) ;
#719 = STYLED_ITEM ( 'NONE', ( #2658 ), #1248 ) ;
#720 = VERTEX_POINT ( 'NONE', #2406 ) ;
#721 = EDGE_LOOP ( 'NONE', ( #921, #432, #1405, #1666 ) ) ;
#722 = LINE ( 'NONE', #1769, #158 ) ;
#723 = APPLICATION_PROTOCOL_DEFINITION ( 'draft international standard', 'automotive_design', 1998, #509 ) ;
#724 = ADVANCED_FACE ( 'NONE', ( #1145 ), #72, .F. ) ;
#725 = ORIENTED_EDGE ( 'NONE', *, *, #110, .F. ) ;
#726 = DIRECTION ( 'NONE',  ( 0.2746918797667232100, 0.0000000000000000000, -0.9615323037684299100 ) ) ;
#727 = EDGE_LOOP ( 'NONE', ( #21, #96, #1904, #1797 ) ) ;
#728 = ORIENTED_EDGE ( 'NONE', *, *, #502, .F. ) ;
#729 = VECTOR ( 'NONE', #2432, 1000.000000000000000 ) ;
#730 = ORIENTED_EDGE ( 'NONE', *, *, #1168, .T. ) ;
#731 = ORIENTED_EDGE ( 'NONE', *, *, #2593, .F. ) ;
#732 = DIRECTION ( 'NONE',  ( 3.336006684570783100E-016, -0.0000000000000000000, -1.000000000000000000 ) ) ;
#733 = FILL_AREA_STYLE_COLOUR ( '', #2282 ) ;
#734 = PLANE ( 'NONE',  #1286 ) ;
#735 = FACE_OUTER_BOUND ( 'NONE', #131, .T. ) ;
#736 = DIRECTION ( 'NONE',  ( -0.2764273280489769100, 0.0000000000000000000, 0.9610348236706635100 ) ) ;
#737 = CARTESIAN_POINT ( 'NONE',  ( 0.9844525863630282400, 6.495000000000000100, 1.053028994543904600 ) ) ;
#738 = EDGE_CURVE ( 'NONE', #285, #651, #2501, .T. ) ;
#739 = FACE_OUTER_BOUND ( 'NONE', #2649, .T. ) ;
#740 = DIRECTION ( 'NONE',  ( -0.2762033010252001900, -0.0000000000000000000, 0.9610992334315862100 ) ) ;
#741 = LINE ( 'NONE', #2673, #172 ) ;
#742 = AXIS2_PLACEMENT_3D ( 'NONE', #1314, #1566, #98 ) ;
#743 = ADVANCED_FACE ( 'NONE', ( #1215 ), #1781, .F. ) ;
#744 = CARTESIAN_POINT ( 'NONE',  ( 2.690000000000000400, -2.700000000000000200, 0.6499999999999956900 ) ) ;
#745 = CARTESIAN_POINT ( 'NONE',  ( 4.379680122707077800, 6.500000000000000000, -0.5738409048472185000 ) ) ;
#746 = FACE_OUTER_BOUND ( 'NONE', #1011, .T. ) ;
#747 = DIRECTION ( 'NONE',  ( 0.0000000000000000000, 0.0000000000000000000, 1.000000000000000000 ) ) ;
#748 = PLANE ( 'NONE',  #2154 ) ;
#749 = DIRECTION ( 'NONE',  ( -0.0000000000000000000, 1.000000000000000000, -0.0000000000000000000 ) ) ;
#750 = CARTESIAN_POINT ( 'NONE',  ( -4.364136469712908800, 6.495000000000000100, -0.04168639734652045800 ) ) ;
#751 = EDGE_CURVE ( 'NONE', #1994, #245, #639, .T. ) ;
#752 = ADVANCED_FACE ( 'NONE', ( #1947 ), #1326, .F. ) ;
#753 = DIRECTION ( 'NONE',  ( -1.000000000000000000, 0.0000000000000000000, -0.0000000000000000000 ) ) ;
#754 = ORIENTED_EDGE ( 'NONE', *, *, #926, .T. ) ;
#755 = COLOUR_RGB ( '',0.0000000000000000000, 0.4862745098039215600, 0.8392156862745098200 ) ;
#756 = AXIS2_PLACEMENT_3D ( 'NONE', #737, #2048, #127 ) ;
#757 =( NAMED_UNIT ( * ) PLANE_ANGLE_UNIT ( ) SI_UNIT ( $, .RADIAN. ) );
#758 = ORIENTED_EDGE ( 'NONE', *, *, #2149, .F. ) ;
#759 = VECTOR ( 'NONE', #1183, 1000.000000000000000 ) ;
#760 = ORIENTED_EDGE ( 'NONE', *, *, #1095, .T. ) ;
#761 = ORIENTED_EDGE ( 'NONE', *, *, #2687, .F. ) ;
#762 = SURFACE_SIDE_STYLE ('',( #2742 ) ) ;
#763 = LINE ( 'NONE', #2768, #1962 ) ;
#764 = CARTESIAN_POINT ( 'NONE',  ( 2.053187690916773900, 6.500000000000000000, 0.1683628157980141300 ) ) ;
#765 = ORIENTED_EDGE ( 'NONE', *, *, #713, .T. ) ;
#766 = DIRECTION ( 'NONE',  ( 3.614007241618349300E-016, 0.0000000000000000000, 1.000000000000000000 ) ) ;
#767 = ORIENTED_EDGE ( 'NONE', *, *, #1082, .T. ) ;
#768 = ORIENTED_EDGE ( 'NONE', *, *, #552, .T. ) ;
#769 = LINE ( 'NONE', #686, #868 ) ;
#770 = CARTESIAN_POINT ( 'NONE',  ( 0.0000000000000000000, 6.080749999999999200, 5.330749999999999200 ) ) ;
#771 = VECTOR ( 'NONE', #2507, 1000.000000000000000 ) ;
#772 = FILL_AREA_STYLE ('',( #975 ) ) ;
#773 = CARTESIAN_POINT ( 'NONE',  ( 0.03793149982259607500, 6.495000000000000100, 1.053028994543905100 ) ) ;
#774 = DIRECTION ( 'NONE',  ( 0.05375259206908298400, 0.0000000000000000000, -0.9985542843760948400 ) ) ;
#775 = PLANE ( 'NONE',  #756 ) ;
#776 = AXIS2_PLACEMENT_3D ( 'NONE', #1532, #893, #1748 ) ;
#777 = LINE ( 'NONE', #582, #610 ) ;
#778 = DIRECTION ( 'NONE',  ( -0.0000000000000000000, 0.0000000000000000000, -1.000000000000000000 ) ) ;
#779 = AXIS2_PLACEMENT_3D ( 'NONE', #2557, #1656, #1026 ) ;
#780 = CARTESIAN_POINT ( 'NONE',  ( 4.931683720037595400, 6.500000000000000000, -0.5737970821254480000 ) ) ;
#781 = CARTESIAN_POINT ( 'NONE',  ( 2.690000000000000400, -2.700000000000000200, -0.6500000000000042400 ) ) ;
#782 = ADVANCED_FACE ( 'NONE', ( #408 ), #266, .F. ) ;
#783 = DIRECTION ( 'NONE',  ( 0.0000000000000000000, 1.000000000000000000, 0.0000000000000000000 ) ) ;
#784 = ORIENTED_EDGE ( 'NONE', *, *, #1623, .F. ) ;
#785 = SURFACE_STYLE_FILL_AREA ( #816 ) ;
#786 = SURFACE_SIDE_STYLE ('',( #785 ) ) ;
#787 = DIRECTION ( 'NONE',  ( -0.0000000000000000000, -1.000000000000000000, -0.0000000000000000000 ) ) ;
#788 = VERTEX_POINT ( 'NONE', #1349 ) ;
#789 = EDGE_CURVE ( 'NONE', #386, #2647, #1818, .T. ) ;
#790 = PRESENTATION_STYLE_ASSIGNMENT (( #2035 ) ) ;
#791 = ORIENTED_EDGE ( 'NONE', *, *, #1967, .T. ) ;
#792 = ORIENTED_EDGE ( 'NONE', *, *, #1282, .T. ) ;
#793 = ORIENTED_EDGE ( 'NONE', *, *, #2219, .F. ) ;
#794 = ADVANCED_FACE ( 'NONE', ( #371 ), #948, .F. ) ;
#795 = ORIENTED_EDGE ( 'NONE', *, *, #1130, .F. ) ;
#796 = VECTOR ( 'NONE', #411, 1000.000000000000000 ) ;
#797 =( NAMED_UNIT ( * ) PLANE_ANGLE_UNIT ( ) SI_UNIT ( $, .RADIAN. ) );
#798 = FACE_OUTER_BOUND ( 'NONE', #396, .T. ) ;
#799 = CARTESIAN_POINT ( 'NONE',  ( 3.805490025235814100, 6.495000000000000100, -0.5738409048522489200 ) ) ;
#800 = FACE_BOUND ( 'NONE', #818, .T. ) ;
#801 = ORIENTED_EDGE ( 'NONE', *, *, #1673, .T. ) ;
#802 = ORIENTED_EDGE ( 'NONE', *, *, #804, .F. ) ;
#803 = DIRECTION ( 'NONE',  ( 0.0000000000000000000, 0.0000000000000000000, -1.000000000000000000 ) ) ;
#804 = EDGE_CURVE ( 'NONE', #2029, #1999, #2248, .T. ) ;
#805 = LINE ( 'NONE', #443, #1911 ) ;
#806 = DIRECTION ( 'NONE',  ( 1.000000000000000000, 0.0000000000000000000, -3.614007241618349300E-016 ) ) ;
#807 = EDGE_CURVE ( 'NONE', #1966, #1939, #672, .T. ) ;
#808 = CARTESIAN_POINT ( 'NONE',  ( -2.259736175507299100, 6.495000000000000100, 0.1683628157939400200 ) ) ;
#809 = FACE_OUTER_BOUND ( 'NONE', #270, .T. ) ;
#810 = ADVANCED_FACE ( 'NONE', ( #1687 ), #2218, .F. ) ;
#811 = DIRECTION ( 'NONE',  ( 3.614007241618349300E-016, 0.0000000000000000000, 1.000000000000000000 ) ) ;
#812 = PRESENTATION_STYLE_ASSIGNMENT (( #2317 ) ) ;
#813 = CARTESIAN_POINT ( 'NONE',  ( -2.153399680898977000, 6.500000000000000000, -0.2043543833022431500 ) ) ;
#814 = EDGE_CURVE ( 'NONE', #2004, #1560, #2661, .T. ) ;
#815 =( GEOMETRIC_REPRESENTATION_CONTEXT ( 3 ) GLOBAL_UNCERTAINTY_ASSIGNED_CONTEXT ( ( #2471 ) ) GLOBAL_UNIT_ASSIGNED_CONTEXT ( ( #447, #1946, #1283 ) ) REPRESENTATION_CONTEXT ( 'NONE', 'WORKASPACE' ) );
#816 = FILL_AREA_STYLE ('',( #170 ) ) ;
#817 = CARTESIAN_POINT ( 'NONE',  ( -2.153399680898977000, 6.495000000000000100, -0.2043543833022431500 ) ) ;
#818 = EDGE_LOOP ( 'NONE', ( #2184, #120, #2719, #938, #323, #2137, #855, #1938, #656, #2480, #687, #529, #666, #2590, #2344, #2258, #859 ) ) ;
#819 = VECTOR ( 'NONE', #194, 1000.000000000000000 ) ;
#820 = VERTEX_POINT ( 'NONE', #2212 ) ;
#821 = CARTESIAN_POINT ( 'NONE',  ( -2.823838918333584600, 6.500000000000000000, -0.9631222229663523000 ) ) ;
#822 = CARTESIAN_POINT ( 'NONE',  ( 2.750351965824065400, 6.495000000000000100, 1.053028994543904400 ) ) ;
#823 = CARTESIAN_POINT ( 'NONE',  ( -2.506168825485704900, 6.500000000000000000, -0.9631222229663520800 ) ) ;
#824 = ORIENTED_EDGE ( 'NONE', *, *, #2081, .F. ) ;
#825 = ORIENTED_EDGE ( 'NONE', *, *, #350, .F. ) ;
#826 = LINE ( 'NONE', #2107, #2268 ) ;
#827 = CARTESIAN_POINT ( 'NONE',  ( -0.4995563842746180700, 6.500000000000000000, 1.053028994543905300 ) ) ;
#828 = DIRECTION ( 'NONE',  ( -0.0000000000000000000, 1.000000000000000000, -0.0000000000000000000 ) ) ;
#829 = ORIENTED_EDGE ( 'NONE', *, *, #1848, .F. ) ;
#830 = COLOUR_RGB ( '',0.0000000000000000000, 0.4862745098039215600, 0.8392156862745098200 ) ;
#831 = MECHANICAL_DESIGN_GEOMETRIC_PRESENTATION_REPRESENTATION (  '', ( #484 ), #1549 ) ;
#832 = VERTEX_POINT ( 'NONE', #1998 ) ;
#833 = ORIENTED_EDGE ( 'NONE', *, *, #374, .T. ) ;
#834 = CARTESIAN_POINT ( 'NONE',  ( 0.6798407158200339100, 6.500000000000000000, -0.9631222229663525300 ) ) ;
#835 = FACE_OUTER_BOUND ( 'NONE', #388, .T. ) ;
#836 = CARTESIAN_POINT ( 'NONE',  ( -0.9143214339711456300, 6.500000000000000000, 1.053028994543905300 ) ) ;
#837 = FACE_OUTER_BOUND ( 'NONE', #2548, .T. ) ;
#838 = CARTESIAN_POINT ( 'NONE',  ( -3.487335487235283500, 6.500000000000000000, -0.9631222229663523000 ) ) ;
#839 = AXIS2_PLACEMENT_3D ( 'NONE', #984, #2044, #1406 ) ;
#840 = LINE ( 'NONE', #701, #2494 ) ;
#841 = FILL_AREA_STYLE_COLOUR ( '', #1175 ) ;
#842 =( NAMED_UNIT ( * ) PLANE_ANGLE_UNIT ( ) SI_UNIT ( $, .RADIAN. ) );
#843 = EDGE_CURVE ( 'NONE', #308, #1635, #471, .T. ) ;
#844 = CIRCLE ( 'NONE', #212, 5.330749999999999200 ) ;
#845 = LINE ( 'NONE', #1888, #259 ) ;
#846 = CARTESIAN_POINT ( 'NONE',  ( 0.0000000000000000000, 6.080749999999999200, 0.0000000000000000000 ) ) ;
#847 = EDGE_CURVE ( 'NONE', #1570, #397, #1945, .T. ) ;
#848 = CARTESIAN_POINT ( 'NONE',  ( -2.044280021955986900, 6.500000000000000000, -0.5793581909814401500 ) ) ;
#849 = DIRECTION ( 'NONE',  ( -0.0000000000000000000, 1.000000000000000000, -0.0000000000000000000 ) ) ;
#850 = STYLED_ITEM ( 'NONE', ( #878 ), #988 ) ;
#851 = UNCERTAINTY_MEASURE_WITH_UNIT (LENGTH_MEASURE( 1.000000000000000100E-005 ), #698, 'distance_accuracy_value', 'NONE');
#852 = DIRECTION ( 'NONE',  ( 0.2746459304916897800, 0.0000000000000000000, -0.9615454294334480100 ) ) ;
#853 = MECHANICAL_DESIGN_GEOMETRIC_PRESENTATION_REPRESENTATION (  '', ( #1588 ), #2554 ) ;
#854 = ADVANCED_FACE ( 'NONE', ( #1583 ), #775, .F. ) ;
#855 = ORIENTED_EDGE ( 'NONE', *, *, #540, .F. ) ;
#856 = FACE_OUTER_BOUND ( 'NONE', #2142, .T. ) ;
#857 = CARTESIAN_POINT ( 'NONE',  ( 0.6798407158200340300, 6.495000000000000100, -0.9631222229663527500 ) ) ;
#858 =( NAMED_UNIT ( * ) PLANE_ANGLE_UNIT ( ) SI_UNIT ( $, .RADIAN. ) );
#859 = ORIENTED_EDGE ( 'NONE', *, *, #1082, .F. ) ;
#860 = ORIENTED_EDGE ( 'NONE', *, *, #712, .T. ) ;
#861 = ORIENTED_EDGE ( 'NONE', *, *, #1328, .F. ) ;
#862 = DIRECTION ( 'NONE',  ( 0.9617234872620597000, 0.0000000000000000000, 0.2740217765954067700 ) ) ;
#863 = EDGE_LOOP ( 'NONE', ( #1758, #784, #2407, #2713, #2526, #1634 ) ) ;
#864 = LINE ( 'NONE', #664, #1199 ) ;
#865 =( GEOMETRIC_REPRESENTATION_CONTEXT ( 3 ) GLOBAL_UNCERTAINTY_ASSIGNED_CONTEXT ( ( #2166 ) ) GLOBAL_UNIT_ASSIGNED_CONTEXT ( ( #2781, #842, #1488 ) ) REPRESENTATION_CONTEXT ( 'NONE', 'WORKASPACE' ) );
#866 = CIRCLE ( 'NONE', #1447, 5.750000000000000000 ) ;
#867 = CARTESIAN_POINT ( 'NONE',  ( 5.043569033575890300, 6.495000000000000100, -0.9631222229663530800 ) ) ;
#868 = VECTOR ( 'NONE', #1525, 1000.000000000000200 ) ;
#869 = CARTESIAN_POINT ( 'NONE',  ( -1.394503104559656100, 6.495000000000000100, 0.1683628157939400200 ) ) ;
#870 = VERTEX_POINT ( 'NONE', #539 ) ;
#871 = ORIENTED_EDGE ( 'NONE', *, *, #2279, .T. ) ;
#872 = FACE_OUTER_BOUND ( 'NONE', #2575, .T. ) ;
#873 = AXIS2_PLACEMENT_3D ( 'NONE', #40, #1515, #654 ) ;
#874 = CARTESIAN_POINT ( 'NONE',  ( -1.125700924485933100, 6.495000000000000100, -0.5793581909814401500 ) ) ;
#875 = VECTOR ( 'NONE', #14, 999.9999999999998900 ) ;
#876 = LINE ( 'NONE', #2502, #257 ) ;
#877 = DIRECTION ( 'NONE',  ( 0.2729786930695173900, 0.0000000000000000000, -0.9620200793798735500 ) ) ;
#878 = PRESENTATION_STYLE_ASSIGNMENT (( #1615 ) ) ;
#879 =( NAMED_UNIT ( * ) SI_UNIT ( $, .STERADIAN. ) SOLID_ANGLE_UNIT ( ) );
#880 = VECTOR ( 'NONE', #1676, 1000.000000000000000 ) ;
#881 = PLANE ( 'NONE',  #415 ) ;
#882 = EDGE_CURVE ( 'NONE', #1927, #2715, #1178, .T. ) ;
#883 = FILL_AREA_STYLE_COLOUR ( '', #830 ) ;
#884 = CARTESIAN_POINT ( 'NONE',  ( 0.9900434363040663300, 6.495000000000000100, -0.7505411885221796600 ) ) ;
#885 = PRESENTATION_LAYER_ASSIGNMENT (  '', '', ( #719 ) ) ;
#886 = PRESENTATION_LAYER_ASSIGNMENT (  '', '', ( #1383 ) ) ;
#887 = ORIENTED_EDGE ( 'NONE', *, *, #1113, .F. ) ;
#888 = DIRECTION ( 'NONE',  ( 1.000000000000000000, 0.0000000000000000000, 0.0000000000000000000 ) ) ;
#889 = ORIENTED_EDGE ( 'NONE', *, *, #1528, .T. ) ;
#890 = ORIENTED_EDGE ( 'NONE', *, *, #2678, .T. ) ;
#891 = LINE ( 'NONE', #2683, #759 ) ;
#892 = FILL_AREA_STYLE ('',( #2606 ) ) ;
#893 = DIRECTION ( 'NONE',  ( 0.0000000000000000000, 1.000000000000000000, 0.0000000000000000000 ) ) ;
#894 = EDGE_LOOP ( 'NONE', ( #691, #1002, #2196, #801 ) ) ;
#895 = CYLINDRICAL_SURFACE ( 'NONE', #1287, 5.759999999999999800 ) ;
#896 = ORIENTED_EDGE ( 'NONE', *, *, #1528, .F. ) ;
#897 = LINE ( 'NONE', #162, #1469 ) ;
#898 = CIRCLE ( 'NONE', #2182, 5.750000000000000000 ) ;
#899 = CARTESIAN_POINT ( 'NONE',  ( 2.690000000000000400, 0.0000000000000000000, 0.6499999999999956900 ) ) ;
#900 = VERTEX_POINT ( 'NONE', #1385 ) ;
#901 = VERTEX_POINT ( 'NONE', #317 ) ;
#902 = STYLED_ITEM ( 'NONE', ( #9 ), #1001 ) ;
#903 = VECTOR ( 'NONE', #2536, 1000.000000000000000 ) ;
#904 = CARTESIAN_POINT ( 'NONE',  ( 0.0000000000000000000, 0.4192500000000003400, 0.0000000000000000000 ) ) ;
#905 = VECTOR ( 'NONE', #1102, 1000.000000000000000 ) ;
#906 = DIRECTION ( 'NONE',  ( -0.9610029908221278100, 0.0000000000000000000, -0.2765379750249959400 ) ) ;
#907 = FACE_OUTER_BOUND ( 'NONE', #632, .T. ) ;
#908 = DIRECTION ( 'NONE',  ( 1.000000000000000000, -0.0000000000000000000, -0.0000000000000000000 ) ) ;
#909 = CARTESIAN_POINT ( 'NONE',  ( -5.241103938663425100, 6.500000000000000000, 1.017877983377229100 ) ) ;
#910 = EDGE_CURVE ( 'NONE', #326, #2757, #844, .T. ) ;
#911 = DIRECTION ( 'NONE',  ( 3.614007241618344300E-016, 0.0000000000000000000, -1.000000000000000000 ) ) ;
#912 = DIRECTION ( 'NONE',  ( 0.0000000000000000000, 0.0000000000000000000, -1.000000000000000000 ) ) ;
#913 = PRESENTATION_LAYER_ASSIGNMENT (  '', '', ( #277 ) ) ;
#914 = CARTESIAN_POINT ( 'NONE',  ( 0.9844525863630282400, 6.495000000000000100, 1.053028994543904600 ) ) ;
#915 = FILL_AREA_STYLE_COLOUR ( '', #2227 ) ;
#916 = CARTESIAN_POINT ( 'NONE',  ( -3.311272758248907000, 6.495000000000000100, 1.053028994543904900 ) ) ;
#917 = CARTESIAN_POINT ( 'NONE',  ( -2.259736175507299100, 6.500000000000000000, 0.1683628157939400200 ) ) ;
#918 = MECHANICAL_DESIGN_GEOMETRIC_PRESENTATION_REPRESENTATION (  '', ( #2767 ), #600 ) ;
#919 = ORIENTED_EDGE ( 'NONE', *, *, #814, .F. ) ;
#920 = LINE ( 'NONE', #1898, #1293 ) ;
#921 = ORIENTED_EDGE ( 'NONE', *, *, #2771, .T. ) ;
#922 = ORIENTED_EDGE ( 'NONE', *, *, #2174, .T. ) ;
#923 = ORIENTED_EDGE ( 'NONE', *, *, #1486, .T. ) ;
#924 = CARTESIAN_POINT ( 'NONE',  ( -0.8156049229187412000, 6.495000000000000100, -0.9631222229663523000 ) ) ;
#925 = ORIENTED_EDGE ( 'NONE', *, *, #1246, .T. ) ;
#926 = EDGE_CURVE ( 'NONE', #1327, #1505, #982, .T. ) ;
#927 = VERTEX_POINT ( 'NONE', #2018 ) ;
#928 = FILL_AREA_STYLE ('',( #915 ) ) ;
#929 = CARTESIAN_POINT ( 'NONE',  ( -5.251205731465742800, 6.499254104594566400, 1.053028994543842500 ) ) ;
#930 = ORIENTED_EDGE ( 'NONE', *, *, #2574, .T. ) ;
#931 = LINE ( 'NONE', #385, #2720 ) ;
#932 = VECTOR ( 'NONE', #2037, 1000.000000000000000 ) ;
#933 =( NAMED_UNIT ( * ) PLANE_ANGLE_UNIT ( ) SI_UNIT ( $, .RADIAN. ) );
#934 = FACE_OUTER_BOUND ( 'NONE', #2743, .T. ) ;
#935 = DIRECTION ( 'NONE',  ( -0.0000000000000000000, 1.000000000000000000, -0.0000000000000000000 ) ) ;
#936 = EDGE_CURVE ( 'NONE', #1606, #2201, #1386, .T. ) ;
#937 = ORIENTED_EDGE ( 'NONE', *, *, #1981, .F. ) ;
#938 = ORIENTED_EDGE ( 'NONE', *, *, #580, .F. ) ;
#939 = VECTOR ( 'NONE', #655, 1000.000000000000000 ) ;
#940 = B_SPLINE_CURVE_WITH_KNOTS ( 'NONE', 3,
 ( #2157, #2420, #1551, #480, #673 ),
 .UNSPECIFIED., .F., .F.,
 ( 4, 1, 4 ),
 ( 0.002576204158075759900, 0.002588842038113874100, 0.002601479918151987900 ),
 .UNSPECIFIED. ) ;
#941 = CIRCLE ( 'NONE', #243, 5.750000000000000000 ) ;
#942 = AXIS2_PLACEMENT_3D ( 'NONE', #2031, #555, #115 ) ;
#943 = DIRECTION ( 'NONE',  ( 0.0000000000000000000, 1.000000000000000000, 0.0000000000000000000 ) ) ;
#944 = VECTOR ( 'NONE', #2059, 1000.000000000000000 ) ;
#945 = CARTESIAN_POINT ( 'NONE',  ( 6.528285924554752700E-016, 0.4192500000000003400, -5.330749999999999200 ) ) ;
#946 = APPLICATION_CONTEXT ( 'automotive_design' ) ;
#947 = SURFACE_STYLE_FILL_AREA ( #155 ) ;
#948 = PLANE ( 'NONE',  #169 ) ;
#949 = DIRECTION ( 'NONE',  ( -0.0000000000000000000, 1.000000000000000000, -0.0000000000000000000 ) ) ;
#950 = DIRECTION ( 'NONE',  ( -0.0000000000000000000, 1.000000000000000000, -0.0000000000000000000 ) ) ;
#951 =( LENGTH_UNIT ( ) NAMED_UNIT ( * ) SI_UNIT ( .MILLI., .METRE. ) );
#952 = FILL_AREA_STYLE_COLOUR ( '', #2099 ) ;
#953 = PRODUCT ( 'CDR_LPLLN_D11.5L6.5S5.08LLNEG3LLPOS2.7LT10.3LT21.3', 'CDR_LPLLN_D11.5L6.5S5.08LLNEG3LLPOS2.7LT10.3LT21.3', '', ( #2671 ) ) ;
#954 = EDGE_CURVE ( 'NONE', #1200, #2556, #1877, .T. ) ;
#955 = ADVANCED_FACE ( 'NONE', ( #1974 ), #2690, .F. ) ;
#956 = AXIS2_PLACEMENT_3D ( 'NONE', #945, #2446, #1153 ) ;
#957 = DIRECTION ( 'NONE',  ( -0.0000000000000000000, 0.0000000000000000000, 1.000000000000000000 ) ) ;
#958 = VECTOR ( 'NONE', #1619, 1000.000000000000000 ) ;
#959 = CARTESIAN_POINT ( 'NONE',  ( -3.765038890539953000, 6.500000000000000000, -0.04168639734653927600 ) ) ;
#960 =( NAMED_UNIT ( * ) PLANE_ANGLE_UNIT ( ) SI_UNIT ( $, .RADIAN. ) );
#961 = MECHANICAL_DESIGN_GEOMETRIC_PRESENTATION_REPRESENTATION (  '', ( #1871 ), #2303 ) ;
#962 = ORIENTED_EDGE ( 'NONE', *, *, #1047, .T. ) ;
#963 = ORIENTED_EDGE ( 'NONE', *, *, #7, .F. ) ;
#964 = SURFACE_STYLE_FILL_AREA ( #928 ) ;
#965 = DIRECTION ( 'NONE',  ( -1.000000000000000000, 0.0000000000000000000, 1.246311255292171800E-016 ) ) ;
#966 = ORIENTED_EDGE ( 'NONE', *, *, #2087, .T. ) ;
#967 = CARTESIAN_POINT ( 'NONE',  ( 2.390000000000000600, -2.700000000000000200, -0.6500000000000042400 ) ) ;
#968 = SURFACE_SIDE_STYLE ('',( #425 ) ) ;
#969 = ORIENTED_EDGE ( 'NONE', *, *, #207, .F. ) ;
#970 = VECTOR ( 'NONE', #1815, 1000.000000000000000 ) ;
#971 = SURFACE_STYLE_FILL_AREA ( #1351 ) ;
#972 = ADVANCED_FACE ( 'NONE', ( #907 ), #89, .F. ) ;
#973 = ORIENTED_EDGE ( 'NONE', *, *, #1391, .F. ) ;
#974 = ORIENTED_EDGE ( 'NONE', *, *, #1864, .F. ) ;
#975 = FILL_AREA_STYLE_COLOUR ( '', #351 ) ;
#976 = DIRECTION ( 'NONE',  ( 0.2755265765475025100, 0.0000000000000000000, -0.9612934544747577800 ) ) ;
#977 = CARTESIAN_POINT ( 'NONE',  ( 3.024744995834479400, 6.495000000000000100, -0.2042869498019201400 ) ) ;
#978 = TOROIDAL_SURFACE ( 'NONE', #1835, 5.330749999999999200, 0.4192500000000000100 ) ;
#979 = EDGE_CURVE ( 'NONE', #180, #1560, #741, .T. ) ;
#980 = FACE_OUTER_BOUND ( 'NONE', #601, .T. ) ;
#981 = DIRECTION ( 'NONE',  ( 0.0000000000000000000, 0.0000000000000000000, -1.000000000000000000 ) ) ;
#982 = LINE ( 'NONE', #516, #1316 ) ;
#983 = AXIS2_PLACEMENT_3D ( 'NONE', #2082, #811, #2734 ) ;
#984 = CARTESIAN_POINT ( 'NONE',  ( 0.0000000000000000000, 0.4192500000000003400, 0.0000000000000000000 ) ) ;
#985 = CARTESIAN_POINT ( 'NONE',  ( -3.086335984546776600, 6.495000000000000100, 1.053028994543905700 ) ) ;
#986 = DIRECTION ( 'NONE',  ( -0.0000000000000000000, 1.000000000000000000, -0.0000000000000000000 ) ) ;
#987 = VECTOR ( 'NONE', #2103, 1000.000000000000100 ) ;
#988 = ADVANCED_FACE ( 'NONE', ( #809 ), #306, .T. ) ;
#989 = DIRECTION ( 'NONE',  ( 1.000000000000000000, 0.0000000000000000000, -3.614007241618349300E-016 ) ) ;
#990 =( NAMED_UNIT ( * ) PLANE_ANGLE_UNIT ( ) SI_UNIT ( $, .RADIAN. ) );
#991 = CARTESIAN_POINT ( 'NONE',  ( 2.268643844463263300, 6.495000000000000100, -0.5792907574821812800 ) ) ;
#992 = SURFACE_STYLE_USAGE ( .BOTH. , #312 ) ;
#993 = EDGE_CURVE ( 'NONE', #1372, #1765, #1020, .T. ) ;
#994 = CARTESIAN_POINT ( 'NONE',  ( 0.0000000000000000000, 0.0000000000000000000, 0.0000000000000000000 ) ) ;
#995 = VERTEX_POINT ( 'NONE', #2285 ) ;
#996 = ORIENTED_EDGE ( 'NONE', *, *, #1425, .T. ) ;
#997 = MECHANICAL_DESIGN_GEOMETRIC_PRESENTATION_REPRESENTATION (  '', ( #850 ), #303 ) ;
#998 = DIRECTION ( 'NONE',  ( 0.2793947940814914300, 0.0000000000000000000, -0.9601763114346035800 ) ) ;
#999 = ORIENTED_EDGE ( 'NONE', *, *, #1070, .F. ) ;
#1000 = LINE ( 'NONE', #524, #958 ) ;
#1001 = ADVANCED_FACE ( 'NONE', ( #1111 ), #2274, .F. ) ;
#1002 = ORIENTED_EDGE ( 'NONE', *, *, #1603, .F. ) ;
#1003 = ORIENTED_EDGE ( 'NONE', *, *, #2293, .T. ) ;
#1004 = CARTESIAN_POINT ( 'NONE',  ( -4.282198500527644400, 0.4192500000000003400, 3.837352733601484500 ) ) ;
#1005 = CARTESIAN_POINT ( 'NONE',  ( -0.4995563842746180700, 6.500000000000000000, 1.053028994543905300 ) ) ;
#1006 = CARTESIAN_POINT ( 'NONE',  ( 2.859214151411832100, 6.500000000000000000, 0.6693814386009964100 ) ) ;
#1007 = ORIENTED_EDGE ( 'NONE', *, *, #2449, .F. ) ;
#1008 = LINE ( 'NONE', #81, #325 ) ;
#1009 = ORIENTED_EDGE ( 'NONE', *, *, #1772, .T. ) ;
#1010 = SURFACE_STYLE_FILL_AREA ( #1621 ) ;
#1011 = EDGE_LOOP ( 'NONE', ( #2133, #160, #2396, #2101 ) ) ;
#1012 = ORIENTED_EDGE ( 'NONE', *, *, #2791, .T. ) ;
#1013 = DIRECTION ( 'NONE',  ( -0.2764273280489769100, 0.0000000000000000000, 0.9610348236706635100 ) ) ;
#1014 = PLANE ( 'NONE',  #264 ) ;
#1015 = FACE_OUTER_BOUND ( 'NONE', #1922, .T. ) ;
#1016 = CARTESIAN_POINT ( 'NONE',  ( 0.03793149982259607500, 6.495000000000000100, 1.053028994543905100 ) ) ;
#1017 = ADVANCED_FACE ( 'NONE', ( #1516 ), #2539, .F. ) ;
#1018 = FILL_AREA_STYLE_COLOUR ( '', #441 ) ;
#1019 = STYLED_ITEM ( 'NONE', ( #1715 ), #119 ) ;
#1020 = LINE ( 'NONE', #2728, #1817 ) ;
#1021 = AXIS2_PLACEMENT_3D ( 'NONE', #2431, #1152, #2206 ) ;
#1022 = DIRECTION ( 'NONE',  ( 1.000000000000000000, -0.0000000000000000000, -0.0000000000000000000 ) ) ;
#1023 = DIRECTION ( 'NONE',  ( -0.0000000000000000000, 1.000000000000000000, -0.0000000000000000000 ) ) ;
#1024 = DIRECTION ( 'NONE',  ( -0.2763173343569916300, 0.0000000000000000000, 0.9610664548998921800 ) ) ;
#1025 = DIRECTION ( 'NONE',  ( 0.9999891854650020400, 0.0000000000000000000, 0.004650693823678137000 ) ) ;
#1026 = DIRECTION ( 'NONE',  ( -1.000000000000000000, 0.0000000000000000000, 5.050979426444721200E-016 ) ) ;
#1027 = CARTESIAN_POINT ( 'NONE',  ( 2.390000000000000600, -2.700000000000000200, -0.6500000000000042400 ) ) ;
#1028 = ORIENTED_EDGE ( 'NONE', *, *, #2457, .T. ) ;
#1029 =( NAMED_UNIT ( * ) PLANE_ANGLE_UNIT ( ) SI_UNIT ( $, .RADIAN. ) );
#1030 = VERTEX_POINT ( 'NONE', #2290 ) ;
#1031 = CARTESIAN_POINT ( 'NONE',  ( 2.053187690916773900, 6.495000000000000100, 0.1683628157980141300 ) ) ;
#1032 = ORIENTED_EDGE ( 'NONE', *, *, #1816, .T. ) ;
#1033 = LINE ( 'NONE', #2017, #1530 ) ;
#1034 = ORIENTED_EDGE ( 'NONE', *, *, #2531, .F. ) ;
#1035 = PRESENTATION_STYLE_ASSIGNMENT (( #1045 ) ) ;
#1036 = ORIENTED_EDGE ( 'NONE', *, *, #575, .T. ) ;
#1037 =( LENGTH_UNIT ( ) NAMED_UNIT ( * ) SI_UNIT ( .MILLI., .METRE. ) );
#1038 = CARTESIAN_POINT ( 'NONE',  ( 3.912071732558238600, 6.495000000000000100, 1.053028994543904000 ) ) ;
#1039 =( GEOMETRIC_REPRESENTATION_CONTEXT ( 3 ) GLOBAL_UNCERTAINTY_ASSIGNED_CONTEXT ( ( #2347 ) ) GLOBAL_UNIT_ASSIGNED_CONTEXT ( ( #297, #71, #1167 ) ) REPRESENTATION_CONTEXT ( 'NONE', 'WORKASPACE' ) );
#1040 = LINE ( 'NONE', #442, #362 ) ;
#1041 = ORIENTED_EDGE ( 'NONE', *, *, #2601, .F. ) ;
#1042 = ORIENTED_EDGE ( 'NONE', *, *, #1810, .F. ) ;
#1043 = ADVANCED_FACE ( 'NONE', ( #2146 ), #1863, .F. ) ;
#1044 = LINE ( 'NONE', #1005, #2313 ) ;
#1045 = SURFACE_STYLE_USAGE ( .BOTH. , #191 ) ;
#1046 = VECTOR ( 'NONE', #2445, 1000.000000000000000 ) ;
#1047 = EDGE_CURVE ( 'NONE', #486, #1468, #105, .T. ) ;
#1048 = CARTESIAN_POINT ( 'NONE',  ( 2.268643844463263300, 6.500000000000000000, -0.5792907574821812800 ) ) ;
#1049 = DIRECTION ( 'NONE',  ( -0.2765379750249959400, 0.0000000000000000000, 0.9610029908221278100 ) ) ;
#1050 = CARTESIAN_POINT ( 'NONE',  ( 3.337746768091752500, 6.500000000000000000, 1.053028994543904200 ) ) ;
#1051 = LINE ( 'NONE', #1476, #174 ) ;
#1052 = FILL_AREA_STYLE ('',( #2540 ) ) ;
#1053 = MECHANICAL_DESIGN_GEOMETRIC_PRESENTATION_REPRESENTATION (  '', ( #902 ), #1187 ) ;
#1054 = CARTESIAN_POINT ( 'NONE',  ( -3.086335984546776600, 6.495000000000000100, 1.053028994543905700 ) ) ;
#1055 = PRESENTATION_LAYER_ASSIGNMENT (  '', '', ( #234 ) ) ;
#1056 = ADVANCED_FACE ( 'NONE', ( #2106 ), #2510, .F. ) ;
#1057 = DIRECTION ( 'NONE',  ( 0.2740217765954067200, 0.0000000000000000000, -0.9617234872620595800 ) ) ;
#1058 = DIRECTION ( 'NONE',  ( -0.0000000000000000000, 1.000000000000000000, -0.0000000000000000000 ) ) ;
#1059 = EDGE_CURVE ( 'NONE', #245, #313, #876, .T. ) ;
#1060 = DIRECTION ( 'NONE',  ( 0.0000000000000000000, 0.0000000000000000000, 1.000000000000000000 ) ) ;
#1061 = CARTESIAN_POINT ( 'NONE',  ( -0.9143214339711456300, 6.495000000000000100, 1.053028994543905300 ) ) ;
#1062 = ORIENTED_EDGE ( 'NONE', *, *, #2563, .F. ) ;
#1063 = VECTOR ( 'NONE', #1886, 1000.000000000000000 ) ;
#1064 = EDGE_CURVE ( 'NONE', #2158, #180, #1109, .T. ) ;
#1065 = ORIENTED_EDGE ( 'NONE', *, *, #2168, .F. ) ;
#1066 = VERTEX_POINT ( 'NONE', #377 ) ;
#1067 = CARTESIAN_POINT ( 'NONE',  ( -2.689999999999998600, -3.000000000000000000, -0.6500000000000011300 ) ) ;
#1068 = TOROIDAL_SURFACE ( 'NONE', #839, 5.330749999999999200, 0.4192500000000000100 ) ;
#1069 = ORIENTED_EDGE ( 'NONE', *, *, #271, .T. ) ;
#1070 = EDGE_CURVE ( 'NONE', #1606, #2234, #368, .T. ) ;
#1071 = ORIENTED_EDGE ( 'NONE', *, *, #2483, .F. ) ;
#1072 = LINE ( 'NONE', #1371, #123 ) ;
#1073 = ORIENTED_EDGE ( 'NONE', *, *, #1277, .F. ) ;
#1074 = ORIENTED_EDGE ( 'NONE', *, *, #1295, .T. ) ;
#1075 = FACE_OUTER_BOUND ( 'NONE', #1897, .T. ) ;
#1076 = VECTOR ( 'NONE', #2336, 1000.000000000000000 ) ;
#1077 = SURFACE_SIDE_STYLE ('',( #663 ) ) ;
#1078 = ORIENTED_EDGE ( 'NONE', *, *, #2736, .F. ) ;
#1079 =( NAMED_UNIT ( * ) PLANE_ANGLE_UNIT ( ) SI_UNIT ( $, .RADIAN. ) );
#1080 = CARTESIAN_POINT ( 'NONE',  ( -3.924721411668132800, 6.495000000000000100, 1.053028994543904900 ) ) ;
#1081 = DIRECTION ( 'NONE',  ( 0.9615454294334480100, 0.0000000000000000000, 0.2746459304916897800 ) ) ;
#1082 = EDGE_CURVE ( 'NONE', #87, #27, #1449, .T. ) ;
#1083 = CARTESIAN_POINT ( 'NONE',  ( 0.0000000000000000000, 6.500000000000000000, 0.0000000000000000000 ) ) ;
#1084 = CARTESIAN_POINT ( 'NONE',  ( 0.0000000000000000000, 0.4192500000000003400, 0.0000000000000000000 ) ) ;
#1085 = SURFACE_SIDE_STYLE ('',( #1870 ) ) ;
#1086 = AXIS2_PLACEMENT_3D ( 'NONE', #2230, #1624, #753 ) ;
#1087 = CARTESIAN_POINT ( 'NONE',  ( -2.402511279821104600, 6.495000000000000100, 0.6694550024109757700 ) ) ;
#1088 = PRODUCT_DEFINITION_FORMATION_WITH_SPECIFIED_SOURCE ( 'ANY', '', #953, .NOT_KNOWN. ) ;
#1089 = DIRECTION ( 'NONE',  ( 0.9237839814038765200, 0.0000000000000000000, -0.3829140317376767400 ) ) ;
#1090 = EDGE_CURVE ( 'NONE', #1865, #2744, #295, .T. ) ;
#1091 =( NAMED_UNIT ( * ) SI_UNIT ( $, .STERADIAN. ) SOLID_ANGLE_UNIT ( ) );
#1092 = CARTESIAN_POINT ( 'NONE',  ( -3.086335984546776600, 6.495000000000000100, 1.053028994543905700 ) ) ;
#1093 = ORIENTED_EDGE ( 'NONE', *, *, #1967, .F. ) ;
#1094 = ORIENTED_EDGE ( 'NONE', *, *, #2578, .T. ) ;
#1095 = EDGE_CURVE ( 'NONE', #788, #159, #1774, .T. ) ;
#1096 = LINE ( 'NONE', #2655, #2746 ) ;
#1097 = ORIENTED_EDGE ( 'NONE', *, *, #1454, .T. ) ;
#1098 =( LENGTH_UNIT ( ) NAMED_UNIT ( * ) SI_UNIT ( .MILLI., .METRE. ) );
#1099 = VECTOR ( 'NONE', #641, 1000.000000000000000 ) ;
#1100 = ORIENTED_EDGE ( 'NONE', *, *, #2598, .T. ) ;
#1101 = LINE ( 'NONE', #1192, #530 ) ;
#1102 = DIRECTION ( 'NONE',  ( -1.000000000000000000, 0.0000000000000000000, 0.0000000000000000000 ) ) ;
#1103 =( NAMED_UNIT ( * ) PLANE_ANGLE_UNIT ( ) SI_UNIT ( $, .RADIAN. ) );
#1104 = VERTEX_POINT ( 'NONE', #827 ) ;
#1105 = VERTEX_POINT ( 'NONE', #1487 ) ;
#1106 = AXIS2_PLACEMENT_3D ( 'NONE', #770, #2333, #1631 ) ;
#1107 = LINE ( 'NONE', #144, #195 ) ;
#1108 = FILL_AREA_STYLE_COLOUR ( '', #1443 ) ;
#1109 = LINE ( 'NONE', #2095, #2207 ) ;
#1110 = DIRECTION ( 'NONE',  ( -0.2762517575166151300, 0.0000000000000000000, 0.9610853065513910200 ) ) ;
#1111 = FACE_OUTER_BOUND ( 'NONE', #727, .T. ) ;
#1112 =( NAMED_UNIT ( * ) SI_UNIT ( $, .STERADIAN. ) SOLID_ANGLE_UNIT ( ) );
#1113 = EDGE_CURVE ( 'NONE', #280, #1372, #1653, .T. ) ;
#1114 = FILL_AREA_STYLE ('',( #1108 ) ) ;
#1115 = CARTESIAN_POINT ( 'NONE',  ( 2.268643844463263300, 6.500000000000000000, -0.5792907574821812800 ) ) ;
#1116 = PRESENTATION_LAYER_ASSIGNMENT (  '', '', ( #2322 ) ) ;
#1117 = EDGE_LOOP ( 'NONE', ( #534, #731, #2310, #2726 ) ) ;
#1118 = CARTESIAN_POINT ( 'NONE',  ( -2.506168825485704900, 6.495000000000000100, -0.9631222229663520800 ) ) ;
#1119 = LINE ( 'NONE', #2306, #1063 ) ;
#1120 = ORIENTED_EDGE ( 'NONE', *, *, #2449, .T. ) ;
#1121 = VERTEX_POINT ( 'NONE', #1906 ) ;
#1122 = EDGE_CURVE ( 'NONE', #2674, #1939, #503, .T. ) ;
#1123 = LINE ( 'NONE', #2287, #1955 ) ;
#1124 = DIRECTION ( 'NONE',  ( 0.0000000000000000000, 0.0000000000000000000, 1.000000000000000000 ) ) ;
#1125 = DIRECTION ( 'NONE',  ( 0.2762033010288755300, 0.0000000000000000000, -0.9610992334305299400 ) ) ;
#1126 = DIRECTION ( 'NONE',  ( -0.4726578386607643300, -3.016910393003142400E-016, 0.8812460312265438800 ) ) ;
#1127 = ORIENTED_EDGE ( 'NONE', *, *, #2544, .F. ) ;
#1128 = ORIENTED_EDGE ( 'NONE', *, *, #125, .T. ) ;
#1129 = ORIENTED_EDGE ( 'NONE', *, *, #2483, .T. ) ;
#1130 = EDGE_CURVE ( 'NONE', #24, #1669, #1579, .T. ) ;
#1131 = CARTESIAN_POINT ( 'NONE',  ( 0.0000000000000000000, 6.080749999999999200, 0.0000000000000000000 ) ) ;
#1132 = ORIENTED_EDGE ( 'NONE', *, *, #2019, .F. ) ;
#1133 = VECTOR ( 'NONE', #849, 1000.000000000000000 ) ;
#1134 = VECTOR ( 'NONE', #1176, 1000.000000000000100 ) ;
#1135 = VERTEX_POINT ( 'NONE', #1494 ) ;
#1136 = EDGE_LOOP ( 'NONE', ( #1866, #896, #1459, #715 ) ) ;
#1137 = DIRECTION ( 'NONE',  ( 1.000000000000000000, 0.0000000000000000000, -3.775570415932256000E-016 ) ) ;
#1138 = LINE ( 'NONE', #262, #1046 ) ;
#1139 = AXIS2_PLACEMENT_3D ( 'NONE', #1288, #888, #1776 ) ;
#1140 =( NAMED_UNIT ( * ) PLANE_ANGLE_UNIT ( ) SI_UNIT ( $, .RADIAN. ) );
#1141 = DIRECTION ( 'NONE',  ( -0.0000000000000000000, -1.000000000000000000, -0.0000000000000000000 ) ) ;
#1142 = DIRECTION ( 'NONE',  ( -1.455827704943586500E-016, 0.0000000000000000000, -1.000000000000000000 ) ) ;
#1143 = PLANE ( 'NONE',  #179 ) ;
#1144 = UNCERTAINTY_MEASURE_WITH_UNIT (LENGTH_MEASURE( 1.000000000000000100E-005 ), #197, 'distance_accuracy_value', 'NONE');
#1145 = FACE_OUTER_BOUND ( 'NONE', #2311, .T. ) ;
#1146 = DIRECTION ( 'NONE',  ( -0.7059037656364859400, -0.0000000000000000000, 0.7083077534943613700 ) ) ;
#1147 = PLANE ( 'NONE',  #1830 ) ;
#1148 = EDGE_CURVE ( 'NONE', #1868, #1225, #2496, .T. ) ;
#1149 = FILL_AREA_STYLE_COLOUR ( '', #1854 ) ;
#1150 = CARTESIAN_POINT ( 'NONE',  ( -2.506168825485704900, 6.495000000000000100, -0.9631222229663520800 ) ) ;
#1151 = AXIS2_PLACEMENT_3D ( 'NONE', #2096, #2568, #2796 ) ;
#1152 = DIRECTION ( 'NONE',  ( 0.9610992334305299400, 0.0000000000000000000, 0.2762033010288755300 ) ) ;
#1153 = DIRECTION ( 'NONE',  ( 1.224646799147352700E-016, 0.0000000000000000000, -1.000000000000000000 ) ) ;
#1154 = DIRECTION ( 'NONE',  ( -0.0000000000000000000, 1.000000000000000000, -0.0000000000000000000 ) ) ;
#1155 = ORIENTED_EDGE ( 'NONE', *, *, #1919, .F. ) ;
#1156 = VECTOR ( 'NONE', #2543, 1000.000000000000100 ) ;
#1157 = VERTEX_POINT ( 'NONE', #2123 ) ;
#1158 = ORIENTED_EDGE ( 'NONE', *, *, #2038, .T. ) ;
#1159 = ADVANCED_FACE ( 'NONE', ( #739 ), #621, .T. ) ;
#1160 = ORIENTED_EDGE ( 'NONE', *, *, #1486, .F. ) ;
#1161 = CARTESIAN_POINT ( 'NONE',  ( -3.311272758248907000, 6.500000000000000000, 1.053028994543904900 ) ) ;
#1162 = CARTESIAN_POINT ( 'NONE',  ( -5.236055282421049600, 6.500000000000000000, 1.000310272830696300 ) ) ;
#1163 = PLANE ( 'NONE',  #1426 ) ;
#1164 = ORIENTED_EDGE ( 'NONE', *, *, #1864, .T. ) ;
#1165 = VECTOR ( 'NONE', #399, 1000.000000000000000 ) ;
#1166 = VECTOR ( 'NONE', #1612, 1000.000000000000000 ) ;
#1167 =( NAMED_UNIT ( * ) SI_UNIT ( $, .STERADIAN. ) SOLID_ANGLE_UNIT ( ) );
#1168 = EDGE_CURVE ( 'NONE', #1807, #1565, #1209, .T. ) ;
#1169 = VERTEX_POINT ( 'NONE', #1285 ) ;
#1170 = ORIENTED_EDGE ( 'NONE', *, *, #571, .F. ) ;
#1171 = DIRECTION ( 'NONE',  ( -0.0000000000000000000, 1.000000000000000000, -0.0000000000000000000 ) ) ;
#1172 = LINE ( 'NONE', #2518, #903 ) ;
#1173 = PRESENTATION_LAYER_ASSIGNMENT (  '', '', ( #484 ) ) ;
#1174 = CARTESIAN_POINT ( 'NONE',  ( -0.8156049229187412000, 6.500000000000000000, -0.9631222229663523000 ) ) ;
#1175 = COLOUR_RGB ( '',0.8980392156862745400, 0.9215686274509803400, 0.9294117647058823800 ) ;
#1176 = DIRECTION ( 'NONE',  ( -0.3829140317376766900, -0.0000000000000000000, -0.9237839814038764100 ) ) ;
#1177 = UNCERTAINTY_MEASURE_WITH_UNIT (LENGTH_MEASURE( 1.000000000000000100E-005 ), #2223, 'distance_accuracy_value', 'NONE');
#1178 = LINE ( 'NONE', #2014, #538 ) ;
#1179 = ADVANCED_FACE ( 'NONE', ( #1284 ), #410, .T. ) ;
#1180 = LINE ( 'NONE', #577, #2252 ) ;
#1181 = DIRECTION ( 'NONE',  ( -1.000000000000000000, 0.0000000000000000000, 1.455827704943586500E-016 ) ) ;
#1182 = CARTESIAN_POINT ( 'NONE',  ( 3.912071732558238600, 6.500000000000000000, 1.053028994543904000 ) ) ;
#1183 = DIRECTION ( 'NONE',  ( -0.0000000000000000000, 1.000000000000000000, -0.0000000000000000000 ) ) ;
#1184 = CARTESIAN_POINT ( 'NONE',  ( -0.03453285888950724500, 6.495000000000000100, 0.4772421111879622800 ) ) ;
#1185 = EDGE_CURVE ( 'NONE', #237, #1735, #2077, .T. ) ;
#1186 =( NAMED_UNIT ( * ) SI_UNIT ( $, .STERADIAN. ) SOLID_ANGLE_UNIT ( ) );
#1187 =( GEOMETRIC_REPRESENTATION_CONTEXT ( 3 ) GLOBAL_UNCERTAINTY_ASSIGNED_CONTEXT ( ( #708 ) ) GLOBAL_UNIT_ASSIGNED_CONTEXT ( ( #2297, #1029, #173 ) ) REPRESENTATION_CONTEXT ( 'NONE', 'WORKASPACE' ) );
#1188 = DIRECTION ( 'NONE',  ( -1.000000000000000000, 0.0000000000000000000, 0.0000000000000000000 ) ) ;
#1189 = ADVANCED_FACE ( 'NONE', ( #2351 ), #437, .F. ) ;
#1190 = ORIENTED_EDGE ( 'NONE', *, *, #2284, .F. ) ;
#1191 = CARTESIAN_POINT ( 'NONE',  ( -5.251205731465742800, 6.499254104594566400, 1.053028994543842500 ) ) ;
#1192 = CARTESIAN_POINT ( 'NONE',  ( -3.487335487235283500, 6.495000000000000100, -0.9631222229663523000 ) ) ;
#1193 = EDGE_LOOP ( 'NONE', ( #1833, #1790, #2546, #1120 ) ) ;
#1194 = LINE ( 'NONE', #542, #2675 ) ;
#1195 = ORIENTED_EDGE ( 'NONE', *, *, #1810, .T. ) ;
#1196 = VERTEX_POINT ( 'NONE', #2145 ) ;
#1197 = LINE ( 'NONE', #2772, #1831 ) ;
#1198 = CARTESIAN_POINT ( 'NONE',  ( 0.9900434363040663300, 6.500000000000000000, -0.7505411885221796600 ) ) ;
#1199 = VECTOR ( 'NONE', #1181, 1000.000000000000000 ) ;
#1200 = VERTEX_POINT ( 'NONE', #867 ) ;
#1201 = ORIENTED_EDGE ( 'NONE', *, *, #1816, .F. ) ;
#1202 = EDGE_CURVE ( 'NONE', #995, #1999, #941, .T. ) ;
#1203 = CARTESIAN_POINT ( 'NONE',  ( 3.024744995834479400, 6.500000000000000000, -0.2042869498019201400 ) ) ;
#1204 = LINE ( 'NONE', #124, #1134 ) ;
#1205 = ORIENTED_EDGE ( 'NONE', *, *, #207, .T. ) ;
#1206 = ADVANCED_FACE ( 'NONE', ( #980 ), #2105, .F. ) ;
#1207 = DIRECTION ( 'NONE',  ( -0.0000000000000000000, 1.000000000000000000, -0.0000000000000000000 ) ) ;
#1208 = EDGE_CURVE ( 'NONE', #2225, #420, #1576, .T. ) ;
#1209 = LINE ( 'NONE', #2566, #2659 ) ;
#1210 = AXIS2_PLACEMENT_3D ( 'NONE', #2070, #1213, #311 ) ;
#1211 = UNCERTAINTY_MEASURE_WITH_UNIT (LENGTH_MEASURE( 1.000000000000000100E-005 ), #1725, 'distance_accuracy_value', 'NONE');
#1212 = DIRECTION ( 'NONE',  ( -0.2760118818968560500, 0.0000000000000000000, 0.9611542233438689100 ) ) ;
#1213 = DIRECTION ( 'NONE',  ( -1.096870650732911100E-013, 0.0000000000000000000, 1.000000000000000000 ) ) ;
#1214 = DIRECTION ( 'NONE',  ( -0.0000000000000000000, 1.000000000000000000, -0.0000000000000000000 ) ) ;
#1215 = FACE_OUTER_BOUND ( 'NONE', #1193, .T. ) ;
#1216 = DIRECTION ( 'NONE',  ( -1.000000000000000000, 0.0000000000000000000, 2.284793946200968900E-016 ) ) ;
#1217 = ADVANCED_FACE ( 'NONE', ( #1015 ), #2617, .F. ) ;
#1218 = DIRECTION ( 'NONE',  ( 1.000000000000000000, 0.0000000000000000000, 0.0000000000000000000 ) ) ;
#1219 = CARTESIAN_POINT ( 'NONE',  ( 1.227090569557494300, 6.495000000000000100, 1.053028994543904900 ) ) ;
#1220 = DIRECTION ( 'NONE',  ( 0.2762437428917315400, 0.0000000000000000000, -0.9610876102172824000 ) ) ;
#1221 = EDGE_CURVE ( 'NONE', #90, #453, #699, .T. ) ;
#1222 = PRESENTATION_LAYER_ASSIGNMENT (  '', '', ( #902 ) ) ;
#1223 = VERTEX_POINT ( 'NONE', #1115 ) ;
#1224 = UNCERTAINTY_MEASURE_WITH_UNIT (LENGTH_MEASURE( 1.000000000000000100E-005 ), #2229, 'distance_accuracy_value', 'NONE');
#1225 = VERTEX_POINT ( 'NONE', #674 ) ;
#1226 = VERTEX_POINT ( 'NONE', #1548 ) ;
#1227 = CARTESIAN_POINT ( 'NONE',  ( 3.337746768091752500, 6.500000000000000000, 1.053028994543904200 ) ) ;
#1228 = CARTESIAN_POINT ( 'NONE',  ( -2.044280021955986900, 6.495000000000000100, -0.5793581909814401500 ) ) ;
#1229 = LINE ( 'NONE', #967, #2477 ) ;
#1230 = ORIENTED_EDGE ( 'NONE', *, *, #2330, .T. ) ;
#1231 = LINE ( 'NONE', #1895, #25 ) ;
#1232 = ADVANCED_FACE ( 'NONE', ( #2564 ), #1737, .F. ) ;
#1233 = EDGE_CURVE ( 'NONE', #1510, #1855, #499, .T. ) ;
#1234 = ORIENTED_EDGE ( 'NONE', *, *, #552, .F. ) ;
#1235 = LINE ( 'NONE', #1496, #570 ) ;
#1236 = LINE ( 'NONE', #431, #531 ) ;
#1237 = ORIENTED_EDGE ( 'NONE', *, *, #1148, .F. ) ;
#1238 = ORIENTED_EDGE ( 'NONE', *, *, #2174, .F. ) ;
#1239 = DIRECTION ( 'NONE',  ( 0.2762437428917315400, 0.0000000000000000000, -0.9610876102172824000 ) ) ;
#1240 = EDGE_CURVE ( 'NONE', #1444, #1311, #436, .T. ) ;
#1241 = DIRECTION ( 'NONE',  ( -0.0000000000000000000, 0.0000000000000000000, 1.000000000000000000 ) ) ;
#1242 = CARTESIAN_POINT ( 'NONE',  ( -1.394503104559656100, 6.500000000000000000, 0.1683628157939400200 ) ) ;
#1243 = VECTOR ( 'NONE', #1641, 1000.000000000000000 ) ;
#1244 = DIRECTION ( 'NONE',  ( 0.9601763114327595000, 0.0000000000000000000, 0.2793947940878294700 ) ) ;
#1245 = SURFACE_STYLE_USAGE ( .BOTH. , #198 ) ;
#1246 = EDGE_CURVE ( 'NONE', #420, #1740, #1477, .T. ) ;
#1247 = UNCERTAINTY_MEASURE_WITH_UNIT (LENGTH_MEASURE( 1.000000000000000100E-005 ), #2522, 'distance_accuracy_value', 'NONE');
#1248 = ADVANCED_FACE ( 'NONE', ( #333 ), #1757, .T. ) ;
#1249 = VECTOR ( 'NONE', #935, 1000.000000000000000 ) ;
#1250 = CARTESIAN_POINT ( 'NONE',  ( 0.0000000000000000000, 6.500000000000000000, 0.0000000000000000000 ) ) ;
#1251 = DIRECTION ( 'NONE',  ( 0.2763139702539117400, 0.0000000000000000000, -0.9610674221107072800 ) ) ;
#1252 = DIRECTION ( 'NONE',  ( -0.05596501978067570900, 0.0000000000000000000, 0.9984327301130249100 ) ) ;
#1253 = PLANE ( 'NONE',  #2271 ) ;
#1254 =( NAMED_UNIT ( * ) SI_UNIT ( $, .STERADIAN. ) SOLID_ANGLE_UNIT ( ) );
#1255 = CARTESIAN_POINT ( 'NONE',  ( -3.487335487235283500, 6.495000000000000100, -0.9631222229663523000 ) ) ;
#1256 = ORIENTED_EDGE ( 'NONE', *, *, #1552, .T. ) ;
#1257 = EDGE_CURVE ( 'NONE', #2201, #189, #805, .T. ) ;
#1258 = PRODUCT_DEFINITION_CONTEXT ( 'detailed design', #946, 'design' ) ;
#1259 = ADVANCED_FACE ( 'NONE', ( #2762 ), #1324, .F. ) ;
#1260 =( NAMED_UNIT ( * ) SI_UNIT ( $, .STERADIAN. ) SOLID_ANGLE_UNIT ( ) );
#1261 = ORIENTED_EDGE ( 'NONE', *, *, #271, .F. ) ;
#1262 = DIRECTION ( 'NONE',  ( -0.0000000000000000000, 1.000000000000000000, -0.0000000000000000000 ) ) ;
#1263 = ORIENTED_EDGE ( 'NONE', *, *, #707, .F. ) ;
#1264 = EDGE_LOOP ( 'NONE', ( #925, #156, #1664, #2643 ) ) ;
#1265 = ORIENTED_EDGE ( 'NONE', *, *, #2678, .F. ) ;
#1266 = FACE_OUTER_BOUND ( 'NONE', #2231, .T. ) ;
#1267 = ORIENTED_EDGE ( 'NONE', *, *, #1981, .T. ) ;
#1268 = CARTESIAN_POINT ( 'NONE',  ( 6.785002509826017300E-016, 6.500000000000000000, -5.330749999999999200 ) ) ;
#1269 = DIRECTION ( 'NONE',  ( 1.000000000000000000, 0.0000000000000000000, -4.232393926185561900E-016 ) ) ;
#1270 =( GEOMETRIC_REPRESENTATION_CONTEXT ( 3 ) GLOBAL_UNCERTAINTY_ASSIGNED_CONTEXT ( ( #517 ) ) GLOBAL_UNIT_ASSIGNED_CONTEXT ( ( #2249, #990, #548 ) ) REPRESENTATION_CONTEXT ( 'NONE', 'WORKASPACE' ) );
#1271 = FACE_OUTER_BOUND ( 'NONE', #166, .T. ) ;
#1272 = VERTEX_POINT ( 'NONE', #2595 ) ;
#1273 = VECTOR ( 'NONE', #10, 1000.000000000000000 ) ;
#1274 =( LENGTH_UNIT ( ) NAMED_UNIT ( * ) SI_UNIT ( .MILLI., .METRE. ) );
#1275 = LINE ( 'NONE', #2579, #2309 ) ;
#1276 = CARTESIAN_POINT ( 'NONE',  ( -1.284868498917413500, 6.500000000000000000, 0.6694550024109757700 ) ) ;
#1277 = EDGE_CURVE ( 'NONE', #1665, #2513, #1417, .T. ) ;
#1278 = ORIENTED_EDGE ( 'NONE', *, *, #1523, .F. ) ;
#1279 = VECTOR ( 'NONE', #2267, 1000.000000000000200 ) ;
#1280 = CARTESIAN_POINT ( 'NONE',  ( -2.823838918333584600, 6.495000000000000100, -0.9631222229663523000 ) ) ;
#1281 = PRESENTATION_STYLE_ASSIGNMENT (( #2224 ) ) ;
#1282 = EDGE_CURVE ( 'NONE', #685, #1829, #2006, .T. ) ;
#1283 =( NAMED_UNIT ( * ) SI_UNIT ( $, .STERADIAN. ) SOLID_ANGLE_UNIT ( ) );
#1284 = FACE_OUTER_BOUND ( 'NONE', #26, .T. ) ;
#1285 = CARTESIAN_POINT ( 'NONE',  ( -2.689999999999998600, -3.000000000000000000, 0.6499999999999988000 ) ) ;
#1286 = AXIS2_PLACEMENT_3D ( 'NONE', #107, #330, #337 ) ;
#1287 = AXIS2_PLACEMENT_3D ( 'NONE', #2553, #1832, #981 ) ;
#1288 = CARTESIAN_POINT ( 'NONE',  ( -2.389999999999998800, -3.000000000000000000, 0.6499999999999986900 ) ) ;
#1289 = ADVANCED_FACE ( 'NONE', ( #2594 ), #2602, .F. ) ;
#1290 = CARTESIAN_POINT ( 'NONE',  ( 0.9844525863630282400, 6.495000000000000100, 1.053028994543904600 ) ) ;
#1291 = DIRECTION ( 'NONE',  ( 0.0000000000000000000, -0.0000000000000000000, 1.000000000000000000 ) ) ;
#1292 = ORIENTED_EDGE ( 'NONE', *, *, #643, .T. ) ;
#1293 = VECTOR ( 'NONE', #806, 1000.000000000000000 ) ;
#1294 = CARTESIAN_POINT ( 'NONE',  ( 1.910155113253702200, 6.500000000000000000, 0.6693814386009966400 ) ) ;
#1295 = EDGE_CURVE ( 'NONE', #2189, #2234, #2144, .T. ) ;
#1296 = EDGE_LOOP ( 'NONE', ( #2552, #652, #495, #2710 ) ) ;
#1297 = LINE ( 'NONE', #2025, #2263 ) ;
#1298 = ORIENTED_EDGE ( 'NONE', *, *, #1328, .T. ) ;
#1299 = STYLED_ITEM ( 'NONE', ( #1808 ), #148 ) ;
#1300 = ORIENTED_EDGE ( 'NONE', *, *, #2177, .T. ) ;
#1301 = LINE ( 'NONE', #1161, #2063 ) ;
#1302 =( LENGTH_UNIT ( ) NAMED_UNIT ( * ) SI_UNIT ( .MILLI., .METRE. ) );
#1303 = VERTEX_POINT ( 'NONE', #268 ) ;
#1304 = FACE_OUTER_BOUND ( 'NONE', #1264, .T. ) ;
#1305 = ORIENTED_EDGE ( 'NONE', *, *, #1318, .T. ) ;
#1306 = ORIENTED_EDGE ( 'NONE', *, *, #2775, .T. ) ;
#1307 = LINE ( 'NONE', #283, #1374 ) ;
#1308 = PRESENTATION_STYLE_ASSIGNMENT (( #474 ) ) ;
#1309 = CARTESIAN_POINT ( 'NONE',  ( 0.0000000000000000000, 6.495000000000000100, 0.0000000000000000000 ) ) ;
#1310 = ORIENTED_EDGE ( 'NONE', *, *, #1775, .F. ) ;
#1311 = VERTEX_POINT ( 'NONE', #69 ) ;
#1312 = LINE ( 'NONE', #1508, #939 ) ;
#1313 = LINE ( 'NONE', #576, #2759 ) ;
#1314 = CARTESIAN_POINT ( 'NONE',  ( -3.487335487235283500, 6.495000000000000100, -0.9631222229663523000 ) ) ;
#1315 = CARTESIAN_POINT ( 'NONE',  ( -3.765038890539953000, 6.500000000000000000, -0.04168639734653927600 ) ) ;
#1316 = VECTOR ( 'NONE', #1843, 1000.000000000000100 ) ;
#1317 = UNCERTAINTY_MEASURE_WITH_UNIT (LENGTH_MEASURE( 1.000000000000000100E-005 ), #1362, 'distance_accuracy_value', 'NONE');
#1318 = EDGE_CURVE ( 'NONE', #1412, #2098, #1972, .T. ) ;
#1319 = CARTESIAN_POINT ( 'NONE',  ( 2.918285894870225900, 6.495000000000000100, 0.1683628157980139000 ) ) ;
#1320 = LINE ( 'NONE', #838, #108 ) ;
#1321 =( LENGTH_UNIT ( ) NAMED_UNIT ( * ) SI_UNIT ( .MILLI., .METRE. ) );
#1322 = MECHANICAL_DESIGN_GEOMETRIC_PRESENTATION_REPRESENTATION (  '', ( #248 ), #2732 ) ;
#1323 = CARTESIAN_POINT ( 'NONE',  ( -2.259736175507299100, 6.495000000000000100, 0.1683628157939400200 ) ) ;
#1324 = PLANE ( 'NONE',  #873 ) ;
#1325 = ORIENTED_EDGE ( 'NONE', *, *, #910, .T. ) ;
#1326 = PLANE ( 'NONE',  #1376 ) ;
#1327 = VERTEX_POINT ( 'NONE', #1992 ) ;
#1328 = EDGE_CURVE ( 'NONE', #2366, #180, #1138, .T. ) ;
#1329 = EDGE_LOOP ( 'NONE', ( #2756, #2615, #1729, #2181 ) ) ;
#1330 =( NAMED_UNIT ( * ) PLANE_ANGLE_UNIT ( ) SI_UNIT ( $, .RADIAN. ) );
#1331 = ORIENTED_EDGE ( 'NONE', *, *, #374, .F. ) ;
#1332 = FACE_OUTER_BOUND ( 'NONE', #226, .T. ) ;
#1333 = ORIENTED_EDGE ( 'NONE', *, *, #2087, .F. ) ;
#1334 = DIRECTION ( 'NONE',  ( 1.000000000000000000, 0.0000000000000000000, -3.775570415932256500E-016 ) ) ;
#1335 = LINE ( 'NONE', #924, #1834 ) ;
#1336 = CARTESIAN_POINT ( 'NONE',  ( -1.284868498917413500, 6.495000000000000100, 0.6694550024109757700 ) ) ;
#1337 = ORIENTED_EDGE ( 'NONE', *, *, #2739, .T. ) ;
#1338 = ORIENTED_EDGE ( 'NONE', *, *, #2574, .F. ) ;
#1339 = CARTESIAN_POINT ( 'NONE',  ( -3.924721411668132800, 6.495000000000000100, 1.053028994543904900 ) ) ;
#1340 = FACE_OUTER_BOUND ( 'NONE', #585, .T. ) ;
#1341 = DIRECTION ( 'NONE',  ( 1.000000000000000000, 0.0000000000000000000, -4.034331580539989700E-016 ) ) ;
#1342 = VECTOR ( 'NONE', #1344, 1000.000000000000000 ) ;
#1343 = CARTESIAN_POINT ( 'NONE',  ( 1.564110927417840000, 6.500000000000000000, -0.9631222229663527500 ) ) ;
#1344 = DIRECTION ( 'NONE',  ( 0.3725077383644269700, -0.0000000000000000000, 0.9280290862136917300 ) ) ;
#1345 = VECTOR ( 'NONE', #1207, 1000.000000000000000 ) ;
#1346 = CARTESIAN_POINT ( 'NONE',  ( 4.379680122707077800, 6.495000000000000100, -0.5738409048472185000 ) ) ;
#1347 = EDGE_CURVE ( 'NONE', #685, #1365, #469, .T. ) ;
#1348 = LINE ( 'NONE', #1242, #2173 ) ;
#1349 = CARTESIAN_POINT ( 'NONE',  ( -4.344182283275985800, 6.495000000000000100, -0.1033573956103139300 ) ) ;
#1350 = PRESENTATION_LAYER_ASSIGNMENT (  '', '', ( #1019 ) ) ;
#1351 = FILL_AREA_STYLE ('',( #883 ) ) ;
#1352 = CARTESIAN_POINT ( 'NONE',  ( 2.390000000000000600, -2.700000000000000200, -0.6500000000000042400 ) ) ;
#1353 = PLANE ( 'NONE',  #1819 ) ;
#1354 = AXIS2_PLACEMENT_3D ( 'NONE', #1890, #210, #2582 ) ;
#1355 = DIRECTION ( 'NONE',  ( 1.000000000000000000, 0.0000000000000000000, 0.0000000000000000000 ) ) ;
#1356 = DIRECTION ( 'NONE',  ( -1.000000000000000000, 0.0000000000000000000, 1.455827704943586500E-016 ) ) ;
#1357 = EDGE_LOOP ( 'NONE', ( #481, #276, #1754, #2237 ) ) ;
#1358 = CARTESIAN_POINT ( 'NONE',  ( -5.251205731465742800, 6.500000000000000000, 1.053028994543842500 ) ) ;
#1359 = LINE ( 'NONE', #2078, #2778 ) ;
#1360 = ORIENTED_EDGE ( 'NONE', *, *, #1318, .F. ) ;
#1361 = LINE ( 'NONE', #1004, #2186 ) ;
#1362 =( LENGTH_UNIT ( ) NAMED_UNIT ( * ) SI_UNIT ( .MILLI., .METRE. ) );
#1363 = DIRECTION ( 'NONE',  ( 0.0000000000000000000, 0.0000000000000000000, 1.000000000000000000 ) ) ;
#1364 = ORIENTED_EDGE ( 'NONE', *, *, #1603, .T. ) ;
#1365 = VERTEX_POINT ( 'NONE', #1595 ) ;
#1366 = LINE ( 'NONE', #625, #522 ) ;
#1367 = CARTESIAN_POINT ( 'NONE',  ( 1.807006385584198200, 6.500000000000000000, -0.9631222229663527500 ) ) ;
#1368 = ORIENTED_EDGE ( 'NONE', *, *, #220, .T. ) ;
#1369 = EDGE_CURVE ( 'NONE', #397, #2783, #2104, .T. ) ;
#1370 = VECTOR ( 'NONE', #2465, 1000.000000000000000 ) ;
#1371 = CARTESIAN_POINT ( 'NONE',  ( -2.689999999999998600, -3.000000000000000000, -0.6500000000000011300 ) ) ;
#1372 = VERTEX_POINT ( 'NONE', #2641 ) ;
#1373 = VECTOR ( 'NONE', #1883, 1000.000000000000000 ) ;
#1374 = VECTOR ( 'NONE', #2657, 1000.000000000000000 ) ;
#1375 = PRESENTATION_STYLE_ASSIGNMENT (( #1926 ) ) ;
#1376 = AXIS2_PLACEMENT_3D ( 'NONE', #2634, #2418, #510 ) ;
#1377 = ORIENTED_EDGE ( 'NONE', *, *, #2190, .F. ) ;
#1378 = ORIENTED_EDGE ( 'NONE', *, *, #2335, .F. ) ;
#1379 = CARTESIAN_POINT ( 'NONE',  ( 1.564110927417840000, 6.500000000000000000, -0.9631222229663527500 ) ) ;
#1380 = CARTESIAN_POINT ( 'NONE',  ( -2.717782572299396000, 0.4192500000000020700, 5.067164679552626600 ) ) ;
#1381 = LINE ( 'NONE', #1048, #1935 ) ;
#1382 = SURFACE_STYLE_FILL_AREA ( #892 ) ;
#1383 = STYLED_ITEM ( 'NONE', ( #547 ), #2773 ) ;
#1384 = CARTESIAN_POINT ( 'NONE',  ( 2.690000000000000400, 0.0000000000000000000, -4.242524731677385800E-015 ) ) ;
#1385 = CARTESIAN_POINT ( 'NONE',  ( -0.3989456066037058200, 6.495000000000000100, -0.7418974402618798700 ) ) ;
#1386 = LINE ( 'NONE', #2245, #2599 ) ;
#1387 = SURFACE_STYLE_USAGE ( .BOTH. , #2430 ) ;
#1388 = CARTESIAN_POINT ( 'NONE',  ( -2.153399680898977000, 6.495000000000000100, -0.2043543833022431500 ) ) ;
#1389 = VECTOR ( 'NONE', #1424, 1000.000000000000000 ) ;
#1390 = UNCERTAINTY_MEASURE_WITH_UNIT (LENGTH_MEASURE( 1.000000000000000100E-005 ), #2395, 'distance_accuracy_value', 'NONE');
#1391 = EDGE_CURVE ( 'NONE', #1510, #221, #572, .T. ) ;
#1392 =( LENGTH_UNIT ( ) NAMED_UNIT ( * ) SI_UNIT ( .MILLI., .METRE. ) );
#1393 = CARTESIAN_POINT ( 'NONE',  ( 5.043569033575890300, 6.495000000000000100, -0.9631222229663530800 ) ) ;
#1394 = AXIS2_PLACEMENT_3D ( 'NONE', #884, #211, #640 ) ;
#1395 = CARTESIAN_POINT ( 'NONE',  ( -3.311272758248907000, 6.500000000000000000, 1.053028994543904900 ) ) ;
#1396 = ADVANCED_FACE ( 'NONE', ( #1716 ), #1785, .F. ) ;
#1397 = DIRECTION ( 'NONE',  ( -0.4443210308329209600, 0.0000000000000000000, 0.8958676361826954900 ) ) ;
#1398 = CARTESIAN_POINT ( 'NONE',  ( 3.192556318522602200, 6.495000000000000100, -0.5766915026842742700 ) ) ;
#1399 = DIRECTION ( 'NONE',  ( -0.0000000000000000000, 1.000000000000000000, -0.0000000000000000000 ) ) ;
#1400 = AXIS2_PLACEMENT_3D ( 'NONE', #2092, #1661, #590 ) ;
#1401 = ORIENTED_EDGE ( 'NONE', *, *, #18, .T. ) ;
#1402 = ORIENTED_EDGE ( 'NONE', *, *, #1936, .T. ) ;
#1403 = ORIENTED_EDGE ( 'NONE', *, *, #954, .F. ) ;
#1404 = LINE ( 'NONE', #709, #1929 ) ;
#1405 = ORIENTED_EDGE ( 'NONE', *, *, #2151, .F. ) ;
#1406 = DIRECTION ( 'NONE',  ( 0.0000000000000000000, 0.0000000000000000000, 1.000000000000000000 ) ) ;
#1407 = VECTOR ( 'NONE', #573, 1000.000000000000000 ) ;
#1408 = ADVANCED_FACE ( 'NONE', ( #2417 ), #1982, .F. ) ;
#1409 = DIRECTION ( 'NONE',  ( 0.0000000000000000000, 0.0000000000000000000, 1.000000000000000000 ) ) ;
#1410 = EDGE_CURVE ( 'NONE', #2560, #159, #840, .T. ) ;
#1411 = ORIENTED_EDGE ( 'NONE', *, *, #2259, .F. ) ;
#1412 = VERTEX_POINT ( 'NONE', #1814 ) ;
#1413 = VECTOR ( 'NONE', #380, 1000.000000000000000 ) ;
#1414 = AXIS2_PLACEMENT_3D ( 'NONE', #904, #2423, #1363 ) ;
#1415 = CARTESIAN_POINT ( 'NONE',  ( 0.0000000000000000000, 6.080749999999999200, -5.750000000000000000 ) ) ;
#1416 = PLANE ( 'NONE',  #2709 ) ;
#1417 = LINE ( 'NONE', #470, #1616 ) ;
#1418 = DIRECTION ( 'NONE',  ( -0.0000000000000000000, 0.0000000000000000000, -1.000000000000000000 ) ) ;
#1419 = DIRECTION ( 'NONE',  ( 0.2755265765475025100, -0.0000000000000000000, -0.9612934544747577800 ) ) ;
#1420 = FILL_AREA_STYLE_COLOUR ( '', #487 ) ;
#1421 = EDGE_CURVE ( 'NONE', #820, #1509, #1753, .T. ) ;
#1422 = ADVANCED_FACE ( 'NONE', ( #2625 ), #978, .T. ) ;
#1423 = PLANE ( 'NONE',  #1210 ) ;
#1424 = DIRECTION ( 'NONE',  ( 0.2746918797667231600, 0.0000000000000000000, -0.9615323037684299100 ) ) ;
#1425 = EDGE_CURVE ( 'NONE', #2341, #1200, #2244, .T. ) ;
#1426 = AXIS2_PLACEMENT_3D ( 'NONE', #1184, #1827, #774 ) ;
#1427 = CARTESIAN_POINT ( 'NONE',  ( 1.564110927417840000, 6.495000000000000100, -0.9631222229663527500 ) ) ;
#1428 = ORIENTED_EDGE ( 'NONE', *, *, #2061, .F. ) ;
#1429 = CARTESIAN_POINT ( 'NONE',  ( -2.389999999999998800, -3.000000000000000000, -0.6500000000000012400 ) ) ;
#1430 = DIRECTION ( 'NONE',  ( 0.9610876102172824000, 0.0000000000000000000, 0.2762437428917315400 ) ) ;
#1431 = ORIENTED_EDGE ( 'NONE', *, *, #1899, .F. ) ;
#1432 = ADVANCED_FACE ( 'NONE', ( #168 ), #2193, .F. ) ;
#1433 = SURFACE_SIDE_STYLE ('',( #947 ) ) ;
#1434 = ORIENTED_EDGE ( 'NONE', *, *, #1986, .T. ) ;
#1435 = VERTEX_POINT ( 'NONE', #744 ) ;
#1436 = ORIENTED_EDGE ( 'NONE', *, *, #575, .F. ) ;
#1437 = UNCERTAINTY_MEASURE_WITH_UNIT (LENGTH_MEASURE( 1.000000000000000100E-005 ), #606, 'distance_accuracy_value', 'NONE');
#1438 = VECTOR ( 'NONE', #1341, 1000.000000000000000 ) ;
#1439 = ORIENTED_EDGE ( 'NONE', *, *, #1090, .F. ) ;
#1440 = VECTOR ( 'NONE', #1907, 1000.000000000000100 ) ;
#1441 = CARTESIAN_POINT ( 'NONE',  ( -4.671798733445354100, 6.495000000000000100, -0.9631222229663523000 ) ) ;
#1442 = ADVANCED_BREP_SHAPE_REPRESENTATION ( 'CDR_LPLLN_D11.5L6.5S5.08LLNEG3LLPOS2.7LT10.3LT21.3', ( #2383, #1614 ), #1039 ) ;
#1443 = COLOUR_RGB ( '',0.0000000000000000000, 0.4862745098039215600, 0.8392156862745098200 ) ;
#1444 = VERTEX_POINT ( 'NONE', #1203 ) ;
#1445 = ORIENTED_EDGE ( 'NONE', *, *, #1277, .T. ) ;
#1446 = VECTOR ( 'NONE', #462, 1000.000000000000000 ) ;
#1447 = AXIS2_PLACEMENT_3D ( 'NONE', #2125, #187, #1690 ) ;
#1448 = COLOUR_RGB ( '',0.2509803921568627400, 0.2509803921568627400, 0.2509803921568627400 ) ;
#1449 = LINE ( 'NONE', #2086, #199 ) ;
#1450 = CARTESIAN_POINT ( 'NONE',  ( 1.807006385584198200, 6.495000000000000100, -0.9631222229663527500 ) ) ;
#1451 = PLANE ( 'NONE',  #1942 ) ;
#1452 = CARTESIAN_POINT ( 'NONE',  ( -0.8156049229187412000, 6.500000000000000000, -0.9631222229663523000 ) ) ;
#1453 = FILL_AREA_STYLE_COLOUR ( '', #2727 ) ;
#1454 = EDGE_CURVE ( 'NONE', #2398, #788, #2384, .T. ) ;
#1455 = ADVANCED_FACE ( 'NONE', ( #1340 ), #1416, .F. ) ;
#1456 = DIRECTION ( 'NONE',  ( 0.2732148821745903900, 0.0000000000000000000, -0.9619530280415592400 ) ) ;
#1457 = MECHANICAL_DESIGN_GEOMETRIC_PRESENTATION_REPRESENTATION (  '', ( #719 ), #401 ) ;
#1458 = VERTEX_POINT ( 'NONE', #543 ) ;
#1459 = ORIENTED_EDGE ( 'NONE', *, *, #2108, .F. ) ;
#1460 = ORIENTED_EDGE ( 'NONE', *, *, #2053, .T. ) ;
#1461 = CARTESIAN_POINT ( 'NONE',  ( -2.389999999999998800, 0.0000000000000000000, 0.6499999999999986900 ) ) ;
#1462 = DIRECTION ( 'NONE',  ( -0.0000000000000000000, 1.000000000000000000, -0.0000000000000000000 ) ) ;
#1463 = AXIS2_PLACEMENT_3D ( 'NONE', #265, #911, #2012 ) ;
#1464 = VERTEX_POINT ( 'NONE', #1851 ) ;
#1465 = ORIENTED_EDGE ( 'NONE', *, *, #2330, .F. ) ;
#1466 = LINE ( 'NONE', #1427, #1534 ) ;
#1467 = DIRECTION ( 'NONE',  ( -0.0000000000000000000, 1.000000000000000000, -0.0000000000000000000 ) ) ;
#1468 = VERTEX_POINT ( 'NONE', #2722 ) ;
#1469 = VECTOR ( 'NONE', #1251, 1000.000000000000000 ) ;
#1470 = EDGE_LOOP ( 'NONE', ( #2067, #1377, #1132, #17 ) ) ;
#1471 = CARTESIAN_POINT ( 'NONE',  ( 1.564110927417840000, 6.495000000000000100, -0.9631222229663527500 ) ) ;
#1472 = PRESENTATION_STYLE_ASSIGNMENT (( #1521 ) ) ;
#1473 = ADVANCED_FACE ( 'NONE', ( #636 ), #1423, .F. ) ;
#1474 = SURFACE_SIDE_STYLE ('',( #1768 ) ) ;
#1475 = VECTOR ( 'NONE', #1462, 1000.000000000000000 ) ;
#1476 = CARTESIAN_POINT ( 'NONE',  ( 2.053187690916773900, 6.495000000000000100, 0.1683628157980141300 ) ) ;
#1477 = LINE ( 'NONE', #2171, #293 ) ;
#1478 = DIRECTION ( 'NONE',  ( 0.2763139702539117400, 0.0000000000000000000, -0.9610674221107072800 ) ) ;
#1479 = CARTESIAN_POINT ( 'NONE',  ( -0.03453285888950724500, 6.495000000000000100, 0.4772421111879622800 ) ) ;
#1480 = AXIS2_PLACEMENT_3D ( 'NONE', #100, #2251, #2269 ) ;
#1481 = CARTESIAN_POINT ( 'NONE',  ( 2.750351965824065400, 6.495000000000000100, 1.053028994543904400 ) ) ;
#1482 = STYLED_ITEM ( 'NONE', ( #1375 ), #1857 ) ;
#1483 = VECTOR ( 'NONE', #1880, 1000.000000000000000 ) ;
#1484 = DIRECTION ( 'NONE',  ( -0.0000000000000000000, -1.000000000000000000, -0.0000000000000000000 ) ) ;
#1485 = CARTESIAN_POINT ( 'NONE',  ( -1.016703871901081000, 6.500000000000000000, -0.9631222229663523000 ) ) ;
#1486 = EDGE_CURVE ( 'NONE', #2635, #720, #1909, .T. ) ;
#1487 = CARTESIAN_POINT ( 'NONE',  ( -2.689999999999998600, 0.0000000000000000000, 0.6499999999999988000 ) ) ;
#1488 =( NAMED_UNIT ( * ) SI_UNIT ( $, .STERADIAN. ) SOLID_ANGLE_UNIT ( ) );
#1489 = DIRECTION ( 'NONE',  ( 0.2755520632520542200, -0.0000000000000000000, -0.9612861490927329100 ) ) ;
#1490 = EDGE_CURVE ( 'NONE', #2785, #1762, #1743, .T. ) ;
#1491 = CARTESIAN_POINT ( 'NONE',  ( 7.041719095097279900E-016, 0.4192500000000003400, 5.750000000000000000 ) ) ;
#1492 = EDGE_LOOP ( 'NONE', ( #1158, #2583, #1428, #523 ) ) ;
#1493 = EDGE_CURVE ( 'NONE', #353, #1570, #1107, .T. ) ;
#1494 = CARTESIAN_POINT ( 'NONE',  ( -2.506168825485704900, 6.500000000000000000, -0.9631222229663520800 ) ) ;
#1495 = EDGE_LOOP ( 'NONE', ( #346, #51, #2484, #456 ) ) ;
#1496 = CARTESIAN_POINT ( 'NONE',  ( 2.859214151411832100, 6.495000000000000100, 0.6693814386009964100 ) ) ;
#1497 = ORIENTED_EDGE ( 'NONE', *, *, #1552, .F. ) ;
#1498 = COLOUR_RGB ( '',0.0000000000000000000, 0.4862745098039215600, 0.8392156862745098200 ) ;
#1499 = STYLED_ITEM ( 'NONE', ( #1811 ), #1618 ) ;
#1500 = ORIENTED_EDGE ( 'NONE', *, *, #2061, .T. ) ;
#1501 = ORIENTED_EDGE ( 'NONE', *, *, #643, .F. ) ;
#1502 = CARTESIAN_POINT ( 'NONE',  ( -1.394503104559656100, 6.495000000000000100, 0.1683628157939400200 ) ) ;
#1503 = VERTEX_POINT ( 'NONE', #985 ) ;
#1504 = PLANE ( 'NONE',  #2462 ) ;
#1505 = VERTEX_POINT ( 'NONE', #991 ) ;
#1506 = LINE ( 'NONE', #1061, #1133 ) ;
#1507 = CARTESIAN_POINT ( 'NONE',  ( -2.689999999999998600, -3.000000000000000000, -1.232228533086295600E-015 ) ) ;
#1508 = CARTESIAN_POINT ( 'NONE',  ( -3.924721411668132800, 6.495000000000000100, 1.053028994543904900 ) ) ;
#1509 = VERTEX_POINT ( 'NONE', #1191 ) ;
#1510 = VERTEX_POINT ( 'NONE', #122 ) ;
#1511 = DIRECTION ( 'NONE',  ( 0.2746459304916897800, 0.0000000000000000000, -0.9615454294334480100 ) ) ;
#1512 = EDGE_CURVE ( 'NONE', #1679, #347, #253, .T. ) ;
#1513 = CARTESIAN_POINT ( 'NONE',  ( 2.859214151411832100, 6.500000000000000000, 0.6693814386009964100 ) ) ;
#1514 = VECTOR ( 'NONE', #2114, 1000.000000000000100 ) ;
#1515 = DIRECTION ( 'NONE',  ( 0.9620200793798735500, 0.0000000000000000000, 0.2729786930695173900 ) ) ;
#1516 = FACE_OUTER_BOUND ( 'NONE', #1963, .T. ) ;
#1517 = PLANE ( 'NONE',  #1695 ) ;
#1518 = AXIS2_PLACEMENT_3D ( 'NONE', #1882, #345, #579 ) ;
#1519 = CARTESIAN_POINT ( 'NONE',  ( -4.364136469712908800, 6.500000000000000000, -0.04168639734652045800 ) ) ;
#1520 = DIRECTION ( 'NONE',  ( 1.000000000000000000, 0.0000000000000000000, -2.847054813160299000E-016 ) ) ;
#1521 = SURFACE_STYLE_USAGE ( .BOTH. , #1085 ) ;
#1522 = DIRECTION ( 'NONE',  ( -0.0000000000000000000, 1.000000000000000000, -0.0000000000000000000 ) ) ;
#1523 = EDGE_CURVE ( 'NONE', #1105, #2639, #1613, .T. ) ;
#1524 = ORIENTED_EDGE ( 'NONE', *, *, #1681, .F. ) ;
#1525 = DIRECTION ( 'NONE',  ( 0.4668459304955212000, 0.0000000000000000000, -0.8843386665637610300 ) ) ;
#1526 = LINE ( 'NONE', #2239, #586 ) ;
#1527 = ORIENTED_EDGE ( 'NONE', *, *, #2613, .T. ) ;
#1528 = EDGE_CURVE ( 'NONE', #1868, #2090, #1313, .T. ) ;
#1529 = ORIENTED_EDGE ( 'NONE', *, *, #814, .T. ) ;
#1530 = VECTOR ( 'NONE', #1489, 1000.000000000000100 ) ;
#1531 = DIRECTION ( 'NONE',  ( 2.847054813160299000E-016, 0.0000000000000000000, 1.000000000000000000 ) ) ;
#1532 = CARTESIAN_POINT ( 'NONE',  ( 0.0000000000000000000, 0.4192500000000003400, 0.0000000000000000000 ) ) ;
#1533 = ORIENTED_EDGE ( 'NONE', *, *, #2108, .T. ) ;
#1534 = VECTOR ( 'NONE', #616, 1000.000000000000000 ) ;
#1535 = AXIS2_PLACEMENT_3D ( 'NONE', #1918, #2348, #2570 ) ;
#1536 = LINE ( 'NONE', #2706, #2525 ) ;
#1537 = LINE ( 'NONE', #2188, #689 ) ;
#1538 = DIRECTION ( 'NONE',  ( 0.0000000000000000000, 1.000000000000000000, 0.0000000000000000000 ) ) ;
#1539 = ORIENTED_EDGE ( 'NONE', *, *, #1090, .T. ) ;
#1540 = EDGE_LOOP ( 'NONE', ( #2585, #1331, #2032, #417 ) ) ;
#1541 = CYLINDRICAL_SURFACE ( 'NONE', #331, 5.750000000000000000 ) ;
#1542 = CARTESIAN_POINT ( 'NONE',  ( -4.097731242331414100, 6.500000000000000000, -0.9631222229663523000 ) ) ;
#1543 = VECTOR ( 'NONE', #1940, 1000.000000000000000 ) ;
#1544 = CARTESIAN_POINT ( 'NONE',  ( 0.0000000000000000000, 6.495000000000000100, 0.0000000000000000000 ) ) ;
#1545 = VECTOR ( 'NONE', #42, 1000.000000000000000 ) ;
#1546 = EDGE_CURVE ( 'NONE', #2691, #1226, #2202, .T. ) ;
#1547 = LINE ( 'NONE', #1255, #1622 ) ;
#1548 = CARTESIAN_POINT ( 'NONE',  ( 2.053187690916773900, 6.495000000000000100, 0.1683628157980141300 ) ) ;
#1549 =( GEOMETRIC_REPRESENTATION_CONTEXT ( 3 ) GLOBAL_UNCERTAINTY_ASSIGNED_CONTEXT ( ( #57 ) ) GLOBAL_UNIT_ASSIGNED_CONTEXT ( ( #951, #525, #2460 ) ) REPRESENTATION_CONTEXT ( 'NONE', 'WORKASPACE' ) );
#1550 = PRESENTATION_LAYER_ASSIGNMENT (  '', '', ( #2385 ) ) ;
#1551 = CARTESIAN_POINT ( 'NONE',  ( -5.238456718591182300, 6.499875852078823800, 1.053028994543843400 ) ) ;
#1552 = EDGE_CURVE ( 'NONE', #1104, #927, #1044, .T. ) ;
#1553 = PLANE ( 'NONE',  #684 ) ;
#1554 = DIRECTION ( 'NONE',  ( 0.0000000000000000000, 0.0000000000000000000, 1.000000000000000000 ) ) ;
#1555 = CARTESIAN_POINT ( 'NONE',  ( -2.717782572299394700, 0.4192500000000003400, 5.067164679552627500 ) ) ;
#1556 = ORIENTED_EDGE ( 'NONE', *, *, #1493, .T. ) ;
#1557 = VECTOR ( 'NONE', #2435, 1000.000000000000000 ) ;
#1558 =( NAMED_UNIT ( * ) SI_UNIT ( $, .STERADIAN. ) SOLID_ANGLE_UNIT ( ) );
#1559 = DIRECTION ( 'NONE',  ( 0.3725077383644270200, 0.0000000000000000000, 0.9280290862136917300 ) ) ;
#1560 = VERTEX_POINT ( 'NONE', #1174 ) ;
#1561 = EDGE_CURVE ( 'NONE', #2486, #995, #467, .T. ) ;
#1562 = ORIENTED_EDGE ( 'NONE', *, *, #1347, .F. ) ;
#1563 = CARTESIAN_POINT ( 'NONE',  ( 0.6798407158200340300, 6.495000000000000100, -0.9631222229663527500 ) ) ;
#1564 = ORIENTED_EDGE ( 'NONE', *, *, #494, .T. ) ;
#1565 = VERTEX_POINT ( 'NONE', #959 ) ;
#1566 = DIRECTION ( 'NONE',  ( 0.0000000000000000000, 0.0000000000000000000, -1.000000000000000000 ) ) ;
#1567 = LINE ( 'NONE', #1824, #1932 ) ;
#1568 = CARTESIAN_POINT ( 'NONE',  ( -3.311272758248907000, 6.495000000000000100, 1.053028994543904900 ) ) ;
#1569 = ORIENTED_EDGE ( 'NONE', *, *, #751, .T. ) ;
#1570 = VERTEX_POINT ( 'NONE', #780 ) ;
#1571 = LINE ( 'NONE', #254, #2138 ) ;
#1572 = FACE_OUTER_BOUND ( 'NONE', #2455, .T. ) ;
#1573 = ORIENTED_EDGE ( 'NONE', *, *, #804, .T. ) ;
#1574 = ORIENTED_EDGE ( 'NONE', *, *, #2259, .T. ) ;
#1575 = DIRECTION ( 'NONE',  ( 1.000000000000000000, 0.0000000000000000000, -3.614007241618349300E-016 ) ) ;
#1576 = LINE ( 'NONE', #1747, #875 ) ;
#1577 =( NAMED_UNIT ( * ) SI_UNIT ( $, .STERADIAN. ) SOLID_ANGLE_UNIT ( ) );
#1578 = FILL_AREA_STYLE ('',( #733 ) ) ;
#1579 = LINE ( 'NONE', #8, #6 ) ;
#1580 = DIRECTION ( 'NONE',  ( -0.0000000000000000000, 1.000000000000000000, -0.0000000000000000000 ) ) ;
#1581 = EDGE_CURVE ( 'NONE', #218, #870, #569, .T. ) ;
#1582 = DIRECTION ( 'NONE',  ( 0.2759782365590740500, 0.0000000000000000000, -0.9611638845408954100 ) ) ;
#1583 = FACE_OUTER_BOUND ( 'NONE', #2692, .T. ) ;
#1584 = DIRECTION ( 'NONE',  ( -2.506186073112945300E-016, 0.0000000000000000000, -1.000000000000000000 ) ) ;
#1585 =( GEOMETRIC_REPRESENTATION_CONTEXT ( 3 ) GLOBAL_UNCERTAINTY_ASSIGNED_CONTEXT ( ( #1390 ) ) GLOBAL_UNIT_ASSIGNED_CONTEXT ( ( #2395, #1103, #1112 ) ) REPRESENTATION_CONTEXT ( 'NONE', 'WORKASPACE' ) );
#1586 = DIRECTION ( 'NONE',  ( -0.2762517575166151300, 0.0000000000000000000, 0.9610853065513910200 ) ) ;
#1587 = ADVANCED_FACE ( 'NONE', ( #837 ), #536, .F. ) ;
#1588 = STYLED_ITEM ( 'NONE', ( #2135 ), #1905 ) ;
#1589 = CARTESIAN_POINT ( 'NONE',  ( -0.9143214339711456300, 6.495000000000000100, 1.053028994543905300 ) ) ;
#1590 = CARTESIAN_POINT ( 'NONE',  ( 4.931683720037595400, 6.500000000000000000, -0.5737970821254480000 ) ) ;
#1591 = CARTESIAN_POINT ( 'NONE',  ( 2.390000000000000600, -2.700000000000000200, -0.6500000000000042400 ) ) ;
#1592 = ORIENTED_EDGE ( 'NONE', *, *, #2168, .T. ) ;
#1593 = VECTOR ( 'NONE', #1212, 1000.000000000000200 ) ;
#1594 = DIRECTION ( 'NONE',  ( -0.0000000000000000000, -1.000000000000000000, -0.0000000000000000000 ) ) ;
#1595 = CARTESIAN_POINT ( 'NONE',  ( -2.717782572299396000, 6.080749999999999200, 5.067164679552626600 ) ) ;
#1596 = CARTESIAN_POINT ( 'NONE',  ( 2.390000000000000100, 0.0000000000000000000, 0.6499999999999955800 ) ) ;
#1597 = ORIENTED_EDGE ( 'NONE', *, *, #1658, .T. ) ;
#1598 = ORIENTED_EDGE ( 'NONE', *, *, #2243, .F. ) ;
#1599 = FACE_OUTER_BOUND ( 'NONE', #2716, .T. ) ;
#1600 = APPLICATION_PROTOCOL_DEFINITION ( 'draft international standard', 'automotive_design', 1998, #946 ) ;
#1601 = ADVANCED_FACE ( 'NONE', ( #735 ), #618, .F. ) ;
#1602 = ORIENTED_EDGE ( 'NONE', *, *, #2613, .F. ) ;
#1603 = EDGE_CURVE ( 'NONE', #832, #1121, #132, .T. ) ;
#1604 = VECTOR ( 'NONE', #235, 1000.000000000000000 ) ;
#1605 = CARTESIAN_POINT ( 'NONE',  ( 2.918285894870225900, 6.495000000000000100, 0.1683628157980139000 ) ) ;
#1606 = VERTEX_POINT ( 'NONE', #375 ) ;
#1607 = LINE ( 'NONE', #1568, #729 ) ;
#1608 = STYLED_ITEM ( 'NONE', ( #1684 ), #1179 ) ;
#1609 = VERTEX_POINT ( 'NONE', #1219 ) ;
#1610 = ORIENTED_EDGE ( 'NONE', *, *, #738, .T. ) ;
#1611 = CARTESIAN_POINT ( 'NONE',  ( -4.671798733445354100, 6.500000000000000000, -0.9631222229663523000 ) ) ;
#1612 = DIRECTION ( 'NONE',  ( -0.0000000000000000000, 1.000000000000000000, -0.0000000000000000000 ) ) ;
#1613 = LINE ( 'NONE', #2489, #2492 ) ;
#1614 = AXIS2_PLACEMENT_3D ( 'NONE', #79, #500, #1788 ) ;
#1615 = SURFACE_STYLE_USAGE ( .BOTH. , #109 ) ;
#1616 = VECTOR ( 'NONE', #877, 1000.000000000000000 ) ;
#1617 = CARTESIAN_POINT ( 'NONE',  ( -0.8156049229187412000, 6.495000000000000100, -0.9631222229663523000 ) ) ;
#1618 = ADVANCED_FACE ( 'NONE', ( #2350 ), #1541, .T. ) ;
#1619 = DIRECTION ( 'NONE',  ( -0.0000000000000000000, 1.000000000000000000, -0.0000000000000000000 ) ) ;
#1620 = CARTESIAN_POINT ( 'NONE',  ( -2.823838918333584600, 6.495000000000000100, -0.9631222229663523000 ) ) ;
#1621 = FILL_AREA_STYLE ('',( #952 ) ) ;
#1622 = VECTOR ( 'NONE', #2769, 1000.000000000000000 ) ;
#1623 = EDGE_CURVE ( 'NONE', #1635, #308, #2034, .T. ) ;
#1624 = DIRECTION ( 'NONE',  ( 0.0000000000000000000, 0.0000000000000000000, -1.000000000000000000 ) ) ;
#1625 = MECHANICAL_DESIGN_GEOMETRIC_PRESENTATION_REPRESENTATION (  '', ( #1796 ), #2533 ) ;
#1626 = CARTESIAN_POINT ( 'NONE',  ( -5.225708133750868200, 6.500000000000000000, 1.053028994543845100 ) ) ;
#1627 = DIRECTION ( 'NONE',  ( -1.000000000000000000, 0.0000000000000000000, 2.506186073112944800E-016 ) ) ;
#1628 = PRESENTATION_LAYER_ASSIGNMENT (  '', '', ( #1588 ) ) ;
#1629 = DIRECTION ( 'NONE',  ( 0.2762033010288755300, 0.0000000000000000000, -0.9610992334305299400 ) ) ;
#1630 = ORIENTED_EDGE ( 'NONE', *, *, #2601, .T. ) ;
#1631 = DIRECTION ( 'NONE',  ( 0.0000000000000000000, 0.0000000000000000000, 1.000000000000000000 ) ) ;
#1632 = ORIENTED_EDGE ( 'NONE', *, *, #707, .T. ) ;
#1633 = LINE ( 'NONE', #1452, #1156 ) ;
#1634 = ORIENTED_EDGE ( 'NONE', *, *, #1202, .F. ) ;
#1635 = VERTEX_POINT ( 'NONE', #2325 ) ;
#1636 = PLANE ( 'NONE',  #1702 ) ;
#1637 = EDGE_CURVE ( 'NONE', #1609, #1665, #1172, .T. ) ;
#1638 = CARTESIAN_POINT ( 'NONE',  ( 1.910155113253702200, 6.495000000000000100, 0.6693814386009966400 ) ) ;
#1639 = DIRECTION ( 'NONE',  ( 1.000000000000000000, 0.0000000000000000000, 3.336006684570783600E-016 ) ) ;
#1640 = ORIENTED_EDGE ( 'NONE', *, *, #2007, .F. ) ;
#1641 = DIRECTION ( 'NONE',  ( 1.000000000000000000, 0.0000000000000000000, -4.232393926185561900E-016 ) ) ;
#1642 = EDGE_CURVE ( 'NONE', #1671, #2238, #400, .T. ) ;
#1643 = ORIENTED_EDGE ( 'NONE', *, *, #1546, .T. ) ;
#1644 = LINE ( 'NONE', #239, #2277 ) ;
#1645 = DIRECTION ( 'NONE',  ( -1.000000000000000000, 0.0000000000000000000, 0.0000000000000000000 ) ) ;
#1646 = UNCERTAINTY_MEASURE_WITH_UNIT (LENGTH_MEASURE( 1.000000000000000100E-005 ), #1321, 'distance_accuracy_value', 'NONE');
#1647 = ORIENTED_EDGE ( 'NONE', *, *, #37, .T. ) ;
#1648 = ORIENTED_EDGE ( 'NONE', *, *, #882, .F. ) ;
#1649 = MECHANICAL_DESIGN_GEOMETRIC_PRESENTATION_REPRESENTATION (  '', ( #1499 ), #1921 ) ;
#1650 = ADVANCED_FACE ( 'NONE', ( #668 ), #1014, .F. ) ;
#1651 = CARTESIAN_POINT ( 'NONE',  ( 0.0000000000000000000, 0.4192500000000003400, 5.330749999999999200 ) ) ;
#1652 = UNCERTAINTY_MEASURE_WITH_UNIT (LENGTH_MEASURE( 1.000000000000000100E-005 ), #2697, 'distance_accuracy_value', 'NONE');
#1653 = LINE ( 'NONE', #848, #70 ) ;
#1654 = DIRECTION ( 'NONE',  ( 1.000000000000000000, 0.0000000000000000000, 0.0000000000000000000 ) ) ;
#1655 = EDGE_CURVE ( 'NONE', #2715, #1105, #1969, .T. ) ;
#1656 = DIRECTION ( 'NONE',  ( -5.050979426444721200E-016, 0.0000000000000000000, -1.000000000000000000 ) ) ;
#1657 = PLANE ( 'NONE',  #412 ) ;
#1658 = EDGE_CURVE ( 'NONE', #1223, #87, #1381, .T. ) ;
#1659 = DIRECTION ( 'NONE',  ( 0.0000000000000000000, 1.000000000000000000, -0.0000000000000000000 ) ) ;
#1660 = AXIS2_PLACEMENT_3D ( 'NONE', #85, #2256, #2711 ) ;
#1661 = DIRECTION ( 'NONE',  ( -0.0000000000000000000, -1.000000000000000000, -0.0000000000000000000 ) ) ;
#1662 = CARTESIAN_POINT ( 'NONE',  ( 2.918285894870225900, 6.500000000000000000, 0.1683628157980139000 ) ) ;
#1663 = AXIS2_PLACEMENT_3D ( 'NONE', #1651, #2506, #112 ) ;
#1664 = ORIENTED_EDGE ( 'NONE', *, *, #712, .F. ) ;
#1665 = VERTEX_POINT ( 'NONE', #822 ) ;
#1666 = ORIENTED_EDGE ( 'NONE', *, *, #165, .T. ) ;
#1667 = EDGE_CURVE ( 'NONE', #2744, #2473, #897, .T. ) ;
#1668 = LINE ( 'NONE', #1352, #2645 ) ;
#1669 = VERTEX_POINT ( 'NONE', #1441 ) ;
#1670 = VECTOR ( 'NONE', #1645, 1000.000000000000000 ) ;
#1671 = VERTEX_POINT ( 'NONE', #1228 ) ;
#1672 = DIRECTION ( 'NONE',  ( -0.2764273280489769100, 0.0000000000000000000, 0.9610348236706635100 ) ) ;
#1673 = EDGE_CURVE ( 'NONE', #1066, #1990, #2246, .T. ) ;
#1674 = CARTESIAN_POINT ( 'NONE',  ( -2.689999999999998600, -0.0000000000000000000, -1.232228533086295600E-015 ) ) ;
#1675 = VECTOR ( 'NONE', #2699, 1000.000000000000000 ) ;
#1676 = DIRECTION ( 'NONE',  ( -0.0000000000000000000, 1.000000000000000000, -0.0000000000000000000 ) ) ;
#1677 = FACE_OUTER_BOUND ( 'NONE', #2441, .T. ) ;
#1678 = ORIENTED_EDGE ( 'NONE', *, *, #206, .T. ) ;
#1679 = VERTEX_POINT ( 'NONE', #171 ) ;
#1680 = CARTESIAN_POINT ( 'NONE',  ( 3.805490025235814100, 6.500000000000000000, -0.5738409048522489200 ) ) ;
#1681 = EDGE_CURVE ( 'NONE', #1464, #1509, #1736, .T. ) ;
#1682 = UNCERTAINTY_MEASURE_WITH_UNIT (LENGTH_MEASURE( 1.000000000000000100E-005 ), #1274, 'distance_accuracy_value', 'NONE');
#1683 = VECTOR ( 'NONE', #336, 1000.000000000000200 ) ;
#1684 = PRESENTATION_STYLE_ASSIGNMENT (( #205 ) ) ;
#1685 = PRESENTATION_LAYER_ASSIGNMENT (  '', '', ( #1482 ) ) ;
#1686 = CARTESIAN_POINT ( 'NONE',  ( 4.379680122707077800, 6.495000000000000100, -0.5738409048472185000 ) ) ;
#1687 = FACE_OUTER_BOUND ( 'NONE', #1, .T. ) ;
#1688 = CARTESIAN_POINT ( 'NONE',  ( 2.268643844463263300, 6.495000000000000100, -0.5792907574821812800 ) ) ;
#1689 = LINE ( 'NONE', #1662, #1389 ) ;
#1690 = DIRECTION ( 'NONE',  ( 0.0000000000000000000, 0.0000000000000000000, 1.000000000000000000 ) ) ;
#1691 = DIRECTION ( 'NONE',  ( -0.0000000000000000000, 1.000000000000000000, -0.0000000000000000000 ) ) ;
#1692 = DIRECTION ( 'NONE',  ( 1.224646799147352700E-016, 0.0000000000000000000, -1.000000000000000000 ) ) ;
#1693 = SURFACE_STYLE_USAGE ( .BOTH. , #1474 ) ;
#1694 = DIRECTION ( 'NONE',  ( -1.000000000000000000, -0.0000000000000000000, -0.0000000000000000000 ) ) ;
#1695 = AXIS2_PLACEMENT_3D ( 'NONE', #2380, #2162, #23 ) ;
#1696 = DIRECTION ( 'NONE',  ( 0.2793947940878295200, 0.0000000000000000000, -0.9601763114327595000 ) ) ;
#1697 = ORIENTED_EDGE ( 'NONE', *, *, #409, .F. ) ;
#1698 = SURFACE_STYLE_FILL_AREA ( #2425 ) ;
#1699 = ORIENTED_EDGE ( 'NONE', *, *, #67, .T. ) ;
#1700 = DIRECTION ( 'NONE',  ( 8.881784197001252300E-016, 0.0000000000000000000, 1.000000000000000000 ) ) ;
#1701 = CARTESIAN_POINT ( 'NONE',  ( -3.765038890539953000, 6.495000000000000100, -0.04168639734653927600 ) ) ;
#1702 = AXIS2_PLACEMENT_3D ( 'NONE', #2682, #2703, #1397 ) ;
#1703 = ORIENTED_EDGE ( 'NONE', *, *, #67, .F. ) ;
#1704 = ORIENTED_EDGE ( 'NONE', *, *, #1257, .F. ) ;
#1705 = VECTOR ( 'NONE', #1522, 1000.000000000000000 ) ;
#1706 = FILL_AREA_STYLE ('',( #841 ) ) ;
#1707 = ORIENTED_EDGE ( 'NONE', *, *, #1775, .T. ) ;
#1708 = ORIENTED_EDGE ( 'NONE', *, *, #1257, .T. ) ;
#1709 = VECTOR ( 'NONE', #828, 1000.000000000000000 ) ;
#1710 = FACE_OUTER_BOUND ( 'NONE', #863, .T. ) ;
#1711 = EDGE_CURVE ( 'NONE', #2189, #326, #2421, .T. ) ;
#1712 = FILL_AREA_STYLE_COLOUR ( '', #2652 ) ;
#1713 = ORIENTED_EDGE ( 'NONE', *, *, #1915, .T. ) ;
#1714 = VECTOR ( 'NONE', #1125, 1000.000000000000100 ) ;
#1715 = PRESENTATION_STYLE_ASSIGNMENT (( #1245 ) ) ;
#1716 = FACE_OUTER_BOUND ( 'NONE', #1739, .T. ) ;
#1717 = PLANE ( 'NONE',  #2604 ) ;
#1718 = STYLED_ITEM ( 'NONE', ( #653 ), #2383 ) ;
#1719 = VECTOR ( 'NONE', #2646, 1000.000000000000200 ) ;
#1720 = DIRECTION ( 'NONE',  ( -0.3829140317376766900, 0.0000000000000000000, -0.9237839814038764100 ) ) ;
#1721 = PLANE ( 'NONE',  #528 ) ;
#1722 = EDGE_CURVE ( 'NONE', #347, #2130, #2528, .T. ) ;
#1723 = UNCERTAINTY_MEASURE_WITH_UNIT (LENGTH_MEASURE( 1.000000000000000100E-005 ), #1098, 'distance_accuracy_value', 'NONE');
#1724 = CARTESIAN_POINT ( 'NONE',  ( -3.765038890539953000, 6.495000000000000100, -0.04168639734653927600 ) ) ;
#1725 =( LENGTH_UNIT ( ) NAMED_UNIT ( * ) SI_UNIT ( .MILLI., .METRE. ) );
#1726 = EDGE_LOOP ( 'NONE', ( #1305, #190, #1704, #2276 ) ) ;
#1727 = LINE ( 'NONE', #373, #2089 ) ;
#1728 = AXIS2_PLACEMENT_3D ( 'NONE', #2586, #1142, #1356 ) ;
#1729 = ORIENTED_EDGE ( 'NONE', *, *, #2457, .F. ) ;
#1730 = CLOSED_SHELL ( 'NONE', ( #1422, #2509, #137, #2696, #186, #1618, #1885, #1905, #2529, #988, #1159, #1056, #1857, #148, #604, #2039, #2466, #2773, #1001, #1179, #403, #119, #1248, #2109, #1823, #972, #752, #372, #1289, #1455, #1836, #1432, #782, #1587, #1473, #1396, #2122, #854, #638, #175, #955, #1017, #612, #2763, #382, #724, #2314, #2662, #2672, #1043, #794, #2296, #1650, #2273, #341, #1232, #1601, #429, #2555, #810, #1189, #2453, #743, #2023, #2050, #201, #2328, #1259, #1217, #2707, #298, #1408, #2220, #513, #1206, #554, #2013, #1849 ) ) ;
#1731 = DIRECTION ( 'NONE',  ( -0.3829140317376766900, -0.0000000000000000000, -0.9237839814038764100 ) ) ;
#1732 = ORIENTED_EDGE ( 'NONE', *, *, #7, .T. ) ;
#1733 = LINE ( 'NONE', #28, #1099 ) ;
#1734 = ORIENTED_EDGE ( 'NONE', *, *, #1130, .T. ) ;
#1735 = VERTEX_POINT ( 'NONE', #219 ) ;
#1736 = LINE ( 'NONE', #392, #393 ) ;
#1737 = PLANE ( 'NONE',  #284 ) ;
#1738 = VECTOR ( 'NONE', #2118, 1000.000000000000200 ) ;
#1739 = EDGE_LOOP ( 'NONE', ( #2129, #1756, #2371, #1708, #1527, #2094, #2001, #2653, #1097, #2265, #1734 ) ) ;
#1740 = VERTEX_POINT ( 'NONE', #177 ) ;
#1741 = LINE ( 'NONE', #869, #2490 ) ;
#1742 = PLANE ( 'NONE',  #703 ) ;
#1743 = LINE ( 'NONE', #1429, #771 ) ;
#1744 = EDGE_CURVE ( 'NONE', #1927, #1169, #1804, .T. ) ;
#1745 = DIRECTION ( 'NONE',  ( -0.0000000000000000000, 1.000000000000000000, -0.0000000000000000000 ) ) ;
#1746 = UNCERTAINTY_MEASURE_WITH_UNIT (LENGTH_MEASURE( 1.000000000000000100E-005 ), #2253, 'distance_accuracy_value', 'NONE');
#1747 = CARTESIAN_POINT ( 'NONE',  ( 1.910155113253702200, 6.500000000000000000, 0.6693814386009966400 ) ) ;
#1748 = DIRECTION ( 'NONE',  ( 0.0000000000000000000, 0.0000000000000000000, 1.000000000000000000 ) ) ;
#1749 = AXIS2_PLACEMENT_3D ( 'NONE', #407, #475, #1334 ) ;
#1750 = VECTOR ( 'NONE', #2760, 1000.000000000000000 ) ;
#1751 = CARTESIAN_POINT ( 'NONE',  ( 0.0000000000000000000, 6.500000000000000000, 5.330749999999999200 ) ) ;
#1752 = DIRECTION ( 'NONE',  ( -1.000000000000000000, 0.0000000000000000000, 0.0000000000000000000 ) ) ;
#1753 = B_SPLINE_CURVE_WITH_KNOTS ( 'NONE', 3,
 ( #1162, #909, #2656, #929 ),
 .UNSPECIFIED., .F., .F.,
 ( 4, 4 ),
 ( 0.0001495672167683502300, 0.0002043905602636954000 ),
 .UNSPECIFIED. ) ;
#1754 = ORIENTED_EDGE ( 'NONE', *, *, #1454, .F. ) ;
#1755 = DIRECTION ( 'NONE',  ( 0.0000000000000000000, 0.0000000000000000000, 1.000000000000000000 ) ) ;
#1756 = ORIENTED_EDGE ( 'NONE', *, *, #192, .T. ) ;
#1757 = PLANE ( 'NONE',  #2022 ) ;
#1758 = ORIENTED_EDGE ( 'NONE', *, *, #335, .F. ) ;
#1759 = LINE ( 'NONE', #1502, #2132 ) ;
#1760 = MECHANICAL_DESIGN_GEOMETRIC_PRESENTATION_REPRESENTATION (  '', ( #1482 ), #815 ) ;
#1761 = DIRECTION ( 'NONE',  ( -0.9280290862136917300, 0.0000000000000000000, 0.3725077383644270200 ) ) ;
#1762 = VERTEX_POINT ( 'NONE', #208 ) ;
#1763 = CARTESIAN_POINT ( 'NONE',  ( -0.4995563842746180700, 6.495000000000000100, 1.053028994543905300 ) ) ;
#1764 = ORIENTED_EDGE ( 'NONE', *, *, #2197, .F. ) ;
#1765 = VERTEX_POINT ( 'NONE', #1485 ) ;
#1766 = LINE ( 'NONE', #2046, #932 ) ;
#1767 = ORIENTED_EDGE ( 'NONE', *, *, #936, .F. ) ;
#1768 = SURFACE_STYLE_FILL_AREA ( #1873 ) ;
#1769 = CARTESIAN_POINT ( 'NONE',  ( -1.016703871901081000, 6.495000000000000100, -0.9631222229663523000 ) ) ;
#1770 = DIRECTION ( 'NONE',  ( 0.0000000000000000000, -0.0000000000000000000, -1.000000000000000000 ) ) ;
#1771 = CARTESIAN_POINT ( 'NONE',  ( -0.3989456066037058200, 6.495000000000000100, -0.7418974402618798700 ) ) ;
#1772 = EDGE_CURVE ( 'NONE', #2741, #1838, #567, .T. ) ;
#1773 = VECTOR ( 'NONE', #232, 1000.000000000000000 ) ;
#1774 = LINE ( 'NONE', #2320, #944 ) ;
#1775 = EDGE_CURVE ( 'NONE', #1966, #2057, #2795, .T. ) ;
#1776 = DIRECTION ( 'NONE',  ( 0.0000000000000000000, 0.0000000000000000000, -1.000000000000000000 ) ) ;
#1777 = DIRECTION ( 'NONE',  ( 0.2732148821745903900, 0.0000000000000000000, -0.9619530280415592400 ) ) ;
#1778 = CARTESIAN_POINT ( 'NONE',  ( -3.924721411668132800, 6.500000000000000000, 1.053028994543904900 ) ) ;
#1779 = PRESENTATION_LAYER_ASSIGNMENT (  '', '', ( #1499 ) ) ;
#1780 = FILL_AREA_STYLE ('',( #1997 ) ) ;
#1781 = PLANE ( 'NONE',  #75 ) ;
#1782 = DIRECTION ( 'NONE',  ( 1.000000000000000000, 0.0000000000000000000, 0.0000000000000000000 ) ) ;
#1783 = EDGE_CURVE ( 'NONE', #27, #2674, #1275, .T. ) ;
#1784 = CARTESIAN_POINT ( 'NONE',  ( 2.390000000000000600, 0.0000000000000000000, -0.6500000000000042400 ) ) ;
#1785 = PLANE ( 'NONE',  #2360 ) ;
#1786 = DIRECTION ( 'NONE',  ( 0.2755520632520542200, -0.0000000000000000000, -0.9612861490927329100 ) ) ;
#1787 = LINE ( 'NONE', #821, #1923 ) ;
#1788 = DIRECTION ( 'NONE',  ( 1.000000000000000000, 0.0000000000000000000, 0.0000000000000000000 ) ) ;
#1789 = DIRECTION ( 'NONE',  ( 1.000000000000000000, 0.0000000000000000000, -2.506541263247940100E-016 ) ) ;
#1790 = ORIENTED_EDGE ( 'NONE', *, *, #1951, .F. ) ;
#1791 = EDGE_CURVE ( 'NONE', #2234, #1412, #2452, .T. ) ;
#1792 = LINE ( 'NONE', #2745, #2295 ) ;
#1793 = EDGE_LOOP ( 'NONE', ( #359, #1170, #1632, #2304 ) ) ;
#1794 = ORIENTED_EDGE ( 'NONE', *, *, #1791, .F. ) ;
#1795 = SURFACE_STYLE_FILL_AREA ( #2009 ) ;
#1796 = STYLED_ITEM ( 'NONE', ( #493 ), #403 ) ;
#1797 = ORIENTED_EDGE ( 'NONE', *, *, #2299, .T. ) ;
#1798 = CARTESIAN_POINT ( 'NONE',  ( 3.303711244630005400, 6.500000000000000000, -0.9631222229663528600 ) ) ;
#1799 = VECTOR ( 'NONE', #1910, 1000.000000000000000 ) ;
#1800 = CARTESIAN_POINT ( 'NONE',  ( 1.807006385584198200, 6.495000000000000100, -0.9631222229663527500 ) ) ;
#1801 = VERTEX_POINT ( 'NONE', #1513 ) ;
#1802 = LINE ( 'NONE', #634, #1709 ) ;
#1803 =( GEOMETRIC_REPRESENTATION_CONTEXT ( 3 ) GLOBAL_UNCERTAINTY_ASSIGNED_CONTEXT ( ( #1812 ) ) GLOBAL_UNIT_ASSIGNED_CONTEXT ( ( #1037, #797, #2735 ) ) REPRESENTATION_CONTEXT ( 'NONE', 'WORKASPACE' ) );
#1804 = LINE ( 'NONE', #1067, #430 ) ;
#1805 = CARTESIAN_POINT ( 'NONE',  ( 0.0000000000000000000, 6.500000000000000000, 0.0000000000000000000 ) ) ;
#1806 = ORIENTED_EDGE ( 'NONE', *, *, #1681, .T. ) ;
#1807 = VERTEX_POINT ( 'NONE', #1724 ) ;
#1808 = PRESENTATION_STYLE_ASSIGNMENT (( #444 ) ) ;
#1809 = CARTESIAN_POINT ( 'NONE',  ( 2.390000000000000600, -2.700000000000000200, -0.6500000000000042400 ) ) ;
#1810 = EDGE_CURVE ( 'NONE', #1838, #1104, #1040, .T. ) ;
#1811 = PRESENTATION_STYLE_ASSIGNMENT (( #1693 ) ) ;
#1812 = UNCERTAINTY_MEASURE_WITH_UNIT (LENGTH_MEASURE( 1.000000000000000100E-005 ), #1037, 'distance_accuracy_value', 'NONE');
#1813 =( NAMED_UNIT ( * ) PLANE_ANGLE_UNIT ( ) SI_UNIT ( $, .RADIAN. ) );
#1814 = CARTESIAN_POINT ( 'NONE',  ( -4.364136469712908800, 6.500000000000000000, -0.04168639734652045800 ) ) ;
#1815 = DIRECTION ( 'NONE',  ( 1.000000000000000000, 0.0000000000000000000, 0.0000000000000000000 ) ) ;
#1816 = EDGE_CURVE ( 'NONE', #1671, #280, #2199, .T. ) ;
#1817 = VECTOR ( 'NONE', #1456, 999.9999999999998900 ) ;
#1818 = LINE ( 'NONE', #501, #1249 ) ;
#1819 = AXIS2_PLACEMENT_3D ( 'NONE', #2180, #507, #2424 ) ;
#1820 =( LENGTH_UNIT ( ) NAMED_UNIT ( * ) SI_UNIT ( .MILLI., .METRE. ) );
#1821 = DIRECTION ( 'NONE',  ( -1.000000000000000000, 0.0000000000000000000, 0.0000000000000000000 ) ) ;
#1822 = STYLED_ITEM ( 'NONE', ( #1308 ), #1885 ) ;
#1823 = ADVANCED_FACE ( 'NONE', ( #1572 ), #2150, .F. ) ;
#1824 = CARTESIAN_POINT ( 'NONE',  ( -2.506168825485704900, 6.495000000000000100, -0.9631222229663520800 ) ) ;
#1825 = ORIENTED_EDGE ( 'NONE', *, *, #2629, .T. ) ;
#1826 = CARTESIAN_POINT ( 'NONE',  ( 2.859214151411832100, 6.495000000000000100, 0.6693814386009964100 ) ) ;
#1827 = DIRECTION ( 'NONE',  ( 0.9985542843760948400, 0.0000000000000000000, 0.05375259206908298400 ) ) ;
#1828 = ORIENTED_EDGE ( 'NONE', *, *, #2637, .T. ) ;
#1829 = VERTEX_POINT ( 'NONE', #1491 ) ;
#1830 = AXIS2_PLACEMENT_3D ( 'NONE', #1336, #1418, #1821 ) ;
#1831 = VECTOR ( 'NONE', #116, 999.9999999999998900 ) ;
#1832 = DIRECTION ( 'NONE',  ( -0.0000000000000000000, -1.000000000000000000, -0.0000000000000000000 ) ) ;
#1833 = ORIENTED_EDGE ( 'NONE', *, *, #1240, .T. ) ;
#1834 = VECTOR ( 'NONE', #1586, 1000.000000000000100 ) ;
#1835 = AXIS2_PLACEMENT_3D ( 'NONE', #2010, #943, #1554 ) ;
#1836 = ADVANCED_FACE ( 'NONE', ( #1677 ), #1504, .F. ) ;
#1837 = ORIENTED_EDGE ( 'NONE', *, *, #395, .T. ) ;
#1838 = VERTEX_POINT ( 'NONE', #2373 ) ;
#1839 = DIRECTION ( 'NONE',  ( 0.0000000000000000000, 0.0000000000000000000, 1.000000000000000000 ) ) ;
#1840 = LINE ( 'NONE', #36, #34 ) ;
#1841 = ORIENTED_EDGE ( 'NONE', *, *, #2422, .F. ) ;
#1842 = AXIS2_PLACEMENT_3D ( 'NONE', #846, #1484, #1700 ) ;
#1843 = DIRECTION ( 'NONE',  ( 0.2793947940814914300, 0.0000000000000000000, -0.9601763114346035800 ) ) ;
#1844 = SURFACE_STYLE_FILL_AREA ( #1578 ) ;
#1845 = CARTESIAN_POINT ( 'NONE',  ( -3.487335487235283500, 6.500000000000000000, -0.9631222229663523000 ) ) ;
#1846 = DIRECTION ( 'NONE',  ( -0.4443210308329209000, 0.0000000000000000000, 0.8958676361826954900 ) ) ;
#1847 = LINE ( 'NONE', #2084, #1878 ) ;
#1848 = EDGE_CURVE ( 'NONE', #286, #237, #1236, .T. ) ;
#1849 = ADVANCED_FACE ( 'NONE', ( #2755 ), #2600, .T. ) ;
#1850 = CARTESIAN_POINT ( 'NONE',  ( -4.677904531710408900, 6.495000000000000100, 1.053028994543905300 ) ) ;
#1851 = CARTESIAN_POINT ( 'NONE',  ( -5.251205731465742800, 6.495000000000000100, 1.053028994543842500 ) ) ;
#1852 = CARTESIAN_POINT ( 'NONE',  ( 0.0000000000000000000, -2.700000000000000200, 0.0000000000000000000 ) ) ;
#1853 = ORIENTED_EDGE ( 'NONE', *, *, #1421, .F. ) ;
#1854 = COLOUR_RGB ( '',0.8980392156862745400, 0.9215686274509803400, 0.9294117647058823800 ) ;
#1855 = VERTEX_POINT ( 'NONE', #1914 ) ;
#1856 = VECTOR ( 'NONE', #1239, 1000.000000000000000 ) ;
#1857 = ADVANCED_FACE ( 'NONE', ( #693 ), #2356, .T. ) ;
#1858 = ORIENTED_EDGE ( 'NONE', *, *, #1561, .T. ) ;
#1859 = ORIENTED_EDGE ( 'NONE', *, *, #2279, .F. ) ;
#1860 = CARTESIAN_POINT ( 'NONE',  ( -2.823838918333584600, 6.500000000000000000, -0.9631222229663523000 ) ) ;
#1861 = DIRECTION ( 'NONE',  ( 1.000000000000000000, 0.0000000000000000000, 0.0000000000000000000 ) ) ;
#1862 = EDGE_LOOP ( 'NONE', ( #117, #2221, #1924, #1892 ) ) ;
#1863 = PLANE ( 'NONE',  #1976 ) ;
#1864 = EDGE_CURVE ( 'NONE', #927, #2130, #769, .T. ) ;
#1865 = VERTEX_POINT ( 'NONE', #43 ) ;
#1866 = ORIENTED_EDGE ( 'NONE', *, *, #2408, .T. ) ;
#1867 = FACE_BOUND ( 'NONE', #2712, .T. ) ;
#1868 = VERTEX_POINT ( 'NONE', #1563 ) ;
#1869 = ORIENTED_EDGE ( 'NONE', *, *, #807, .T. ) ;
#1870 = SURFACE_STYLE_FILL_AREA ( #2365 ) ;
#1871 = STYLED_ITEM ( 'NONE', ( #1035 ), #2109 ) ;
#1872 = DIRECTION ( 'NONE',  ( 0.9619530280415592400, 0.0000000000000000000, 0.2732148821745903900 ) ) ;
#1873 = FILL_AREA_STYLE ('',( #1453 ) ) ;
#1874 = SURFACE_SIDE_STYLE ('',( #2627 ) ) ;
#1875 =( NAMED_UNIT ( * ) PLANE_ANGLE_UNIT ( ) SI_UNIT ( $, .RADIAN. ) );
#1876 = UNCERTAINTY_MEASURE_WITH_UNIT (LENGTH_MEASURE( 1.000000000000000100E-005 ), #1302, 'distance_accuracy_value', 'NONE');
#1877 = LINE ( 'NONE', #1393, #2626 ) ;
#1878 = VECTOR ( 'NONE', #1214, 1000.000000000000000 ) ;
#1879 = CARTESIAN_POINT ( 'NONE',  ( -1.125700924485933100, 6.495000000000000100, -0.5793581909814401500 ) ) ;
#1880 = DIRECTION ( 'NONE',  ( -1.000000000000000000, 0.0000000000000000000, 1.455827704943586500E-016 ) ) ;
#1881 = EDGE_CURVE ( 'NONE', #1169, #1105, #1644, .T. ) ;
#1882 = CARTESIAN_POINT ( 'NONE',  ( -0.4995563842746180700, 6.495000000000000100, 1.053028994543905300 ) ) ;
#1883 = DIRECTION ( 'NONE',  ( -1.000000000000000000, 0.0000000000000000000, 0.0000000000000000000 ) ) ;
#1884 = PRESENTATION_LAYER_ASSIGNMENT (  '', '', ( #1608 ) ) ;
#1885 = ADVANCED_FACE ( 'NONE', ( #800, #1867, #934 ), #31, .T. ) ;
#1886 = DIRECTION ( 'NONE',  ( -0.0000000000000000000, 1.000000000000000000, -0.0000000000000000000 ) ) ;
#1887 = DIRECTION ( 'NONE',  ( -0.0000000000000000000, 1.000000000000000000, -0.0000000000000000000 ) ) ;
#1888 = CARTESIAN_POINT ( 'NONE',  ( -2.389999999999998800, -3.000000000000000000, 0.6499999999999986900 ) ) ;
#1889 = VERTEX_POINT ( 'NONE', #1323 ) ;
#1890 = CARTESIAN_POINT ( 'NONE',  ( -2.717782572299396000, 3.250000000000000000, 5.067164679552626600 ) ) ;
#1891 = ORIENTED_EDGE ( 'NONE', *, *, #1369, .T. ) ;
#1892 = ORIENTED_EDGE ( 'NONE', *, *, #789, .T. ) ;
#1893 = ORIENTED_EDGE ( 'NONE', *, *, #502, .T. ) ;
#1894 = EDGE_LOOP ( 'NONE', ( #1306, #2610, #758, #1995 ) ) ;
#1895 = CARTESIAN_POINT ( 'NONE',  ( 2.159524185522648100, 6.500000000000000000, -0.2042869498019199100 ) ) ;
#1896 = VECTOR ( 'NONE', #1943, 999.9999999999998900 ) ;
#1897 = EDGE_LOOP ( 'NONE', ( #2074, #725, #1965, #1094 ) ) ;
#1898 = CARTESIAN_POINT ( 'NONE',  ( -2.689999999999998600, -3.000000000000000000, 0.6499999999999988000 ) ) ;
#1899 = EDGE_CURVE ( 'NONE', #1196, #1679, #561, .T. ) ;
#1900 = DIRECTION ( 'NONE',  ( 1.000000000000000000, 0.0000000000000000000, 0.0000000000000000000 ) ) ;
#1901 = PLANE ( 'NONE',  #2381 ) ;
#1902 = LINE ( 'NONE', #111, #1370 ) ;
#1903 = ORIENTED_EDGE ( 'NONE', *, *, #1783, .T. ) ;
#1904 = ORIENTED_EDGE ( 'NONE', *, *, #2149, .T. ) ;
#1905 = ADVANCED_FACE ( 'NONE', ( #1710 ), #2194, .T. ) ;
#1906 = CARTESIAN_POINT ( 'NONE',  ( -2.153399680898977000, 6.500000000000000000, -0.2043543833022431500 ) ) ;
#1907 = DIRECTION ( 'NONE',  ( 0.05375259206908298400, 0.0000000000000000000, -0.9985542843760947300 ) ) ;
#1908 = PRESENTATION_LAYER_ASSIGNMENT (  '', '', ( #1796 ) ) ;
#1909 = LINE ( 'NONE', #1398, #1279 ) ;
#1910 = DIRECTION ( 'NONE',  ( -0.0000000000000000000, 1.000000000000000000, -0.0000000000000000000 ) ) ;
#1911 = VECTOR ( 'NONE', #669, 1000.000000000000000 ) ;
#1912 = PRESENTATION_LAYER_ASSIGNMENT (  '', '', ( #1822 ) ) ;
#1913 = CARTESIAN_POINT ( 'NONE',  ( -2.402511279821104600, 6.495000000000000100, 0.6694550024109757700 ) ) ;
#1914 = CARTESIAN_POINT ( 'NONE',  ( -2.402511279821104600, 6.495000000000000100, 0.6694550024109757700 ) ) ;
#1915 = EDGE_CURVE ( 'NONE', #2486, #2439, #898, .T. ) ;
#1916 = DIRECTION ( 'NONE',  ( -0.2760118818968560500, 0.0000000000000000000, 0.9611542233438689100 ) ) ;
#1917 = EDGE_CURVE ( 'NONE', #2527, #1503, #249, .T. ) ;
#1918 = CARTESIAN_POINT ( 'NONE',  ( -5.251205731465742800, 6.495000000000000100, 1.053028994543842500 ) ) ;
#1919 = EDGE_CURVE ( 'NONE', #1889, #216, #1537, .T. ) ;
#1920 =( NAMED_UNIT ( * ) SI_UNIT ( $, .STERADIAN. ) SOLID_ANGLE_UNIT ( ) );
#1921 =( GEOMETRIC_REPRESENTATION_CONTEXT ( 3 ) GLOBAL_UNCERTAINTY_ASSIGNED_CONTEXT ( ( #1437 ) ) GLOBAL_UNIT_ASSIGNED_CONTEXT ( ( #606, #2102, #1254 ) ) REPRESENTATION_CONTEXT ( 'NONE', 'WORKASPACE' ) );
#1922 = EDGE_LOOP ( 'NONE', ( #349, #1333, #292, #426 ) ) ;
#1923 = VECTOR ( 'NONE', #2324, 1000.000000000000000 ) ;
#1924 = ORIENTED_EDGE ( 'NONE', *, *, #676, .F. ) ;
#1925 = UNCERTAINTY_MEASURE_WITH_UNIT (LENGTH_MEASURE( 1.000000000000000100E-005 ), #1392, 'distance_accuracy_value', 'NONE');
#1926 = SURFACE_STYLE_USAGE ( .BOTH. , #1077 ) ;
#1927 = VERTEX_POINT ( 'NONE', #1971 ) ;
#1928 = VERTEX_POINT ( 'NONE', #899 ) ;
#1929 = VECTOR ( 'NONE', #506, 1000.000000000000000 ) ;
#1930 = DIRECTION ( 'NONE',  ( -0.002813301676022722400, 0.0000000000000000000, 0.9999960426590096500 ) ) ;
#1931 = EDGE_LOOP ( 'NONE', ( #61, #2226, #181, #1032 ) ) ;
#1932 = VECTOR ( 'NONE', #511, 1000.000000000000000 ) ;
#1933 = VERTEX_POINT ( 'NONE', #1319 ) ;
#1934 = LINE ( 'NONE', #2115, #1373 ) ;
#1935 = VECTOR ( 'NONE', #151, 999.9999999999998900 ) ;
#1936 = EDGE_CURVE ( 'NONE', #237, #2744, #2485, .T. ) ;
#1937 = DIRECTION ( 'NONE',  ( 0.0000000000000000000, 1.000000000000000000, 0.0000000000000000000 ) ) ;
#1938 = ORIENTED_EDGE ( 'NONE', *, *, #661, .F. ) ;
#1939 = VERTEX_POINT ( 'NONE', #2605 ) ;
#1940 = DIRECTION ( 'NONE',  ( -1.000000000000000000, 0.0000000000000000000, 2.506186073112944800E-016 ) ) ;
#1941 = DIRECTION ( 'NONE',  ( 0.0000000000000000000, 0.0000000000000000000, -1.000000000000000000 ) ) ;
#1942 = AXIS2_PLACEMENT_3D ( 'NONE', #1027, #1639, #2537 ) ;
#1943 = DIRECTION ( 'NONE',  ( 0.9999960426590096500, 0.0000000000000000000, 0.002813301676022722900 ) ) ;
#1944 = STYLED_ITEM ( 'NONE', ( #2121 ), #2696 ) ;
#1945 = LINE ( 'NONE', #1590, #406 ) ;
#1946 =( NAMED_UNIT ( * ) PLANE_ANGLE_UNIT ( ) SI_UNIT ( $, .RADIAN. ) );
#1947 = FACE_OUTER_BOUND ( 'NONE', #2644, .T. ) ;
#1948 = EDGE_CURVE ( 'NONE', #1509, #2189, #940, .T. ) ;
#1949 = DIRECTION ( 'NONE',  ( -0.9610853065513910200, 0.0000000000000000000, -0.2762517575166151300 ) ) ;
#1950 = FILL_AREA_STYLE_COLOUR ( '', #2693 ) ;
#1951 = EDGE_CURVE ( 'NONE', #1327, #1311, #2272, .T. ) ;
#1952 = AXIS2_PLACEMENT_3D ( 'NONE', #263, #1993, #45 ) ;
#1953 = SURFACE_SIDE_STYLE ('',( #603 ) ) ;
#1954 = ORIENTED_EDGE ( 'NONE', *, *, #494, .F. ) ;
#1955 = VECTOR ( 'NONE', #1672, 1000.000000000000000 ) ;
#1956 =( GEOMETRIC_REPRESENTATION_CONTEXT ( 3 ) GLOBAL_UNCERTAINTY_ASSIGNED_CONTEXT ( ( #851 ) ) GLOBAL_UNIT_ASSIGNED_CONTEXT ( ( #698, #2624, #468 ) ) REPRESENTATION_CONTEXT ( 'NONE', 'WORKASPACE' ) );
#1957 = ORIENTED_EDGE ( 'NONE', *, *, #1772, .F. ) ;
#1958 = ORIENTED_EDGE ( 'NONE', *, *, #2687, .T. ) ;
#1959 = FACE_OUTER_BOUND ( 'NONE', #1894, .T. ) ;
#1960 = ORIENTED_EDGE ( 'NONE', *, *, #1655, .F. ) ;
#1961 = DIRECTION ( 'NONE',  ( 0.0000000000000000000, 1.000000000000000000, 0.0000000000000000000 ) ) ;
#1962 = VECTOR ( 'NONE', #1691, 1000.000000000000000 ) ;
#1963 = EDGE_LOOP ( 'NONE', ( #1256, #2163, #1431, #1129 ) ) ;
#1964 = LINE ( 'NONE', #74, #2718 ) ;
#1965 = ORIENTED_EDGE ( 'NONE', *, *, #1546, .F. ) ;
#1966 = VERTEX_POINT ( 'NONE', #104 ) ;
#1967 = EDGE_CURVE ( 'NONE', #1765, #1135, #864, .T. ) ;
#1968 = DIRECTION ( 'NONE',  ( 0.0000000000000000000, -0.0000000000000000000, -1.000000000000000000 ) ) ;
#1969 = LINE ( 'NONE', #1674, #1413 ) ;
#1970 = EDGE_CURVE ( 'NONE', #2004, #1510, #1335, .T. ) ;
#1971 = CARTESIAN_POINT ( 'NONE',  ( -2.689999999999998600, -3.000000000000000000, -0.6500000000000011300 ) ) ;
#1972 = LINE ( 'NONE', #1778, #1342 ) ;
#1973 = CARTESIAN_POINT ( 'NONE',  ( -0.8156049229187412000, 6.495000000000000100, -0.9631222229663523000 ) ) ;
#1974 = FACE_OUTER_BOUND ( 'NONE', #518, .T. ) ;
#1975 = CARTESIAN_POINT ( 'NONE',  ( -1.284868498917413500, 6.500000000000000000, 0.6694550024109757700 ) ) ;
#1976 = AXIS2_PLACEMENT_3D ( 'NONE', #817, #1244, #583 ) ;
#1977 = COLOUR_RGB ( '',0.8980392156862745400, 0.9215686274509803400, 0.9294117647058823800 ) ;
#1978 = CARTESIAN_POINT ( 'NONE',  ( 3.912071732558238600, 6.495000000000000100, 1.053028994543904000 ) ) ;
#1979 = MECHANICAL_DESIGN_GEOMETRIC_PRESENTATION_REPRESENTATION (  '', ( #2623 ), #2228 ) ;
#1980 = DIRECTION ( 'NONE',  ( -0.0000000000000000000, -1.000000000000000000, -0.0000000000000000000 ) ) ;
#1981 = EDGE_CURVE ( 'NONE', #2527, #1135, #1567, .T. ) ;
#1982 = PLANE ( 'NONE',  #1021 ) ;
#1983 = DIRECTION ( 'NONE',  ( 0.0000000000000000000, -0.0000000000000000000, -1.000000000000000000 ) ) ;
#1984 = CARTESIAN_POINT ( 'NONE',  ( 1.807006385584198200, 6.500000000000000000, -0.9631222229663527500 ) ) ;
#1985 = DIRECTION ( 'NONE',  ( 0.0000000000000000000, 0.0000000000000000000, -1.000000000000000000 ) ) ;
#1986 = EDGE_CURVE ( 'NONE', #720, #27, #1902, .T. ) ;
#1987 = ORIENTED_EDGE ( 'NONE', *, *, #2293, .F. ) ;
#1988 = DIRECTION ( 'NONE',  ( 2.506541263247940600E-016, 0.0000000000000000000, 1.000000000000000000 ) ) ;
#1989 = CIRCLE ( 'NONE', #1842, 5.750000000000000000 ) ;
#1990 = VERTEX_POINT ( 'NONE', #2233 ) ;
#1991 = CARTESIAN_POINT ( 'NONE',  ( 4.931683720037595400, 6.495000000000000100, -0.5737970821254480000 ) ) ;
#1992 = CARTESIAN_POINT ( 'NONE',  ( 2.159524185522648100, 6.495000000000000100, -0.2042869498019199100 ) ) ;
#1993 = DIRECTION ( 'NONE',  ( 0.9615825319869143500, 0.0000000000000000000, 0.2745159998572669300 ) ) ;
#1994 = VERTEX_POINT ( 'NONE', #302 ) ;
#1995 = ORIENTED_EDGE ( 'NONE', *, *, #2190, .T. ) ;
#1996 = AXIS2_PLACEMENT_3D ( 'NONE', #1471, #778, #1188 ) ;
#1997 = FILL_AREA_STYLE_COLOUR ( '', #344 ) ;
#1998 = CARTESIAN_POINT ( 'NONE',  ( -2.153399680898977000, 6.495000000000000100, -0.2043543833022431500 ) ) ;
#1999 = VERTEX_POINT ( 'NONE', #92 ) ;
#2000 = LINE ( 'NONE', #1358, #461 ) ;
#2001 = ORIENTED_EDGE ( 'NONE', *, *, #2284, .T. ) ;
#2002 = ORIENTED_EDGE ( 'NONE', *, *, #2197, .T. ) ;
#2003 = ORIENTED_EDGE ( 'NONE', *, *, #1936, .F. ) ;
#2004 = VERTEX_POINT ( 'NONE', #1617 ) ;
#2005 = CARTESIAN_POINT ( 'NONE',  ( 2.690000000000000400, -2.700000000000000200, -4.242524731677385800E-015 ) ) ;
#2006 = CIRCLE ( 'NONE', #1414, 5.750000000000000000 ) ;
#2007 = EDGE_CURVE ( 'NONE', #450, #2674, #1008, .T. ) ;
#2008 = DIRECTION ( 'NONE',  ( 0.9615323037684299100, 0.0000000000000000000, 0.2746918797667232100 ) ) ;
#2009 = FILL_AREA_STYLE ('',( #716 ) ) ;
#2010 = CARTESIAN_POINT ( 'NONE',  ( 0.0000000000000000000, 6.080749999999999200, 0.0000000000000000000 ) ) ;
#2011 = MECHANICAL_DESIGN_GEOMETRIC_PRESENTATION_REPRESENTATION (  '', ( #1822 ), #1956 ) ;
#2012 = DIRECTION ( 'NONE',  ( -1.000000000000000000, 0.0000000000000000000, -3.614007241618344300E-016 ) ) ;
#2013 = ADVANCED_FACE ( 'NONE', ( #2342 ), #504, .F. ) ;
#2014 = CARTESIAN_POINT ( 'NONE',  ( -2.689999999999998600, -3.000000000000000000, -0.6500000000000011300 ) ) ;
#2015 = CARTESIAN_POINT ( 'NONE',  ( 4.379680122707077800, 6.495000000000000100, -0.5738409048472185000 ) ) ;
#2016 = SURFACE_SIDE_STYLE ('',( #1795 ) ) ;
#2017 = CARTESIAN_POINT ( 'NONE',  ( -4.097731242331414100, 6.495000000000000100, -0.9631222229663523000 ) ) ;
#2018 = CARTESIAN_POINT ( 'NONE',  ( 0.03793149982259607500, 6.500000000000000000, 1.053028994543905100 ) ) ;
#2019 = EDGE_CURVE ( 'NONE', #1157, #620, #2558, .T. ) ;
#2020 = VERTEX_POINT ( 'NONE', #1395 ) ;
#2021 = ORIENTED_EDGE ( 'NONE', *, *, #2177, .F. ) ;
#2022 = AXIS2_PLACEMENT_3D ( 'NONE', #2378, #2179, #678 ) ;
#2023 = ADVANCED_FACE ( 'NONE', ( #1271 ), #2440, .F. ) ;
#2024 = ORIENTED_EDGE ( 'NONE', *, *, #1185, .F. ) ;
#2025 = CARTESIAN_POINT ( 'NONE',  ( 1.910155113253702200, 6.495000000000000100, 0.6693814386009966400 ) ) ;
#2026 = DIRECTION ( 'NONE',  ( -1.000000000000000000, -0.0000000000000000000, -0.0000000000000000000 ) ) ;
#2027 = VECTOR ( 'NONE', #2143, 1000.000000000000000 ) ;
#2028 = CARTESIAN_POINT ( 'NONE',  ( -2.823838918333584600, 6.495000000000000100, -0.9631222229663523000 ) ) ;
#2029 = VERTEX_POINT ( 'NONE', #2247 ) ;
#2030 = LINE ( 'NONE', #1016, #2616 ) ;
#2031 = CARTESIAN_POINT ( 'NONE',  ( 0.03793149982259607500, 6.495000000000000100, 1.053028994543905100 ) ) ;
#2032 = ORIENTED_EDGE ( 'NONE', *, *, #1425, .F. ) ;
#2033 = PLANE ( 'NONE',  #1996 ) ;
#2034 = CIRCLE ( 'NONE', #1400, 5.330749999999999200 ) ;
#2035 = SURFACE_STYLE_USAGE ( .BOTH. , #564 ) ;
#2036 = VECTOR ( 'NONE', #717, 1000.000000000000000 ) ;
#2037 = DIRECTION ( 'NONE',  ( -0.0000000000000000000, 1.000000000000000000, -0.0000000000000000000 ) ) ;
#2038 = EDGE_CURVE ( 'NONE', #2715, #1762, #1964, .T. ) ;
#2039 = ADVANCED_FACE ( 'NONE', ( #2790 ), #1143, .F. ) ;
#2040 = CARTESIAN_POINT ( 'NONE',  ( -2.689999999999998600, -3.000000000000000000, 0.6499999999999988000 ) ) ;
#2041 = FACE_OUTER_BOUND ( 'NONE', #560, .T. ) ;
#2042 = AXIS2_PLACEMENT_3D ( 'NONE', #2530, #2093, #2731 ) ;
#2043 =( NAMED_UNIT ( * ) SI_UNIT ( $, .STERADIAN. ) SOLID_ANGLE_UNIT ( ) );
#2044 = DIRECTION ( 'NONE',  ( 0.0000000000000000000, 1.000000000000000000, 0.0000000000000000000 ) ) ;
#2045 = DIRECTION ( 'NONE',  ( -0.0000000000000000000, 1.000000000000000000, -0.0000000000000000000 ) ) ;
#2046 = CARTESIAN_POINT ( 'NONE',  ( 2.690000000000000400, -2.700000000000000200, 0.6499999999999956900 ) ) ;
#2047 = AXIS2_PLACEMENT_3D ( 'NONE', #66, #1538, #236 ) ;
#2048 = DIRECTION ( 'NONE',  ( 0.9610674221107072800, 0.0000000000000000000, 0.2763139702539116900 ) ) ;
#2049 = CARTESIAN_POINT ( 'NONE',  ( 1.564110927417840000, 6.495000000000000100, -0.9631222229663527500 ) ) ;
#2050 = ADVANCED_FACE ( 'NONE', ( #1304 ), #748, .F. ) ;
#2051 = EDGE_LOOP ( 'NONE', ( #1825, #973, #54, #1529 ) ) ;
#2052 = CARTESIAN_POINT ( 'NONE',  ( -2.506168825485704900, 6.495000000000000100, -0.9631222229663520800 ) ) ;
#2053 = EDGE_CURVE ( 'NONE', #870, #820, #2000, .T. ) ;
#2054 = DIRECTION ( 'NONE',  ( 1.000000000000000000, 0.0000000000000000000, -3.614007241618349300E-016 ) ) ;
#2055 = DIRECTION ( 'NONE',  ( -1.000000000000000000, 0.0000000000000000000, 2.284793946200968400E-016 ) ) ;
#2056 = ORIENTED_EDGE ( 'NONE', *, *, #1421, .T. ) ;
#2057 = VERTEX_POINT ( 'NONE', #2015 ) ;
#2058 = LINE ( 'NONE', #2467, #214 ) ;
#2059 = DIRECTION ( 'NONE',  ( -0.0000000000000000000, 1.000000000000000000, -0.0000000000000000000 ) ) ;
#2060 = EDGE_LOOP ( 'NONE', ( #2789, #2334, #1602, #2559 ) ) ;
#2061 = EDGE_CURVE ( 'NONE', #1927, #2785, #1072, .T. ) ;
#2062 = ORIENTED_EDGE ( 'NONE', *, *, #358, .T. ) ;
#2063 = VECTOR ( 'NONE', #908, 1000.000000000000000 ) ;
#2064 = CARTESIAN_POINT ( 'NONE',  ( 2.690000000000000400, -2.700000000000000200, -0.6500000000000042400 ) ) ;
#2065 = ORIENTED_EDGE ( 'NONE', *, *, #1791, .T. ) ;
#2066 = COLOUR_RGB ( '',0.8980392156862745400, 0.9215686274509803400, 0.9294117647058823800 ) ;
#2067 = ORIENTED_EDGE ( 'NONE', *, *, #466, .T. ) ;
#2068 = ORIENTED_EDGE ( 'NONE', *, *, #2127, .F. ) ;
#2069 = DIRECTION ( 'NONE',  ( -0.0000000000000000000, 1.000000000000000000, -0.0000000000000000000 ) ) ;
#2070 = CARTESIAN_POINT ( 'NONE',  ( -4.677904531710408900, 6.495000000000000100, 1.053028994543905300 ) ) ;
#2071 = VECTOR ( 'NONE', #1627, 1000.000000000000000 ) ;
#2072 = DIRECTION ( 'NONE',  ( -0.0000000000000000000, 1.000000000000000000, -0.0000000000000000000 ) ) ;
#2073 = ORIENTED_EDGE ( 'NONE', *, *, #395, .F. ) ;
#2074 = ORIENTED_EDGE ( 'NONE', *, *, #1208, .T. ) ;
#2075 = COLOUR_RGB ( '',0.0000000000000000000, 0.4862745098039215600, 0.8392156862745098200 ) ;
#2076 = FILL_AREA_STYLE ('',( #369 ) ) ;
#2077 = LINE ( 'NONE', #1290, #134 ) ;
#2078 = CARTESIAN_POINT ( 'NONE',  ( -5.251205731465742800, 6.495000000000000100, 1.053028994543842500 ) ) ;
#2079 = CARTESIAN_POINT ( 'NONE',  ( -1.288044003593056700, 6.495000000000000100, -0.2043543833022431500 ) ) ;
#2080 = COLOUR_RGB ( '',0.8980392156862745400, 0.9215686274509803400, 0.9294117647058823800 ) ;
#2081 = EDGE_CURVE ( 'NONE', #1735, #2473, #1466, .T. ) ;
#2082 = CARTESIAN_POINT ( 'NONE',  ( -2.689999999999998600, -3.000000000000000000, -0.6500000000000011300 ) ) ;
#2083 = DIRECTION ( 'NONE',  ( 1.000000000000000000, -0.0000000000000000000, 1.224646799147353200E-016 ) ) ;
#2084 = CARTESIAN_POINT ( 'NONE',  ( -1.125700924485933100, 6.495000000000000100, -0.5793581909814401500 ) ) ;
#2085 = AXIS2_PLACEMENT_3D ( 'NONE', #1250, #2535, #589 ) ;
#2086 = CARTESIAN_POINT ( 'NONE',  ( 3.192556318522602200, 6.500000000000000000, -0.5766915026842742700 ) ) ;
#2087 = EDGE_CURVE ( 'NONE', #1665, #1303, #2374, .T. ) ;
#2088 = ORIENTED_EDGE ( 'NONE', *, *, #2739, .F. ) ;
#2089 = VECTOR ( 'NONE', #1022, 1000.000000000000000 ) ;
#2090 = VERTEX_POINT ( 'NONE', #834 ) ;
#2091 = EDGE_LOOP ( 'NONE', ( #649, #1074, #999, #562, #1806 ) ) ;
#2092 = CARTESIAN_POINT ( 'NONE',  ( 0.0000000000000000000, 0.0000000000000000000, 0.0000000000000000000 ) ) ;
#2093 = DIRECTION ( 'NONE',  ( -0.0000000000000000000, -1.000000000000000000, -0.0000000000000000000 ) ) ;
#2094 = ORIENTED_EDGE ( 'NONE', *, *, #350, .T. ) ;
#2095 = CARTESIAN_POINT ( 'NONE',  ( -0.03453285888950724500, 6.500000000000000000, 0.4772421111879622800 ) ) ;
#2096 = CARTESIAN_POINT ( 'NONE',  ( -4.282198500527644400, 3.250000000000000000, 3.837352733601484100 ) ) ;
#2097 = EDGE_CURVE ( 'NONE', #1468, #285, #2232, .T. ) ;
#2098 = VERTEX_POINT ( 'NONE', #2495 ) ;
#2099 = COLOUR_RGB ( '',0.2509803921568627400, 0.2509803921568627400, 0.2509803921568627400 ) ;
#2100 = ORIENTED_EDGE ( 'NONE', *, *, #910, .F. ) ;
#2101 = ORIENTED_EDGE ( 'NONE', *, *, #1221, .T. ) ;
#2102 =( NAMED_UNIT ( * ) PLANE_ANGLE_UNIT ( ) SI_UNIT ( $, .RADIAN. ) );
#2103 = DIRECTION ( 'NONE',  ( 0.9999999968487352000, 0.0000000000000000000, 7.938847109754407800E-005 ) ) ;
#2104 = LINE ( 'NONE', #1798, #402 ) ;
#2105 = PLANE ( 'NONE',  #1749 ) ;
#2106 = FACE_OUTER_BOUND ( 'NONE', #1492, .T. ) ;
#2107 = CARTESIAN_POINT ( 'NONE',  ( 2.918285894870225900, 6.495000000000000100, 0.1683628157980139000 ) ) ;
#2108 = EDGE_CURVE ( 'NONE', #1735, #1868, #55, .T. ) ;
#2109 = ADVANCED_FACE ( 'NONE', ( #1332 ), #895, .T. ) ;
#2110 = VECTOR ( 'NONE', #1049, 1000.000000000000000 ) ;
#2111 = DIRECTION ( 'NONE',  ( -0.2763173343569915700, 0.0000000000000000000, 0.9610664548998921800 ) ) ;
#2112 = DIRECTION ( 'NONE',  ( -0.05596501978067571600, 0.0000000000000000000, 0.9984327301130249100 ) ) ;
#2113 =( GEOMETRIC_REPRESENTATION_CONTEXT ( 3 ) GLOBAL_UNCERTAINTY_ASSIGNED_CONTEXT ( ( #1211 ) ) GLOBAL_UNIT_ASSIGNED_CONTEXT ( ( #1725, #2153, #879 ) ) REPRESENTATION_CONTEXT ( 'NONE', 'WORKASPACE' ) );
#2114 = DIRECTION ( 'NONE',  ( -0.4443210308329209000, 0.0000000000000000000, 0.8958676361826954900 ) ) ;
#2115 = CARTESIAN_POINT ( 'NONE',  ( -1.288044003593056700, 6.495000000000000100, -0.2043543833022431500 ) ) ;
#2116 = MECHANICAL_DESIGN_GEOMETRIC_PRESENTATION_REPRESENTATION (  '', ( #2322 ), #2472 ) ;
#2117 = CARTESIAN_POINT ( 'NONE',  ( -2.689999999999998600, -0.0000000000000000000, -0.6500000000000011300 ) ) ;
#2118 = DIRECTION ( 'NONE',  ( 0.2759782365590740500, 0.0000000000000000000, -0.9611638845408954100 ) ) ;
#2119 = AXIS2_PLACEMENT_3D ( 'NONE', #1879, #1872, #150 ) ;
#2120 = VERTEX_POINT ( 'NONE', #2278 ) ;
#2121 = PRESENTATION_STYLE_ASSIGNMENT (( #2315 ) ) ;
#2122 = ADVANCED_FACE ( 'NONE', ( #626 ), #2033, .F. ) ;
#2123 = CARTESIAN_POINT ( 'NONE',  ( 2.390000000000000600, -2.700000000000000200, -0.6500000000000042400 ) ) ;
#2124 = ORIENTED_EDGE ( 'NONE', *, *, #2761, .F. ) ;
#2125 = CARTESIAN_POINT ( 'NONE',  ( 0.0000000000000000000, 6.080749999999999200, 0.0000000000000000000 ) ) ;
#2126 = ORIENTED_EDGE ( 'NONE', *, *, #2408, .F. ) ;
#2127 = EDGE_CURVE ( 'NONE', #900, #1196, #2302, .T. ) ;
#2128 = FACE_OUTER_BOUND ( 'NONE', #587, .T. ) ;
#2129 = ORIENTED_EDGE ( 'NONE', *, *, #2761, .T. ) ;
#2130 = VERTEX_POINT ( 'NONE', #1198 ) ;
#2131 = DIRECTION ( 'NONE',  ( 0.2740217765954067200, 0.0000000000000000000, -0.9617234872620595800 ) ) ;
#2132 = VECTOR ( 'NONE', #852, 1000.000000000000100 ) ;
#2133 = ORIENTED_EDGE ( 'NONE', *, *, #2541, .T. ) ;
#2134 = EDGE_CURVE ( 'NONE', #1311, #1223, #1231, .T. ) ;
#2135 = PRESENTATION_STYLE_ASSIGNMENT (( #2630 ) ) ;
#2136 = ORIENTED_EDGE ( 'NONE', *, *, #1711, .T. ) ;
#2137 = ORIENTED_EDGE ( 'NONE', *, *, #1208, .F. ) ;
#2138 = VECTOR ( 'NONE', #2208, 1000.000000000000200 ) ;
#2139 = AXIS2_PLACEMENT_3D ( 'NONE', #2751, #783, #803 ) ;
#2140 = ORIENTED_EDGE ( 'NONE', *, *, #2666, .T. ) ;
#2141 = EDGE_LOOP ( 'NONE', ( #1195, #1071, #2068, #1069 ) ) ;
#2142 = EDGE_LOOP ( 'NONE', ( #1337, #1858, #2621, #802 ) ) ;
#2143 = DIRECTION ( 'NONE',  ( -0.0000000000000000000, 1.000000000000000000, -0.0000000000000000000 ) ) ;
#2144 = LINE ( 'NONE', #2632, #229 ) ;
#2145 = CARTESIAN_POINT ( 'NONE',  ( -0.4995563842746180700, 6.495000000000000100, 1.053028994543905300 ) ) ;
#2146 = FACE_OUTER_BOUND ( 'NONE', #2301, .T. ) ;
#2147 = FILL_AREA_STYLE_COLOUR ( '', #2592 ) ;
#2148 = CARTESIAN_POINT ( 'NONE',  ( -4.677904531710408900, 6.500000000000000000, 1.053028994543905300 ) ) ;
#2149 = EDGE_CURVE ( 'NONE', #620, #1435, #2750, .T. ) ;
#2150 = PLANE ( 'NONE',  #1535 ) ;
#2151 = EDGE_CURVE ( 'NONE', #1503, #1458, #421, .T. ) ;
#2152 =( NAMED_UNIT ( * ) PLANE_ANGLE_UNIT ( ) SI_UNIT ( $, .RADIAN. ) );
#2153 =( NAMED_UNIT ( * ) PLANE_ANGLE_UNIT ( ) SI_UNIT ( $, .RADIAN. ) );
#2154 = AXIS2_PLACEMENT_3D ( 'NONE', #2213, #1988, #2205 ) ;
#2155 = CARTESIAN_POINT ( 'NONE',  ( -1.394503104559656100, 6.495000000000000100, 0.1683628157939400200 ) ) ;
#2156 = ORIENTED_EDGE ( 'NONE', *, *, #1948, .F. ) ;
#2157 = CARTESIAN_POINT ( 'NONE',  ( -5.251205731465742800, 6.499254104594566400, 1.053028994543842500 ) ) ;
#2158 = VERTEX_POINT ( 'NONE', #2702 ) ;
#2159 = ORIENTED_EDGE ( 'NONE', *, *, #370, .T. ) ;
#2160 = FACE_OUTER_BOUND ( 'NONE', #1117, .T. ) ;
#2161 = SURFACE_SIDE_STYLE ('',( #1382 ) ) ;
#2162 = DIRECTION ( 'NONE',  ( -0.0000000000000000000, 1.000000000000000000, 0.0000000000000000000 ) ) ;
#2163 = ORIENTED_EDGE ( 'NONE', *, *, #477, .F. ) ;
#2164 = LINE ( 'NONE', #12, #1799 ) ;
#2165 = ORIENTED_EDGE ( 'NONE', *, *, #1512, .T. ) ;
#2166 = UNCERTAINTY_MEASURE_WITH_UNIT (LENGTH_MEASURE( 1.000000000000000100E-005 ), #2781, 'distance_accuracy_value', 'NONE');
#2167 = VECTOR ( 'NONE', #2175, 1000.000000000000000 ) ;
#2168 = EDGE_CURVE ( 'NONE', #2439, #326, #594, .T. ) ;
#2169 = ORIENTED_EDGE ( 'NONE', *, *, #2593, .T. ) ;
#2170 = ORIENTED_EDGE ( 'NONE', *, *, #1561, .F. ) ;
#2171 = CARTESIAN_POINT ( 'NONE',  ( 2.053187690916773900, 6.500000000000000000, 0.1683628157980141300 ) ) ;
#2172 = MECHANICAL_DESIGN_GEOMETRIC_PRESENTATION_REPRESENTATION (  '', ( #1718 ), #2538 ) ;
#2173 = VECTOR ( 'NONE', #566, 1000.000000000000100 ) ;
#2174 = EDGE_CURVE ( 'NONE', #1933, #1030, #826, .T. ) ;
#2175 = DIRECTION ( 'NONE',  ( -0.0000000000000000000, 1.000000000000000000, -0.0000000000000000000 ) ) ;
#2176 = DIRECTION ( 'NONE',  ( -1.000000000000000000, 0.0000000000000000000, 2.506186073112945300E-016 ) ) ;
#2177 = EDGE_CURVE ( 'NONE', #2029, #651, #1197, .T. ) ;
#2178 = CARTESIAN_POINT ( 'NONE',  ( -3.487335487235283500, 6.495000000000000100, -0.9631222229663523000 ) ) ;
#2179 = DIRECTION ( 'NONE',  ( 0.0000000000000000000, -1.000000000000000000, -0.0000000000000000000 ) ) ;
#2180 = CARTESIAN_POINT ( 'NONE',  ( 3.303711244630005400, 6.495000000000000100, -0.9631222229663528600 ) ) ;
#2181 = ORIENTED_EDGE ( 'NONE', *, *, #593, .T. ) ;
#2182 = AXIS2_PLACEMENT_3D ( 'NONE', #1131, #1980, #1755 ) ;
#2183 = PLANE ( 'NONE',  #2419 ) ;
#2184 = ORIENTED_EDGE ( 'NONE', *, *, #1658, .F. ) ;
#2185 = EDGE_LOOP ( 'NONE', ( #2786, #861, #963, #557 ) ) ;
#2186 = VECTOR ( 'NONE', #133, 999.9999999999998900 ) ;
#2187 = ORIENTED_EDGE ( 'NONE', *, *, #1711, .F. ) ;
#2188 = CARTESIAN_POINT ( 'NONE',  ( -2.259736175507299100, 6.495000000000000100, 0.1683628157939400200 ) ) ;
#2189 = VERTEX_POINT ( 'NONE', #1626 ) ;
#2190 = EDGE_CURVE ( 'NONE', #620, #1272, #763, .T. ) ;
#2191 = ORIENTED_EDGE ( 'NONE', *, *, #2563, .T. ) ;
#2192 = DIRECTION ( 'NONE',  ( -0.0000000000000000000, 1.000000000000000000, -0.0000000000000000000 ) ) ;
#2193 = PLANE ( 'NONE',  #2416 ) ;
#2194 = TOROIDAL_SURFACE ( 'NONE', #2047, 5.330749999999999200, 0.4192500000000000100 ) ;
#2195 = CARTESIAN_POINT ( 'NONE',  ( -1.394503104559656100, 6.500000000000000000, 0.1683628157939400200 ) ) ;
#2196 = ORIENTED_EDGE ( 'NONE', *, *, #48, .F. ) ;
#2197 = EDGE_CURVE ( 'NONE', #216, #1066, #1759, .T. ) ;
#2198 = VECTOR ( 'NONE', #1137, 1000.000000000000000 ) ;
#2199 = LINE ( 'NONE', #203, #2379 ) ;
#2200 = DIRECTION ( 'NONE',  ( -0.2765379750249959400, 0.0000000000000000000, 0.9610029908221278100 ) ) ;
#2201 = VERTEX_POINT ( 'NONE', #660 ) ;
#2202 = LINE ( 'NONE', #1638, #2622 ) ;
#2203 = ORIENTED_EDGE ( 'NONE', *, *, #1410, .F. ) ;
#2204 = STYLED_ITEM ( 'NONE', ( #1472 ), #137 ) ;
#2205 = DIRECTION ( 'NONE',  ( 1.000000000000000000, 0.0000000000000000000, -2.506541263247940600E-016 ) ) ;
#2206 = DIRECTION ( 'NONE',  ( 0.2762033010288755300, 0.0000000000000000000, -0.9610992334305299400 ) ) ;
#2207 = VECTOR ( 'NONE', #2532, 1000.000000000000100 ) ;
#2208 = DIRECTION ( 'NONE',  ( -0.4726578386607645500, -1.885568995626964000E-017, 0.8812460312265437700 ) ) ;
#2209 =( GEOMETRIC_REPRESENTATION_CONTEXT ( 3 ) GLOBAL_UNCERTAINTY_ASSIGNED_CONTEXT ( ( #1144 ) ) GLOBAL_UNIT_ASSIGNED_CONTEXT ( ( #197, #1079, #2779 ) ) REPRESENTATION_CONTEXT ( 'NONE', 'WORKASPACE' ) );
#2210 =( NAMED_UNIT ( * ) SI_UNIT ( $, .STERADIAN. ) SOLID_ANGLE_UNIT ( ) );
#2211 = VECTOR ( 'NONE', #49, 1000.000000000000000 ) ;
#2212 = CARTESIAN_POINT ( 'NONE',  ( -5.236055282421049600, 6.500000000000000000, 1.000310272830696300 ) ) ;
#2213 = CARTESIAN_POINT ( 'NONE',  ( 2.053187690916773900, 6.495000000000000100, 0.1683628157980141300 ) ) ;
#2214 = DIRECTION ( 'NONE',  ( 0.2793947940814913700, 0.0000000000000000000, -0.9601763114346035800 ) ) ;
#2215 = CARTESIAN_POINT ( 'NONE',  ( -1.284868498917413500, 6.495000000000000100, 0.6694550024109757700 ) ) ;
#2216 = DIRECTION ( 'NONE',  ( 0.0000000000000000000, 0.0000000000000000000, 1.000000000000000000 ) ) ;
#2217 = CARTESIAN_POINT ( 'NONE',  ( -2.389999999999998800, -3.000000000000000000, -0.6500000000000012400 ) ) ;
#2218 = PLANE ( 'NONE',  #321 ) ;
#2219 = EDGE_CURVE ( 'NONE', #1609, #2120, #246, .T. ) ;
#2220 = ADVANCED_FACE ( 'NONE', ( #2614 ), #881, .F. ) ;
#2221 = ORIENTED_EDGE ( 'NONE', *, *, #446, .F. ) ;
#2222 = PRESENTATION_STYLE_ASSIGNMENT (( #334 ) ) ;
#2223 =( LENGTH_UNIT ( ) NAMED_UNIT ( * ) SI_UNIT ( .MILLI., .METRE. ) );
#2224 = SURFACE_STYLE_USAGE ( .BOTH. , #282 ) ;
#2225 = VERTEX_POINT ( 'NONE', #1294 ) ;
#2226 = ORIENTED_EDGE ( 'NONE', *, *, #593, .F. ) ;
#2227 = COLOUR_RGB ( '',0.8980392156862745400, 0.9215686274509803400, 0.9294117647058823800 ) ;
#2228 =( GEOMETRIC_REPRESENTATION_CONTEXT ( 3 ) GLOBAL_UNCERTAINTY_ASSIGNED_CONTEXT ( ( #1317 ) ) GLOBAL_UNIT_ASSIGNED_CONTEXT ( ( #1362, #58, #1577 ) ) REPRESENTATION_CONTEXT ( 'NONE', 'WORKASPACE' ) );
#2229 =( LENGTH_UNIT ( ) NAMED_UNIT ( * ) SI_UNIT ( .MILLI., .METRE. ) );
#2230 = CARTESIAN_POINT ( 'NONE',  ( -4.671798733445354100, 6.495000000000000100, -0.9631222229663523000 ) ) ;
#2231 = EDGE_LOOP ( 'NONE', ( #1569, #2298, #2550, #2349 ) ) ;
#2232 = LINE ( 'NONE', #130, #2405 ) ;
#2233 = CARTESIAN_POINT ( 'NONE',  ( -1.288044003593056700, 6.500000000000000000, -0.2043543833022431500 ) ) ;
#2234 = VERTEX_POINT ( 'NONE', #2148 ) ;
#2235 = SURFACE_STYLE_FILL_AREA ( #1052 ) ;
#2236 = CIRCLE ( 'NONE', #378, 5.750000000000000000 ) ;
#2237 = ORIENTED_EDGE ( 'NONE', *, *, #446, .T. ) ;
#2238 = VERTEX_POINT ( 'NONE', #874 ) ;
#2239 = CARTESIAN_POINT ( 'NONE',  ( 2.390000000000000600, 0.0000000000000000000, -0.6500000000000042400 ) ) ;
#2240 = DIRECTION ( 'NONE',  ( 0.2745159998572669300, 0.0000000000000000000, -0.9615825319869143500 ) ) ;
#2241 = PRESENTATION_STYLE_ASSIGNMENT (( #675 ) ) ;
#2242 = PLANE ( 'NONE',  #1480 ) ;
#2243 = EDGE_CURVE ( 'NONE', #2513, #2691, #1733, .T. ) ;
#2244 = LINE ( 'NONE', #2415, #1714 ) ;
#2245 = CARTESIAN_POINT ( 'NONE',  ( -4.364136469712908800, 6.495000000000000100, -0.04168639734652045800 ) ) ;
#2246 = LINE ( 'NONE', #2079, #1475 ) ;
#2247 = CARTESIAN_POINT ( 'NONE',  ( -4.282198500527644400, 6.080749999999999200, 3.837352733601484500 ) ) ;
#2248 = LINE ( 'NONE', #80, #2211 ) ;
#2249 =( LENGTH_UNIT ( ) NAMED_UNIT ( * ) SI_UNIT ( .MILLI., .METRE. ) );
#2250 = DIRECTION ( 'NONE',  ( 0.9612934544747577800, 0.0000000000000000000, 0.2755265765475025100 ) ) ;
#2251 = DIRECTION ( 'NONE',  ( 0.0000000000000000000, 1.000000000000000000, 0.0000000000000000000 ) ) ;
#2252 = VECTOR ( 'NONE', #2724, 1000.000000000000000 ) ;
#2253 =( LENGTH_UNIT ( ) NAMED_UNIT ( * ) SI_UNIT ( .MILLI., .METRE. ) );
#2254 =( NAMED_UNIT ( * ) SI_UNIT ( $, .STERADIAN. ) SOLID_ANGLE_UNIT ( ) );
#2255 = EDGE_CURVE ( 'NONE', #286, #1865, #389, .T. ) ;
#2256 = DIRECTION ( 'NONE',  ( -0.7083077534943613700, 0.0000000000000000000, -0.7059037656364860500 ) ) ;
#2257 = FILL_AREA_STYLE ('',( #103 ) ) ;
#2258 = ORIENTED_EDGE ( 'NONE', *, *, #1783, .F. ) ;
#2259 = EDGE_CURVE ( 'NONE', #1669, #870, #2164, .T. ) ;
#2260 = VECTOR ( 'NONE', #1057, 1000.000000000000200 ) ;
#2261 = ORIENTED_EDGE ( 'NONE', *, *, #1148, .T. ) ;
#2262 = ORIENTED_EDGE ( 'NONE', *, *, #435, .F. ) ;
#2263 = VECTOR ( 'NONE', #2721, 1000.000000000000000 ) ;
#2264 = ORIENTED_EDGE ( 'NONE', *, *, #789, .F. ) ;
#2265 = ORIENTED_EDGE ( 'NONE', *, *, #2335, .T. ) ;
#2266 = DIRECTION ( 'NONE',  ( 0.0000000000000000000, 1.000000000000000000, 0.0000000000000000000 ) ) ;
#2267 = DIRECTION ( 'NONE',  ( 0.9999891854650020400, 0.0000000000000000000, 0.004650693823678137000 ) ) ;
#2268 = VECTOR ( 'NONE', #141, 1000.000000000000000 ) ;
#2269 = DIRECTION ( 'NONE',  ( 0.0000000000000000000, -0.0000000000000000000, 1.000000000000000000 ) ) ;
#2270 = ORIENTED_EDGE ( 'NONE', *, *, #751, .F. ) ;
#2271 = AXIS2_PLACEMENT_3D ( 'NONE', #1450, #182, #1013 ) ;
#2272 = LINE ( 'NONE', #258, #126 ) ;
#2273 = ADVANCED_FACE ( 'NONE', ( #1266 ), #1717, .F. ) ;
#2274 = PLANE ( 'NONE',  #646 ) ;
#2275 = EDGE_LOOP ( 'NONE', ( #761, #631, #1500, #1263 ) ) ;
#2276 = ORIENTED_EDGE ( 'NONE', *, *, #2388, .T. ) ;
#2277 = VECTOR ( 'NONE', #1745, 1000.000000000000000 ) ;
#2278 = CARTESIAN_POINT ( 'NONE',  ( 1.227090569557494300, 6.500000000000000000, 1.053028994543904900 ) ) ;
#2279 = EDGE_CURVE ( 'NONE', #2020, #1565, #657, .T. ) ;
#2280 = ORIENTED_EDGE ( 'NONE', *, *, #125, .F. ) ;
#2281 = DIRECTION ( 'NONE',  ( 3.336006684570783100E-016, -0.0000000000000000000, -1.000000000000000000 ) ) ;
#2282 = COLOUR_RGB ( '',0.0000000000000000000, 0.4862745098039215600, 0.8392156862745098200 ) ;
#2283 = CARTESIAN_POINT ( 'NONE',  ( 0.6798407158200340300, 6.500000000000000000, -0.9631222229663527500 ) ) ;
#2284 = EDGE_CURVE ( 'NONE', #1807, #386, #91, .T. ) ;
#2285 = CARTESIAN_POINT ( 'NONE',  ( 0.0000000000000000000, 0.4192500000000003400, -5.750000000000000000 ) ) ;
#2286 = AXIS2_PLACEMENT_3D ( 'NONE', #290, #1141, #912 ) ;
#2287 = CARTESIAN_POINT ( 'NONE',  ( 1.807006385584198200, 6.495000000000000100, -0.9631222229663527500 ) ) ;
#2288 = DIRECTION ( 'NONE',  ( 0.0000000000000000000, 0.0000000000000000000, -1.000000000000000000 ) ) ;
#2289 = PLANE ( 'NONE',  #363 ) ;
#2290 = CARTESIAN_POINT ( 'NONE',  ( 3.024744995834479400, 6.495000000000000100, -0.2042869498019201400 ) ) ;
#2291 = CYLINDRICAL_SURFACE ( 'NONE', #2085, 5.750000000000000000 ) ;
#2292 = PLANE ( 'NONE',  #2119 ) ;
#2293 = EDGE_CURVE ( 'NONE', #1505, #2635, #2481, .T. ) ;
#2294 = ORIENTED_EDGE ( 'NONE', *, *, #300, .T. ) ;
#2295 = VECTOR ( 'NONE', #2069, 1000.000000000000000 ) ;
#2296 = ADVANCED_FACE ( 'NONE', ( #526 ), #1742, .F. ) ;
#2297 =( LENGTH_UNIT ( ) NAMED_UNIT ( * ) SI_UNIT ( .MILLI., .METRE. ) );
#2298 = ORIENTED_EDGE ( 'NONE', *, *, #88, .F. ) ;
#2299 = EDGE_CURVE ( 'NONE', #1435, #90, #1366, .T. ) ;
#2300 = EDGE_LOOP ( 'NONE', ( #1100, #2515, #1310, #1869 ) ) ;
#2301 = EDGE_LOOP ( 'NONE', ( #213, #1201, #1697, #1364 ) ) ;
#2302 = LINE ( 'NONE', #2505, #457 ) ;
#2303 =( GEOMETRIC_REPRESENTATION_CONTEXT ( 3 ) GLOBAL_UNCERTAINTY_ASSIGNED_CONTEXT ( ( #642 ) ) GLOBAL_UNIT_ASSIGNED_CONTEXT ( ( #546, #757, #2043 ) ) REPRESENTATION_CONTEXT ( 'NONE', 'WORKASPACE' ) );
#2304 = ORIENTED_EDGE ( 'NONE', *, *, #1490, .T. ) ;
#2305 = COLOUR_RGB ( '',0.2509803921568627400, 0.2509803921568627400, 0.2509803921568627400 ) ;
#2306 = CARTESIAN_POINT ( 'NONE',  ( 2.918285894870225900, 6.495000000000000100, 0.1683628157980139000 ) ) ;
#2307 = VECTOR ( 'NONE', #1786, 1000.000000000000100 ) ;
#2308 =( NAMED_UNIT ( * ) SI_UNIT ( $, .STERADIAN. ) SOLID_ANGLE_UNIT ( ) );
#2309 = VECTOR ( 'NONE', #2111, 1000.000000000000200 ) ;
#2310 = ORIENTED_EDGE ( 'NONE', *, *, #926, .F. ) ;
#2311 = EDGE_LOOP ( 'NONE', ( #1292, #665, #2382, #1267 ) ) ;
#2312 = CARTESIAN_POINT ( 'NONE',  ( -2.259736175507299100, 6.495000000000000100, 0.1683628157939400200 ) ) ;
#2313 = VECTOR ( 'NONE', #354, 1000.000000000000000 ) ;
#2314 = ADVANCED_FACE ( 'NONE', ( #1599 ), #200, .F. ) ;
#2315 = SURFACE_STYLE_USAGE ( .BOTH. , #786 ) ;
#2316 = CARTESIAN_POINT ( 'NONE',  ( -2.044280021955986900, 6.495000000000000100, -0.5793581909814401500 ) ) ;
#2317 = SURFACE_STYLE_USAGE ( .BOTH. , #1874 ) ;
#2318 = PRESENTATION_STYLE_ASSIGNMENT (( #146 ) ) ;
#2319 = EDGE_CURVE ( 'NONE', #1157, #2403, #1229, .T. ) ;
#2320 = CARTESIAN_POINT ( 'NONE',  ( -4.344182283275985800, 6.495000000000000100, -0.1033573956103139300 ) ) ;
#2321 = CIRCLE ( 'NONE', #2668, 5.330749999999999200 ) ;
#2322 = STYLED_ITEM ( 'NONE', ( #439 ), #1159 ) ;
#2323 = DIRECTION ( 'NONE',  ( 1.000000000000000000, 0.0000000000000000000, -3.614007241618349300E-016 ) ) ;
#2324 = DIRECTION ( 'NONE',  ( 0.7145695586382339000, -0.0000000000000000000, -0.6995643972269883800 ) ) ;
#2325 = CARTESIAN_POINT ( 'NONE',  ( 0.0000000000000000000, 0.0000000000000000000, 5.330749999999999200 ) ) ;
#2326 = CARTESIAN_POINT ( 'NONE',  ( -4.289645802267690700, 6.080749999999999200, 3.844026390529489100 ) ) ;
#2327 = PRODUCT_RELATED_PRODUCT_CATEGORY ( 'part', '', ( #953 ) ) ;
#2328 = ADVANCED_FACE ( 'NONE', ( #279 ), #1721, .F. ) ;
#2329 = DIRECTION ( 'NONE',  ( -1.000000000000000000, -0.0000000000000000000, -0.0000000000000000000 ) ) ;
#2330 = EDGE_CURVE ( 'NONE', #2635, #87, #891, .T. ) ;
#2331 = ORIENTED_EDGE ( 'NONE', *, *, #73, .F. ) ;
#2332 = FACE_OUTER_BOUND ( 'NONE', #533, .T. ) ;
#2333 = DIRECTION ( 'NONE',  ( -1.000000000000000000, 0.0000000000000000000, 0.0000000000000000000 ) ) ;
#2334 = ORIENTED_EDGE ( 'NONE', *, *, #315, .F. ) ;
#2335 = EDGE_CURVE ( 'NONE', #788, #24, #1033, .T. ) ;
#2336 = DIRECTION ( 'NONE',  ( 0.2762437428917315400, 0.0000000000000000000, -0.9610876102172824000 ) ) ;
#2337 = DIRECTION ( 'NONE',  ( -0.9984327301130250200, 0.0000000000000000000, -0.05596501978067572300 ) ) ;
#2338 = ORIENTED_EDGE ( 'NONE', *, *, #52, .F. ) ;
#2339 = ORIENTED_EDGE ( 'NONE', *, *, #2255, .F. ) ;
#2340 = SURFACE_STYLE_USAGE ( .BOTH. , #2358 ) ;
#2341 = VERTEX_POINT ( 'NONE', #1991 ) ;
#2342 = FACE_OUTER_BOUND ( 'NONE', #2676, .T. ) ;
#2343 = ORIENTED_EDGE ( 'NONE', *, *, #1581, .F. ) ;
#2344 = ORIENTED_EDGE ( 'NONE', *, *, #1122, .F. ) ;
#2345 = FACE_OUTER_BOUND ( 'NONE', #314, .T. ) ;
#2346 =( GEOMETRIC_REPRESENTATION_CONTEXT ( 3 ) GLOBAL_UNCERTAINTY_ASSIGNED_CONTEXT ( ( #2733 ) ) GLOBAL_UNIT_ASSIGNED_CONTEXT ( ( #1820, #322, #2667 ) ) REPRESENTATION_CONTEXT ( 'NONE', 'WORKASPACE' ) );
#2347 = UNCERTAINTY_MEASURE_WITH_UNIT (LENGTH_MEASURE( 1.000000000000000100E-005 ), #297, 'distance_accuracy_value', 'NONE');
#2348 = DIRECTION ( 'NONE',  ( -0.9610992334315862100, 0.0000000000000000000, -0.2762033010252001900 ) ) ;
#2349 = ORIENTED_EDGE ( 'NONE', *, *, #512, .T. ) ;
#2350 = FACE_OUTER_BOUND ( 'NONE', #128, .T. ) ;
#2351 = FACE_OUTER_BOUND ( 'NONE', #188, .T. ) ;
#2352 = DIRECTION ( 'NONE',  ( 1.000000000000000000, 0.0000000000000000000, 0.0000000000000000000 ) ) ;
#2353 = DIRECTION ( 'NONE',  ( -0.0000000000000000000, -1.000000000000000000, -0.0000000000000000000 ) ) ;
#2354 = CARTESIAN_POINT ( 'NONE',  ( 1.227090569557494300, 6.495000000000000100, 1.053028994543904900 ) ) ;
#2355 = VECTOR ( 'NONE', #1846, 1000.000000000000100 ) ;
#2356 = PLANE ( 'NONE',  #1139 ) ;
#2357 = MECHANICAL_DESIGN_GEOMETRIC_PRESENTATION_REPRESENTATION (  '', ( #2204 ), #2512 ) ;
#2358 = SURFACE_SIDE_STYLE ('',( #2387 ) ) ;
#2359 = CARTESIAN_POINT ( 'NONE',  ( 0.0000000000000000000, 0.0000000000000000000, 0.0000000000000000000 ) ) ;
#2360 = AXIS2_PLACEMENT_3D ( 'NONE', #496, #515, #1770 ) ;
#2361 = DIRECTION ( 'NONE',  ( 0.9999999968487352000, 0.0000000000000000000, 7.938847109754407800E-005 ) ) ;
#2362 = CARTESIAN_POINT ( 'NONE',  ( 0.9900434363040663300, 6.495000000000000100, -0.7505411885221796600 ) ) ;
#2363 = CIRCLE ( 'NONE', #648, 0.4192500000000003400 ) ;
#2364 = CARTESIAN_POINT ( 'NONE',  ( 2.390000000000000100, -2.700000000000000200, 0.6499999999999955800 ) ) ;
#2365 = FILL_AREA_STYLE ('',( #438 ) ) ;
#2366 = VERTEX_POINT ( 'NONE', #2640 ) ;
#2367 = FACE_OUTER_BOUND ( 'NONE', #1329, .T. ) ;
#2368 = ORIENTED_EDGE ( 'NONE', *, *, #580, .T. ) ;
#2369 = ORIENTED_EDGE ( 'NONE', *, *, #1581, .T. ) ;
#2370 = COLOUR_RGB ( '',0.7921568627450980000, 0.8196078431372548800, 0.9333333333333333500 ) ;
#2371 = ORIENTED_EDGE ( 'NONE', *, *, #936, .T. ) ;
#2372 = EDGE_CURVE ( 'NONE', #90, #1157, #1668, .T. ) ;
#2373 = CARTESIAN_POINT ( 'NONE',  ( -0.3989456066037058200, 6.500000000000000000, -0.7418974402618798700 ) ) ;
#2374 = LINE ( 'NONE', #1481, #558 ) ;
#2375 = ORIENTED_EDGE ( 'NONE', *, *, #1233, .T. ) ;
#2376 = ORIENTED_EDGE ( 'NONE', *, *, #2541, .F. ) ;
#2377 = LINE ( 'NONE', #1388, #95 ) ;
#2378 = CARTESIAN_POINT ( 'NONE',  ( 0.0000000000000000000, 0.4192500000000003400, 0.0000000000000000000 ) ) ;
#2379 = VECTOR ( 'NONE', #1058, 1000.000000000000000 ) ;
#2380 = CARTESIAN_POINT ( 'NONE',  ( 0.0000000000000000000, -3.000000000000000000, 0.0000000000000000000 ) ) ;
#2381 = AXIS2_PLACEMENT_3D ( 'NONE', #619, #394, #184 ) ;
#2382 = ORIENTED_EDGE ( 'NONE', *, *, #1917, .F. ) ;
#2383 = MANIFOLD_SOLID_BREP ( 'Cut-Extrude1', #1730 ) ;
#2384 = LINE ( 'NONE', #2705, #35 ) ;
#2385 = STYLED_ITEM ( 'NONE', ( #2222 ), #2529 ) ;
#2386 = DIRECTION ( 'NONE',  ( 0.0000000000000000000, -0.0000000000000000000, 1.000000000000000000 ) ) ;
#2387 = SURFACE_STYLE_FILL_AREA ( #1706 ) ;
#2388 = EDGE_CURVE ( 'NONE', #2201, #1412, #1096, .T. ) ;
#2389 = SURFACE_STYLE_FILL_AREA ( #2257 ) ;
#2390 = FILL_AREA_STYLE ('',( #1950 ) ) ;
#2391 = VECTOR ( 'NONE', #2776, 1000.000000000000000 ) ;
#2392 = CARTESIAN_POINT ( 'NONE',  ( 0.0000000000000000000, 6.500000000000000000, 0.0000000000000000000 ) ) ;
#2393 = PRESENTATION_LAYER_ASSIGNMENT (  '', '', ( #2204 ) ) ;
#2394 = CARTESIAN_POINT ( 'NONE',  ( 3.024744995834479400, 6.500000000000000000, -0.2042869498019201400 ) ) ;
#2395 =( LENGTH_UNIT ( ) NAMED_UNIT ( * ) SI_UNIT ( .MILLI., .METRE. ) );
#2396 = ORIENTED_EDGE ( 'NONE', *, *, #2372, .F. ) ;
#2397 = DIRECTION ( 'NONE',  ( -0.2765379750249959400, 0.0000000000000000000, 0.9610029908221278100 ) ) ;
#2398 = VERTEX_POINT ( 'NONE', #2178 ) ;
#2399 = ORIENTED_EDGE ( 'NONE', *, *, #2007, .T. ) ;
#2400 = DIRECTION ( 'NONE',  ( 0.0000000000000000000, 1.000000000000000000, 0.0000000000000000000 ) ) ;
#2401 = CARTESIAN_POINT ( 'NONE',  ( 0.4721173966834419400, 6.495000000000000100, 1.053028994543904900 ) ) ;
#2402 = ORIENTED_EDGE ( 'NONE', *, *, #695, .F. ) ;
#2403 = VERTEX_POINT ( 'NONE', #1784 ) ;
#2404 = EDGE_CURVE ( 'NONE', #2439, #1829, #387, .T. ) ;
#2405 = VECTOR ( 'NONE', #2482, 1000.000000000000000 ) ;
#2406 = CARTESIAN_POINT ( 'NONE',  ( 3.805490025235814100, 6.495000000000000100, -0.5738409048522489200 ) ) ;
#2407 = ORIENTED_EDGE ( 'NONE', *, *, #2504, .T. ) ;
#2408 = EDGE_CURVE ( 'NONE', #2473, #2090, #2519, .T. ) ;
#2409 =( NAMED_UNIT ( * ) SI_UNIT ( $, .STERADIAN. ) SOLID_ANGLE_UNIT ( ) );
#2410 = ORIENTED_EDGE ( 'NONE', *, *, #88, .T. ) ;
#2411 = ORIENTED_EDGE ( 'NONE', *, *, #611, .T. ) ;
#2412 = SURFACE_STYLE_FILL_AREA ( #670 ) ;
#2413 = VECTOR ( 'NONE', #106, 1000.000000000000000 ) ;
#2414 = CARTESIAN_POINT ( 'NONE',  ( 3.024744995834479400, 6.495000000000000100, -0.2042869498019201400 ) ) ;
#2415 = CARTESIAN_POINT ( 'NONE',  ( 4.931683720037595400, 6.495000000000000100, -0.5737970821254480000 ) ) ;
#2416 = AXIS2_PLACEMENT_3D ( 'NONE', #916, #2698, #2475 ) ;
#2417 = FACE_OUTER_BOUND ( 'NONE', #1540, .T. ) ;
#2418 = DIRECTION ( 'NONE',  ( 0.9612861490927329100, 0.0000000000000000000, 0.2755520632520542200 ) ) ;
#2419 = AXIS2_PLACEMENT_3D ( 'NONE', #1589, #288, #1582 ) ;
#2420 = CARTESIAN_POINT ( 'NONE',  ( -5.246956024694107200, 6.499502987706156500, 1.053028994543842500 ) ) ;
#2421 = CIRCLE ( 'NONE', #617, 5.330749999999999200 ) ;
#2422 = EDGE_CURVE ( 'NONE', #2098, #2020, #1301, .T. ) ;
#2423 = DIRECTION ( 'NONE',  ( 0.0000000000000000000, 1.000000000000000000, 0.0000000000000000000 ) ) ;
#2424 = DIRECTION ( 'NONE',  ( -1.000000000000000000, 0.0000000000000000000, 1.448785531673512400E-016 ) ) ;
#2425 = FILL_AREA_STYLE ('',( #1149 ) ) ;
#2426 = CARTESIAN_POINT ( 'NONE',  ( 0.0000000000000000000, 6.500000000000000000, 0.0000000000000000000 ) ) ;
#2427 = EDGE_CURVE ( 'NONE', #1928, #453, #1404, .T. ) ;
#2428 = FILL_AREA_STYLE ('',( #2695 ) ) ;
#2429 = PRESENTATION_LAYER_ASSIGNMENT (  '', '', ( #2782 ) ) ;
#2430 = SURFACE_SIDE_STYLE ('',( #964 ) ) ;
#2431 = CARTESIAN_POINT ( 'NONE',  ( 4.931683720037595400, 6.495000000000000100, -0.5737970821254480000 ) ) ;
#2432 = DIRECTION ( 'NONE',  ( -0.0000000000000000000, 1.000000000000000000, -0.0000000000000000000 ) ) ;
#2433 = VERTEX_POINT ( 'NONE', #2444 ) ;
#2434 = VECTOR ( 'NONE', #1355, 1000.000000000000000 ) ;
#2435 = DIRECTION ( 'NONE',  ( 0.0000000000000000000, 0.0000000000000000000, 1.000000000000000000 ) ) ;
#2436 = CARTESIAN_POINT ( 'NONE',  ( -0.8156049229187412000, 6.495000000000000100, -0.9631222229663523000 ) ) ;
#2437 = ORIENTED_EDGE ( 'NONE', *, *, #2127, .T. ) ;
#2438 = TOROIDAL_SURFACE ( 'NONE', #508, 5.330749999999999200, 0.4192500000000000100 ) ;
#2439 = VERTEX_POINT ( 'NONE', #83 ) ;
#2440 = PLANE ( 'NONE',  #2700 ) ;
#2441 = EDGE_LOOP ( 'NONE', ( #871, #2654, #825, #33 ) ) ;
#2442 = LINE ( 'NONE', #2414, #183 ) ;
#2443 = ORIENTED_EDGE ( 'NONE', *, *, #2470, .T. ) ;
#2444 = CARTESIAN_POINT ( 'NONE',  ( -3.311272758248907000, 6.495000000000000100, 1.053028994543904900 ) ) ;
#2445 = DIRECTION ( 'NONE',  ( -0.0000000000000000000, 1.000000000000000000, -0.0000000000000000000 ) ) ;
#2446 = DIRECTION ( 'NONE',  ( 1.000000000000000000, -0.0000000000000000000, 1.224646799147353200E-016 ) ) ;
#2447 = ORIENTED_EDGE ( 'NONE', *, *, #143, .F. ) ;
#2448 = LINE ( 'NONE', #1276, #1165 ) ;
#2449 = EDGE_CURVE ( 'NONE', #1030, #1444, #2442, .T. ) ;
#2450 = FACE_OUTER_BOUND ( 'NONE', #274, .T. ) ;
#2451 = SURFACE_SIDE_STYLE ('',( #1698 ) ) ;
#2452 = LINE ( 'NONE', #1519, #193 ) ;
#2453 = ADVANCED_FACE ( 'NONE', ( #2160 ), #261, .F. ) ;
#2454 = CARTESIAN_POINT ( 'NONE',  ( 3.024744995834479400, 6.495000000000000100, -0.2042869498019201400 ) ) ;
#2455 = EDGE_LOOP ( 'NONE', ( #2056, #1524, #2124, #1574, #1460 ) ) ;
#2456 = ORIENTED_EDGE ( 'NONE', *, *, #2725, .T. ) ;
#2457 = EDGE_CURVE ( 'NONE', #2238, #497, #316, .T. ) ;
#2458 = CARTESIAN_POINT ( 'NONE',  ( 3.192556318522602200, 6.495000000000000100, -0.5766915026842742700 ) ) ;
#2459 = DIRECTION ( 'NONE',  ( -1.000000000000000000, 0.0000000000000000000, 0.0000000000000000000 ) ) ;
#2460 =( NAMED_UNIT ( * ) SI_UNIT ( $, .STERADIAN. ) SOLID_ANGLE_UNIT ( ) );
#2461 = CARTESIAN_POINT ( 'NONE',  ( 3.337746768091752500, 6.495000000000000100, 1.053028994543904200 ) ) ;
#2462 = AXIS2_PLACEMENT_3D ( 'NONE', #1701, #1089, #1720 ) ;
#2463 = SURFACE_SIDE_STYLE ('',( #584 ) ) ;
#2464 = LINE ( 'NONE', #1006, #338 ) ;
#2465 = DIRECTION ( 'NONE',  ( -0.0000000000000000000, 1.000000000000000000, -0.0000000000000000000 ) ) ;
#2466 = ADVANCED_FACE ( 'NONE', ( #1959 ), #1553, .F. ) ;
#2467 = CARTESIAN_POINT ( 'NONE',  ( -0.9143214339711456300, 6.495000000000000100, 1.053028994543905300 ) ) ;
#2468 = CARTESIAN_POINT ( 'NONE',  ( 0.0000000000000000000, 6.500000000000000000, -5.750000000000000000 ) ) ;
#2469 = DIRECTION ( 'NONE',  ( 0.0000000000000000000, 1.000000000000000000, 0.0000000000000000000 ) ) ;
#2470 = EDGE_CURVE ( 'NONE', #497, #1765, #722, .T. ) ;
#2471 = UNCERTAINTY_MEASURE_WITH_UNIT (LENGTH_MEASURE( 1.000000000000000100E-005 ), #447, 'distance_accuracy_value', 'NONE');
#2472 =( GEOMETRIC_REPRESENTATION_CONTEXT ( 3 ) GLOBAL_UNCERTAINTY_ASSIGNED_CONTEXT ( ( #1682 ) ) GLOBAL_UNIT_ASSIGNED_CONTEXT ( ( #1274, #2562, #1260 ) ) REPRESENTATION_CONTEXT ( 'NONE', 'WORKASPACE' ) );
#2473 = VERTEX_POINT ( 'NONE', #1343 ) ;
#2474 =( NAMED_UNIT ( * ) PLANE_ANGLE_UNIT ( ) SI_UNIT ( $, .RADIAN. ) );
#2475 = DIRECTION ( 'NONE',  ( 1.000000000000000000, 0.0000000000000000000, -0.0000000000000000000 ) ) ;
#2476 = ORIENTED_EDGE ( 'NONE', *, *, #1899, .T. ) ;
#2477 = VECTOR ( 'NONE', #2503, 1000.000000000000000 ) ;
#2478 = DIRECTION ( 'NONE',  ( -1.000000000000000000, 0.0000000000000000000, 5.050979426444720200E-016 ) ) ;
#2479 = ORIENTED_EDGE ( 'NONE', *, *, #409, .T. ) ;
#2480 = ORIENTED_EDGE ( 'NONE', *, *, #2791, .F. ) ;
#2481 = LINE ( 'NONE', #445, #1896 ) ;
#2482 = DIRECTION ( 'NONE',  ( 0.0000000000000000000, 1.000000000000000000, 0.0000000000000000000 ) ) ;
#2483 = EDGE_CURVE ( 'NONE', #1196, #1104, #1000, .T. ) ;
#2484 = ORIENTED_EDGE ( 'NONE', *, *, #256, .T. ) ;
#2485 = LINE ( 'NONE', #914, #2689 ) ;
#2486 = VERTEX_POINT ( 'NONE', #1415 ) ;
#2487 = ORIENTED_EDGE ( 'NONE', *, *, #477, .T. ) ;
#2488 = DIRECTION ( 'NONE',  ( -1.000000000000000000, 0.0000000000000000000, 5.050979426444720200E-016 ) ) ;
#2489 = CARTESIAN_POINT ( 'NONE',  ( -2.689999999999998600, 0.0000000000000000000, 0.6499999999999988000 ) ) ;
#2490 = VECTOR ( 'NONE', #2596, 1000.000000000000000 ) ;
#2491 = CARTESIAN_POINT ( 'NONE',  ( -1.288044003593056700, 6.500000000000000000, -0.2043543833022431500 ) ) ;
#2492 = VECTOR ( 'NONE', #2054, 1000.000000000000000 ) ;
#2493 = DIRECTION ( 'NONE',  ( -2.284793946200968900E-016, 0.0000000000000000000, -1.000000000000000000 ) ) ;
#2494 = VECTOR ( 'NONE', #1146, 1000.000000000000100 ) ;
#2495 = CARTESIAN_POINT ( 'NONE',  ( -3.924721411668132800, 6.500000000000000000, 1.053028994543904900 ) ) ;
#2496 = LINE ( 'NONE', #857, #1514 ) ;
#2497 = FILL_AREA_STYLE ('',( #121 ) ) ;
#2498 = DIRECTION ( 'NONE',  ( -0.7059037656364859400, -0.0000000000000000000, 0.7083077534943613700 ) ) ;
#2499 =( LENGTH_UNIT ( ) NAMED_UNIT ( * ) SI_UNIT ( .MILLI., .METRE. ) );
#2500 = PRESENTATION_LAYER_ASSIGNMENT (  '', '', ( #1871 ) ) ;
#2501 = CIRCLE ( 'NONE', #2286, 5.759999999999999800 ) ;
#2502 = CARTESIAN_POINT ( 'NONE',  ( -2.259736175507299100, 6.500000000000000000, 0.1683628157939400200 ) ) ;
#2503 = DIRECTION ( 'NONE',  ( -0.0000000000000000000, 1.000000000000000000, -0.0000000000000000000 ) ) ;
#2504 = EDGE_CURVE ( 'NONE', #1635, #1829, #2784, .T. ) ;
#2505 = CARTESIAN_POINT ( 'NONE',  ( -0.3989456066037058200, 6.495000000000000100, -0.7418974402618798700 ) ) ;
#2506 = DIRECTION ( 'NONE',  ( -1.000000000000000000, 0.0000000000000000000, 0.0000000000000000000 ) ) ;
#2507 = DIRECTION ( 'NONE',  ( -0.0000000000000000000, 1.000000000000000000, -0.0000000000000000000 ) ) ;
#2508 = DIRECTION ( 'NONE',  ( -0.0000000000000000000, 1.000000000000000000, -0.0000000000000000000 ) ) ;
#2509 = ADVANCED_FACE ( 'NONE', ( #451 ), #1068, .T. ) ;
#2510 = PLANE ( 'NONE',  #983 ) ;
#2511 = EDGE_LOOP ( 'NONE', ( #551, #2577, #1598, #683 ) ) ;
#2512 =( GEOMETRIC_REPRESENTATION_CONTEXT ( 3 ) GLOBAL_UNCERTAINTY_ASSIGNED_CONTEXT ( ( #1876 ) ) GLOBAL_UNIT_ASSIGNED_CONTEXT ( ( #1302, #858, #1920 ) ) REPRESENTATION_CONTEXT ( 'NONE', 'WORKASPACE' ) );
#2513 = VERTEX_POINT ( 'NONE', #1826 ) ;
#2514 = AXIS2_PLACEMENT_3D ( 'NONE', #1688, #1930, #613 ) ;
#2515 = ORIENTED_EDGE ( 'NONE', *, *, #238, .F. ) ;
#2516 = ORIENTED_EDGE ( 'NONE', *, *, #2097, .T. ) ;
#2517 = CARTESIAN_POINT ( 'NONE',  ( 3.192556318522602200, 6.495000000000000100, -0.5766915026842742700 ) ) ;
#2518 = CARTESIAN_POINT ( 'NONE',  ( 1.227090569557494300, 6.495000000000000100, 1.053028994543904900 ) ) ;
#2519 = LINE ( 'NONE', #1379, #355 ) ;
#2520 = EDGE_LOOP ( 'NONE', ( #1678, #1205, #381, #1034 ) ) ;
#2521 = VECTOR ( 'NONE', #2397, 1000.000000000000000 ) ;
#2522 =( LENGTH_UNIT ( ) NAMED_UNIT ( * ) SI_UNIT ( .MILLI., .METRE. ) );
#2523 = ORIENTED_EDGE ( 'NONE', *, *, #2404, .F. ) ;
#2524 = ORIENTED_EDGE ( 'NONE', *, *, #2151, .T. ) ;
#2525 = VECTOR ( 'NONE', #1399, 1000.000000000000000 ) ;
#2526 = ORIENTED_EDGE ( 'NONE', *, *, #206, .F. ) ;
#2527 = VERTEX_POINT ( 'NONE', #2052 ) ;
#2528 = LINE ( 'NONE', #2362, #2391 ) ;
#2529 = ADVANCED_FACE ( 'NONE', ( #2128 ), #2438, .T. ) ;
#2530 = CARTESIAN_POINT ( 'NONE',  ( 0.0000000000000000000, 6.080749999999999200, 0.0000000000000000000 ) ) ;
#2531 = EDGE_CURVE ( 'NONE', #1999, #486, #1361, .T. ) ;
#2532 = DIRECTION ( 'NONE',  ( 0.05375259206908298400, 0.0000000000000000000, -0.9985542843760947300 ) ) ;
#2533 =( GEOMETRIC_REPRESENTATION_CONTEXT ( 3 ) GLOBAL_UNCERTAINTY_ASSIGNED_CONTEXT ( ( #2679 ) ) GLOBAL_UNIT_ASSIGNED_CONTEXT ( ( #2499, #960, #537 ) ) REPRESENTATION_CONTEXT ( 'NONE', 'WORKASPACE' ) );
#2534 = LINE ( 'NONE', #607, #1750 ) ;
#2535 = DIRECTION ( 'NONE',  ( -0.0000000000000000000, -1.000000000000000000, -0.0000000000000000000 ) ) ;
#2536 = DIRECTION ( 'NONE',  ( 1.000000000000000000, 0.0000000000000000000, -2.847054813160298500E-016 ) ) ;
#2537 = DIRECTION ( 'NONE',  ( 3.336006684570783600E-016, 0.0000000000000000000, -1.000000000000000000 ) ) ;
#2538 =( GEOMETRIC_REPRESENTATION_CONTEXT ( 3 ) GLOBAL_UNCERTAINTY_ASSIGNED_CONTEXT ( ( #1177 ) ) GLOBAL_UNIT_ASSIGNED_CONTEXT ( ( #2223, #1813, #2669 ) ) REPRESENTATION_CONTEXT ( 'NONE', 'WORKASPACE' ) );
#2539 = PLANE ( 'NONE',  #1518 ) ;
#2540 = FILL_AREA_STYLE_COLOUR ( '', #2305 ) ;
#2541 = EDGE_CURVE ( 'NONE', #453, #2403, #1526, .T. ) ;
#2542 = PRESENTATION_STYLE_ASSIGNMENT (( #64 ) ) ;
#2543 = DIRECTION ( 'NONE',  ( -0.2762517575166151300, 0.0000000000000000000, 0.9610853065513910200 ) ) ;
#2544 = EDGE_CURVE ( 'NONE', #2366, #2004, #1194, .T. ) ;
#2545 =( LENGTH_UNIT ( ) NAMED_UNIT ( * ) SI_UNIT ( .MILLI., .METRE. ) );
#2546 = ORIENTED_EDGE ( 'NONE', *, *, #358, .F. ) ;
#2547 = LINE ( 'NONE', #1384, #1557 ) ;
#2548 = EDGE_LOOP ( 'NONE', ( #2065, #86, #1767, #22 ) ) ;
#2549 =( GEOMETRIC_REPRESENTATION_CONTEXT ( 3 ) GLOBAL_UNCERTAINTY_ASSIGNED_CONTEXT ( ( #2749 ) ) GLOBAL_UNIT_ASSIGNED_CONTEXT ( ( #2545, #135, #2308 ) ) REPRESENTATION_CONTEXT ( 'NONE', 'WORKASPACE' ) );
#2550 = ORIENTED_EDGE ( 'NONE', *, *, #2725, .F. ) ;
#2551 = ORIENTED_EDGE ( 'NONE', *, *, #1722, .T. ) ;
#2552 = ORIENTED_EDGE ( 'NONE', *, *, #843, .F. ) ;
#2553 = CARTESIAN_POINT ( 'NONE',  ( 0.0000000000000000000, 6.500000000000000000, 0.0000000000000000000 ) ) ;
#2554 =( GEOMETRIC_REPRESENTATION_CONTEXT ( 3 ) GLOBAL_UNCERTAINTY_ASSIGNED_CONTEXT ( ( #1723 ) ) GLOBAL_UNIT_ASSIGNED_CONTEXT ( ( #1098, #1330, #2409 ) ) REPRESENTATION_CONTEXT ( 'NONE', 'WORKASPACE' ) );
#2555 = ADVANCED_FACE ( 'NONE', ( #275 ), #1636, .F. ) ;
#2556 = VERTEX_POINT ( 'NONE', #342 ) ;
#2557 = CARTESIAN_POINT ( 'NONE',  ( 0.04300255174971300700, 6.495000000000000100, -0.9631222229663527500 ) ) ;
#2558 = LINE ( 'NONE', #1809, #2618 ) ;
#2559 = ORIENTED_EDGE ( 'NONE', *, *, #138, .T. ) ;
#2560 = VERTEX_POINT ( 'NONE', #1845 ) ;
#2561 = FACE_OUTER_BOUND ( 'NONE', #153, .T. ) ;
#2562 =( NAMED_UNIT ( * ) PLANE_ANGLE_UNIT ( ) SI_UNIT ( $, .RADIAN. ) );
#2563 = EDGE_CURVE ( 'NONE', #1458, #900, #2058, .T. ) ;
#2564 = FACE_OUTER_BOUND ( 'NONE', #2051, .T. ) ;
#2565 = AXIS2_PLACEMENT_3D ( 'NONE', #2752, #2353, #1941 ) ;
#2566 = CARTESIAN_POINT ( 'NONE',  ( -3.765038890539953000, 6.495000000000000100, -0.04168639734653927600 ) ) ;
#2567 = CIRCLE ( 'NONE', #2042, 5.750000000000000000 ) ;
#2568 = DIRECTION ( 'NONE',  ( -0.6673656928002582600, -0.0000000000000000000, -0.7447301740048079000 ) ) ;
#2569 = DIRECTION ( 'NONE',  ( -1.000000000000000000, -0.0000000000000000000, -3.614007241618343800E-016 ) ) ;
#2570 = DIRECTION ( 'NONE',  ( -0.2762033010252001900, 0.0000000000000000000, 0.9610992334315862100 ) ) ;
#2571 = MECHANICAL_DESIGN_GEOMETRIC_PRESENTATION_REPRESENTATION (  '', ( #30 ), #1270 ) ;
#2572 = DIRECTION ( 'NONE',  ( -1.000000000000000000, 0.0000000000000000000, 0.0000000000000000000 ) ) ;
#2573 = PLANE ( 'NONE',  #1151 ) ;
#2574 = EDGE_CURVE ( 'NONE', #347, #286, #650, .T. ) ;
#2575 = EDGE_LOOP ( 'NONE', ( #241, #690 ) ) ;
#2576 = ORIENTED_EDGE ( 'NONE', *, *, #1881, .F. ) ;
#2577 = ORIENTED_EDGE ( 'NONE', *, *, #2578, .F. ) ;
#2578 = EDGE_CURVE ( 'NONE', #2691, #2225, #1297, .T. ) ;
#2579 = CARTESIAN_POINT ( 'NONE',  ( 3.805490025235814100, 6.500000000000000000, -0.5738409048522489200 ) ) ;
#2580 = ORIENTED_EDGE ( 'NONE', *, *, #2299, .F. ) ;
#2581 = ORIENTED_EDGE ( 'NONE', *, *, #1512, .F. ) ;
#2582 = DIRECTION ( 'NONE',  ( 0.0000000000000000000, 1.000000000000000000, 0.0000000000000000000 ) ) ;
#2583 = ORIENTED_EDGE ( 'NONE', *, *, #1490, .F. ) ;
#2584 = ORIENTED_EDGE ( 'NONE', *, *, #238, .T. ) ;
#2585 = ORIENTED_EDGE ( 'NONE', *, *, #847, .T. ) ;
#2586 = CARTESIAN_POINT ( 'NONE',  ( -1.016703871901081000, 6.495000000000000100, -0.9631222229663523000 ) ) ;
#2587 = LINE ( 'NONE', #1346, #2167 ) ;
#2588 = AXIS2_PLACEMENT_3D ( 'NONE', #2663, #281, #2214 ) ;
#2589 = CARTESIAN_POINT ( 'NONE',  ( 3.912071732558238600, 6.495000000000000100, 1.053028994543904000 ) ) ;
#2590 = ORIENTED_EDGE ( 'NONE', *, *, #2598, .F. ) ;
#2591 = ORIENTED_EDGE ( 'NONE', *, *, #1917, .T. ) ;
#2592 = COLOUR_RGB ( '',0.8980392156862745400, 0.9215686274509803400, 0.9294117647058823800 ) ;
#2593 = EDGE_CURVE ( 'NONE', #1505, #1223, #20, .T. ) ;
#2594 = FACE_OUTER_BOUND ( 'NONE', #1862, .T. ) ;
#2595 = CARTESIAN_POINT ( 'NONE',  ( 2.690000000000000400, 0.0000000000000000000, -0.6500000000000042400 ) ) ;
#2596 = DIRECTION ( 'NONE',  ( -0.0000000000000000000, 1.000000000000000000, -0.0000000000000000000 ) ) ;
#2597 = SURFACE_STYLE_FILL_AREA ( #398 ) ;
#2598 = EDGE_CURVE ( 'NONE', #1939, #353, #553, .T. ) ;
#2599 = VECTOR ( 'NONE', #1419, 1000.000000000000100 ) ;
#2600 = PLANE ( 'NONE',  #2633 ) ;
#2601 = EDGE_CURVE ( 'NONE', #24, #218, #1792, .T. ) ;
#2602 = PLANE ( 'NONE',  #742 ) ;
#2603 = CARTESIAN_POINT ( 'NONE',  ( -4.344182283275985800, 6.500000000000000000, -0.1033573956103139300 ) ) ;
#2604 = AXIS2_PLACEMENT_3D ( 'NONE', #1087, #862, #2131 ) ;
#2605 = CARTESIAN_POINT ( 'NONE',  ( 3.912071732558238600, 6.500000000000000000, 1.053028994543904000 ) ) ;
#2606 = FILL_AREA_STYLE_COLOUR ( '', #1448 ) ;
#2607 = CARTESIAN_POINT ( 'NONE',  ( 0.04300255174971300700, 6.500000000000000000, -0.9631222229663527500 ) ) ;
#2608 = SURFACE_STYLE_FILL_AREA ( #2497 ) ;
#2609 = ORIENTED_EDGE ( 'NONE', *, *, #1915, .F. ) ;
#2610 = ORIENTED_EDGE ( 'NONE', *, *, #370, .F. ) ;
#2611 = PRESENTATION_STYLE_ASSIGNMENT (( #1387 ) ) ;
#2612 = ORIENTED_EDGE ( 'NONE', *, *, #1722, .F. ) ;
#2613 = EDGE_CURVE ( 'NONE', #189, #2433, #1727, .T. ) ;
#2614 = FACE_OUTER_BOUND ( 'NONE', #491, .T. ) ;
#2615 = ORIENTED_EDGE ( 'NONE', *, *, #2470, .F. ) ;
#2616 = VECTOR ( 'NONE', #2508, 1000.000000000000000 ) ;
#2617 = PLANE ( 'NONE',  #11 ) ;
#2618 = VECTOR ( 'NONE', #1782, 1000.000000000000000 ) ;
#2619 = CARTESIAN_POINT ( 'NONE',  ( -4.677904531710408900, 6.495000000000000100, 1.053028994543905300 ) ) ;
#2620 = ORIENTED_EDGE ( 'NONE', *, *, #2771, .F. ) ;
#2621 = ORIENTED_EDGE ( 'NONE', *, *, #1202, .T. ) ;
#2622 = VECTOR ( 'NONE', #2240, 999.9999999999998900 ) ;
#2623 = STYLED_ITEM ( 'NONE', ( #2611 ), #2466 ) ;
#2624 =( NAMED_UNIT ( * ) PLANE_ANGLE_UNIT ( ) SI_UNIT ( $, .RADIAN. ) );
#2625 = FACE_OUTER_BOUND ( 'NONE', #318, .T. ) ;
#2626 = VECTOR ( 'NONE', #965, 1000.000000000000000 ) ;
#2627 = SURFACE_STYLE_FILL_AREA ( #145 ) ;
#2628 = CARTESIAN_POINT ( 'NONE',  ( -1.288044003593056700, 6.495000000000000100, -0.2043543833022431500 ) ) ;
#2629 = EDGE_CURVE ( 'NONE', #1560, #221, #1633, .T. ) ;
#2630 = SURFACE_STYLE_USAGE ( .BOTH. , #677 ) ;
#2631 = AXIS2_PLACEMENT_3D ( 'NONE', #994, #532, #747 ) ;
#2632 = CARTESIAN_POINT ( 'NONE',  ( -4.677904531710408900, 6.500000000000000000, 1.053028994543905300 ) ) ;
#2633 = AXIS2_PLACEMENT_3D ( 'NONE', #1309, #19, #644 ) ;
#2634 = CARTESIAN_POINT ( 'NONE',  ( -4.097731242331414100, 6.495000000000000100, -0.9631222229663523000 ) ) ;
#2635 = VERTEX_POINT ( 'NONE', #2517 ) ;
#2636 = SURFACE_SIDE_STYLE ('',( #289 ) ) ;
#2637 = EDGE_CURVE ( 'NONE', #2556, #1609, #1123, .T. ) ;
#2638 = ORIENTED_EDGE ( 'NONE', *, *, #2243, .T. ) ;
#2639 = VERTEX_POINT ( 'NONE', #1461 ) ;
#2640 = CARTESIAN_POINT ( 'NONE',  ( 0.04300255174971300700, 6.495000000000000100, -0.9631222229663527500 ) ) ;
#2641 = CARTESIAN_POINT ( 'NONE',  ( -1.125700924485933100, 6.500000000000000000, -0.5793581909814401500 ) ) ;
#2642 = DIRECTION ( 'NONE',  ( 0.0000000000000000000, 1.000000000000000000, 0.0000000000000000000 ) ) ;
#2643 = ORIENTED_EDGE ( 'NONE', *, *, #110, .T. ) ;
#2644 = EDGE_LOOP ( 'NONE', ( #489, #1041, #1378, #760 ) ) ;
#2645 = VECTOR ( 'NONE', #732, 1000.000000000000000 ) ;
#2646 = DIRECTION ( 'NONE',  ( 0.2740217765954067200, 0.0000000000000000000, -0.9617234872620595800 ) ) ;
#2647 = VERTEX_POINT ( 'NONE', #1860 ) ;
#2648 = PRESENTATION_STYLE_ASSIGNMENT (( #307 ) ) ;
#2649 = EDGE_LOOP ( 'NONE', ( #1960, #1648, #157, #251 ) ) ;
#2650 = ORIENTED_EDGE ( 'NONE', *, *, #695, .T. ) ;
#2651 = LINE ( 'NONE', #977, #2071 ) ;
#2652 = COLOUR_RGB ( '',0.8980392156862745400, 0.9215686274509803400, 0.9294117647058823800 ) ;
#2653 = ORIENTED_EDGE ( 'NONE', *, *, #676, .T. ) ;
#2654 = ORIENTED_EDGE ( 'NONE', *, *, #1168, .F. ) ;
#2655 = CARTESIAN_POINT ( 'NONE',  ( -4.364136469712908800, 6.495000000000000100, -0.04168639734652045800 ) ) ;
#2656 = CARTESIAN_POINT ( 'NONE',  ( -5.246154058156881700, 6.499756393996299200, 1.035450785569971700 ) ) ;
#2657 = DIRECTION ( 'NONE',  ( 1.000000000000000000, 0.0000000000000000000, -2.847054813160298500E-016 ) ) ;
#2658 = PRESENTATION_STYLE_ASSIGNMENT (( #44 ) ) ;
#2659 = VECTOR ( 'NONE', #1467, 1000.000000000000000 ) ;
#2660 = DIRECTION ( 'NONE',  ( 0.9999891854650020400, 0.0000000000000000000, 0.004650693823678136100 ) ) ;
#2661 = LINE ( 'NONE', #2436, #38 ) ;
#2662 = ADVANCED_FACE ( 'NONE', ( #2367 ), #2292, .F. ) ;
#2663 = CARTESIAN_POINT ( 'NONE',  ( 2.159524185522648100, 6.495000000000000100, -0.2042869498019199100 ) ) ;
#2664 = CARTESIAN_POINT ( 'NONE',  ( 3.337746768091752500, 6.495000000000000100, 1.053028994543904200 ) ) ;
#2665 = PLANE ( 'NONE',  #1463 ) ;
#2666 = EDGE_CURVE ( 'NONE', #1933, #1740, #1119, .T. ) ;
#2667 =( NAMED_UNIT ( * ) SI_UNIT ( $, .STERADIAN. ) SOLID_ANGLE_UNIT ( ) );
#2668 = AXIS2_PLACEMENT_3D ( 'NONE', #2426, #694, #682 ) ;
#2669 =( NAMED_UNIT ( * ) SI_UNIT ( $, .STERADIAN. ) SOLID_ANGLE_UNIT ( ) );
#2670 = PRESENTATION_LAYER_ASSIGNMENT (  '', '', ( #2623 ) ) ;
#2671 = PRODUCT_CONTEXT ( 'NONE', #509, 'mechanical' ) ;
#2672 = ADVANCED_FACE ( 'NONE', ( #149 ), #391, .F. ) ;
#2673 = CARTESIAN_POINT ( 'NONE',  ( 0.04300255174971300700, 6.500000000000000000, -0.9631222229663527500 ) ) ;
#2674 = VERTEX_POINT ( 'NONE', #1227 ) ;
#2675 = VECTOR ( 'NONE', #2488, 1000.000000000000000 ) ;
#2676 = EDGE_LOOP ( 'NONE', ( #767, #167, #1160, #1230 ) ) ;
#2677 = EDGE_LOOP ( 'NONE', ( #2021, #1573, #588, #728 ) ) ;
#2678 = EDGE_CURVE ( 'NONE', #2486, #2757, #2363, .T. ) ;
#2679 = UNCERTAINTY_MEASURE_WITH_UNIT (LENGTH_MEASURE( 1.000000000000000100E-005 ), #2499, 'distance_accuracy_value', 'NONE');
#2680 = VECTOR ( 'NONE', #1594, 1000.000000000000000 ) ;
#2681 = ORIENTED_EDGE ( 'NONE', *, *, #1919, .T. ) ;
#2682 = CARTESIAN_POINT ( 'NONE',  ( 0.6798407158200340300, 6.495000000000000100, -0.9631222229663527500 ) ) ;
#2683 = CARTESIAN_POINT ( 'NONE',  ( 3.192556318522602200, 6.495000000000000100, -0.5766915026842742700 ) ) ;
#2684 = VECTOR ( 'NONE', #348, 1000.000000000000000 ) ;
#2685 = PLANE ( 'NONE',  #1660 ) ;
#2686 = ORIENTED_EDGE ( 'NONE', *, *, #1637, .T. ) ;
#2687 = EDGE_CURVE ( 'NONE', #1169, #65, #920, .T. ) ;
#2688 = VECTOR ( 'NONE', #1126, 1000.000000000000100 ) ;
#2689 = VECTOR ( 'NONE', #490, 1000.000000000000000 ) ;
#2690 = PLANE ( 'NONE',  #942 ) ;
#2691 = VERTEX_POINT ( 'NONE', #581 ) ;
#2692 = EDGE_LOOP ( 'NONE', ( #2717, #824, #2024, #1402 ) ) ;
#2693 = COLOUR_RGB ( '',0.0000000000000000000, 0.4862745098039215600, 0.8392156862745098200 ) ;
#2694 = AXIS2_PLACEMENT_3D ( 'NONE', #1150, #906, #2200 ) ;
#2695 = FILL_AREA_STYLE_COLOUR ( '', #2066 ) ;
#2696 = ADVANCED_FACE ( 'NONE', ( #856 ), #2291, .T. ) ;
#2697 =( LENGTH_UNIT ( ) NAMED_UNIT ( * ) SI_UNIT ( .MILLI., .METRE. ) );
#2698 = DIRECTION ( 'NONE',  ( 0.0000000000000000000, 0.0000000000000000000, 1.000000000000000000 ) ) ;
#2699 = DIRECTION ( 'NONE',  ( -1.000000000000000000, 0.0000000000000000000, 0.0000000000000000000 ) ) ;
#2700 = AXIS2_PLACEMENT_3D ( 'NONE', #1605, #2008, #726 ) ;
#2701 = LINE ( 'NONE', #152, #880 ) ;
#2702 = CARTESIAN_POINT ( 'NONE',  ( -0.03453285888950724500, 6.500000000000000000, 0.4772421111879622800 ) ) ;
#2703 = DIRECTION ( 'NONE',  ( -0.8958676361826954900, 0.0000000000000000000, -0.4443210308329209600 ) ) ;
#2704 = EDGE_CURVE ( 'NONE', #1565, #2647, #1787, .T. ) ;
#2705 = CARTESIAN_POINT ( 'NONE',  ( -4.344182283275985800, 6.495000000000000100, -0.1033573956103139300 ) ) ;
#2706 = CARTESIAN_POINT ( 'NONE',  ( 5.043569033575890300, 6.495000000000000100, -0.9631222229663530800 ) ) ;
#2707 = ADVANCED_FACE ( 'NONE', ( #309 ), #1253, .F. ) ;
#2708 = FILL_AREA_STYLE ('',( #1420 ) ) ;
#2709 = AXIS2_PLACEMENT_3D ( 'NONE', #1620, #113, #565 ) ;
#2710 = ORIENTED_EDGE ( 'NONE', *, *, #2504, .F. ) ;
#2711 = DIRECTION ( 'NONE',  ( -0.7059037656364860500, 0.0000000000000000000, 0.7083077534943613700 ) ) ;
#2712 = EDGE_LOOP ( 'NONE', ( #2126, #2753, #1439, #592, #974, #1497, #1042, #1957, #2620, #1501, #1093, #82, #887, #2338, #2262, #521, #696, #2270, #1703, #56, #597, #50, #1954 ) ) ;
#2713 = ORIENTED_EDGE ( 'NONE', *, *, #1282, .F. ) ;
#2714 = CARTESIAN_POINT ( 'NONE',  ( 0.4721173966834419400, 6.500000000000000000, 1.053028994543904900 ) ) ;
#2715 = VERTEX_POINT ( 'NONE', #2117 ) ;
#2716 = EDGE_LOOP ( 'NONE', ( #791, #937, #1436, #2443 ) ) ;
#2717 = ORIENTED_EDGE ( 'NONE', *, *, #1667, .T. ) ;
#2718 = VECTOR ( 'NONE', #1575, 1000.000000000000000 ) ;
#2719 = ORIENTED_EDGE ( 'NONE', *, *, #1240, .F. ) ;
#2720 = VECTOR ( 'NONE', #1916, 1000.000000000000200 ) ;
#2721 = DIRECTION ( 'NONE',  ( -0.0000000000000000000, 1.000000000000000000, -0.0000000000000000000 ) ) ;
#2722 = CARTESIAN_POINT ( 'NONE',  ( -2.722509150686000200, 0.4192500000000020700, 5.075977139864893900 ) ) ;
#2723 = VECTOR ( 'NONE', #1983, 1000.000000000000000 ) ;
#2724 = DIRECTION ( 'NONE',  ( -0.0000000000000000000, -1.000000000000000000, -0.0000000000000000000 ) ) ;
#2725 = EDGE_CURVE ( 'NONE', #1855, #1889, #47, .T. ) ;
#2726 = ORIENTED_EDGE ( 'NONE', *, *, #1951, .T. ) ;
#2727 = COLOUR_RGB ( '',0.0000000000000000000, 0.4862745098039215600, 0.8392156862745098200 ) ;
#2728 = CARTESIAN_POINT ( 'NONE',  ( -1.125700924485933100, 6.500000000000000000, -0.5793581909814401500 ) ) ;
#2729 = AXIS2_PLACEMENT_3D ( 'NONE', #356, #2337, #2112 ) ;
#2730 = VECTOR ( 'NONE', #2764, 1000.000000000000000 ) ;
#2731 = DIRECTION ( 'NONE',  ( 0.0000000000000000000, 0.0000000000000000000, 1.000000000000000000 ) ) ;
#2732 =( GEOMETRIC_REPRESENTATION_CONTEXT ( 3 ) GLOBAL_UNCERTAINTY_ASSIGNED_CONTEXT ( ( #1925 ) ) GLOBAL_UNIT_ASSIGNED_CONTEXT ( ( #1392, #933, #1558 ) ) REPRESENTATION_CONTEXT ( 'NONE', 'WORKASPACE' ) );
#2733 = UNCERTAINTY_MEASURE_WITH_UNIT (LENGTH_MEASURE( 1.000000000000000100E-005 ), #1820, 'distance_accuracy_value', 'NONE');
#2734 = DIRECTION ( 'NONE',  ( 1.000000000000000000, 0.0000000000000000000, -3.614007241618349300E-016 ) ) ;
#2735 =( NAMED_UNIT ( * ) SI_UNIT ( $, .STERADIAN. ) SOLID_ANGLE_UNIT ( ) );
#2736 = EDGE_CURVE ( 'NONE', #1225, #2158, #240, .T. ) ;
#2737 = CARTESIAN_POINT ( 'NONE',  ( 0.0000000000000000000, 6.500000000000000000, 0.0000000000000000000 ) ) ;
#2738 = DIRECTION ( 'NONE',  ( 0.0000000000000000000, 0.0000000000000000000, 1.000000000000000000 ) ) ;
#2739 = EDGE_CURVE ( 'NONE', #2029, #2486, #1989, .T. ) ;
#2740 = SHAPE_DEFINITION_REPRESENTATION ( #139, #1442 ) ;
#2741 = VERTEX_POINT ( 'NONE', #2774 ) ;
#2742 = SURFACE_STYLE_FILL_AREA ( #772 ) ;
#2743 = EDGE_LOOP ( 'NONE', ( #624, #2343, #602, #2203, #424, #433, #1859, #1841, #1360, #1794, #416, #2136, #1325, #765 ) ) ;
#2744 = VERTEX_POINT ( 'NONE', #628 ) ;
#2745 = CARTESIAN_POINT ( 'NONE',  ( -4.097731242331414100, 6.495000000000000100, -0.9631222229663523000 ) ) ;
#2746 = VECTOR ( 'NONE', #950, 1000.000000000000000 ) ;
#2747 = DIRECTION ( 'NONE',  ( -0.9610664548998921800, 0.0000000000000000000, -0.2763173343569916300 ) ) ;
#2748 = ORIENTED_EDGE ( 'NONE', *, *, #979, .T. ) ;
#2749 = UNCERTAINTY_MEASURE_WITH_UNIT (LENGTH_MEASURE( 1.000000000000000100E-005 ), #2545, 'distance_accuracy_value', 'NONE');
#2750 = LINE ( 'NONE', #2064, #2684 ) ;
#2751 = CARTESIAN_POINT ( 'NONE',  ( 0.0000000000000000000, 0.4192500000000020700, 0.0000000000000000000 ) ) ;
#2752 = CARTESIAN_POINT ( 'NONE',  ( 0.0000000000000000000, 6.500000000000000000, 0.0000000000000000000 ) ) ;
#2753 = ORIENTED_EDGE ( 'NONE', *, *, #1667, .F. ) ;
#2754 = LINE ( 'NONE', #304, #970 ) ;
#2755 = FACE_OUTER_BOUND ( 'NONE', #185, .T. ) ;
#2756 = ORIENTED_EDGE ( 'NONE', *, *, #993, .T. ) ;
#2757 = VERTEX_POINT ( 'NONE', #1268 ) ;
#2758 = CARTESIAN_POINT ( 'NONE',  ( -0.03453285888950724500, 6.495000000000000100, 0.4772421111879622800 ) ) ;
#2759 = VECTOR ( 'NONE', #2045, 1000.000000000000000 ) ;
#2760 = DIRECTION ( 'NONE',  ( 0.2729786930695173900, 0.0000000000000000000, -0.9620200793798735500 ) ) ;
#2761 = EDGE_CURVE ( 'NONE', #1669, #1464, #1359, .T. ) ;
#2762 = FACE_OUTER_BOUND ( 'NONE', #2792, .T. ) ;
#2763 = ADVANCED_FACE ( 'NONE', ( #2332 ), #2183, .F. ) ;
#2764 = DIRECTION ( 'NONE',  ( 1.000000000000000000, 0.0000000000000000000, -3.775570415932256000E-016 ) ) ;
#2765 = CARTESIAN_POINT ( 'NONE',  ( 2.390000000000000100, -2.700000000000000200, 0.6499999999999955800 ) ) ;
#2766 = SURFACE_STYLE_FILL_AREA ( #2076 ) ;
#2767 = STYLED_ITEM ( 'NONE', ( #2318 ), #1056 ) ;
#2768 = CARTESIAN_POINT ( 'NONE',  ( 2.690000000000000400, -2.700000000000000200, -0.6500000000000042400 ) ) ;
#2769 = DIRECTION ( 'NONE',  ( -1.000000000000000000, -0.0000000000000000000, -0.0000000000000000000 ) ) ;
#2770 = PRESENTATION_LAYER_ASSIGNMENT (  '', '', ( #30 ) ) ;
#2771 = EDGE_CURVE ( 'NONE', #901, #2741, #714, .T. ) ;
#2772 = CARTESIAN_POINT ( 'NONE',  ( -4.282198500527644400, 6.080749999999999200, 3.837352733601484500 ) ) ;
#2773 = ADVANCED_FACE ( 'NONE', ( #647 ), #2665, .F. ) ;
#2774 = CARTESIAN_POINT ( 'NONE',  ( -0.9143214339711456300, 6.500000000000000000, 1.053028994543905300 ) ) ;
#2775 = EDGE_CURVE ( 'NONE', #1272, #1928, #2547, .T. ) ;
#2776 = DIRECTION ( 'NONE',  ( -0.0000000000000000000, 1.000000000000000000, -0.0000000000000000000 ) ) ;
#2777 = EDGE_LOOP ( 'NONE', ( #1012, #793, #291, #1837 ) ) ;
#2778 = VECTOR ( 'NONE', #272, 1000.000000000000100 ) ;
#2779 =( NAMED_UNIT ( * ) SI_UNIT ( $, .STERADIAN. ) SOLID_ANGLE_UNIT ( ) );
#2780 = ORIENTED_EDGE ( 'NONE', *, *, #1122, .T. ) ;
#2781 =( LENGTH_UNIT ( ) NAMED_UNIT ( * ) SI_UNIT ( .MILLI., .METRE. ) );
#2782 = STYLED_ITEM ( 'NONE', ( #812 ), #604 ) ;
#2783 = VERTEX_POINT ( 'NONE', #1367 ) ;
#2784 = CIRCLE ( 'NONE', #1663, 0.4192500000000003400 ) ;
#2785 = VERTEX_POINT ( 'NONE', #2217 ) ;
#2786 = ORIENTED_EDGE ( 'NONE', *, *, #1064, .T. ) ;
#2787 = SURFACE_STYLE_FILL_AREA ( #2708 ) ;
#2788 = AXIS2_PLACEMENT_3D ( 'NONE', #2392, #1961, #2386 ) ;
#2789 = ORIENTED_EDGE ( 'NONE', *, *, #2422, .T. ) ;
#2790 = FACE_OUTER_BOUND ( 'NONE', #1470, .T. ) ;
#2791 = EDGE_CURVE ( 'NONE', #2783, #2120, #414, .T. ) ;
#2792 = EDGE_LOOP ( 'NONE', ( #32, #550, #1073, #966 ) ) ;
#2793 = ORIENTED_EDGE ( 'NONE', *, *, #37, .F. ) ;
#2794 = FILL_AREA_STYLE_COLOUR ( '', #702 ) ;
#2795 = LINE ( 'NONE', #2589, #1076 ) ;
#2796 = DIRECTION ( 'NONE',  ( 0.0000000000000000000, -1.000000000000000000, 0.0000000000000000000 ) ) ;
ENDSEC;
END-ISO-10303-21;
