// GENERATED by tools/make_smooth_font.py -- do not edit by hand.
//
// Aura2 Pro at 28 points, as a smooth font: one alpha byte per pixel
// instead of one bit, so the renderer can blend the edges.
//
// Kept: printable ASCII and the copyright sign, 95 glyphs of the
// 684 in the source font.
// The rest are alphabets this panel never shows and they would
// have cost 183 kB of flash for nothing.
#pragma once

#include "smoothfont.h"

static const SmoothGlyph DISPFONT28_GLYPHS[] = {
    {'!',  4, 23,  6,   1,  22,      0},
    {'"',  9,  8,  8,   0,  22,     92},
    {'#', 15, 23, 15,   0,  22,    164},
    {'$', 13, 29, 14,   0,  25,    509},
    {'%', 25, 23, 25,   0,  22,    886},
    {'&', 16, 23, 16,   0,  22,   1461},
    {'\'',  3,  8,  3,   0,  22,   1829},
    {'(',  6, 30,  7,   2,  25,   1853},
    {')',  7, 30,  8,  -1,  25,   2033},
    {'*', 12, 12, 10,  -1,  22,   2243},
    {'+', 13, 13, 11,  -1,  17,   2387},
    {',',  4,  9,  3,   0,   4,   2556},
    {'-',  9,  3,  9,   0,   9,   2592},
    {'.',  4,  5,  6,   0,   4,   2619},
    {'/', 11, 28, 12,   0,  23,   2639},
    {'0', 12, 23, 14,   1,  22,   2947},
    {'1',  8, 23, 13,   2,  22,   3223},
    {'2', 13, 22, 14,   0,  22,   3407},
    {'3', 11, 23, 13,   1,  22,   3693},
    {'4', 14, 23, 14,   0,  22,   3946},
    {'5', 12, 23, 13,   1,  22,   4268},
    {'6', 13, 23, 14,   1,  22,   4544},
    {'7', 13, 23, 14,   0,  22,   4843},
    {'8', 12, 23, 14,   1,  22,   5142},
    {'9', 12, 23, 14,   1,  22,   5418},
    {':',  4, 17,  5,   1,  16,   5694},
    {';',  4, 21,  5,   2,  16,   5762},
    {'<', 11, 14, 10,  -1,  18,   5846},
    {'=', 13, 10, 13,   0,  16,   6000},
    {'>', 10, 14, 10,   0,  18,   6130},
    {'?', 12, 23, 11,   0,  22,   6270},
    {'@', 16, 24, 18,   1,  19,   6546},
    {'A', 17, 23, 17,   0,  22,   6930},
    {'B', 14, 22, 17,   2,  22,   7321},
    {'C', 14, 23, 14,   1,  22,   7629},
    {'D', 14, 22, 17,   2,  22,   7951},
    {'E', 12, 22, 14,   2,  22,   8259},
    {'F', 12, 23, 13,   2,  22,   8523},
    {'G', 15, 23, 17,   1,  22,   8799},
    {'H', 15, 23, 19,   2,  22,   9144},
    {'I',  3, 23,  7,   2,  22,   9489},
    {'J', 10, 23, 12,   0,  22,   9558},
    {'K', 14, 23, 16,   2,  22,   9788},
    {'L', 11, 22, 12,   2,  22,  10110},
    {'M', 18, 23, 22,   2,  22,  10352},
    {'N', 15, 23, 19,   2,  22,  10766},
    {'O', 16, 23, 18,   1,  22,  11111},
    {'P', 13, 23, 16,   2,  22,  11479},
    {'Q', 16, 26, 18,   1,  22,  11778},
    {'R', 14, 23, 16,   2,  22,  12194},
    {'S', 14, 23, 14,   0,  22,  12516},
    {'T', 15, 23, 15,   0,  22,  12838},
    {'U', 16, 23, 18,   1,  22,  13183},
    {'V', 16, 23, 15,   0,  22,  13551},
    {'W', 25, 23, 25,   0,  22,  13919},
    {'X', 15, 23, 15,   0,  22,  14494},
    {'Y', 15, 23, 15,   0,  22,  14839},
    {'Z', 15, 22, 15,   0,  22,  15184},
    {'[',  5, 30,  8,   2,  25,  15514},
    {'\\', 11, 28, 11,   0,  23,  15664},
    {']',  6, 30,  8,   0,  25,  15972},
    {'^', 13, 11, 14,   1,  22,  16152},
    {'_', 13,  3, 14,   0,  -3,  16295},
    {'`',  4,  5, 12,   5,  22,  16334},
    {'a', 12, 17, 13,   0,  16,  16354},
    {'b', 12, 23, 15,   2,  22,  16558},
    {'c', 10, 17, 11,   1,  16,  16834},
    {'d', 12, 23, 15,   1,  22,  17004},
    {'e', 12, 17, 13,   1,  16,  17280},
    {'f',  9, 23,  9,   0,  22,  17484},
    {'g', 12, 23, 15,   1,  16,  17691},
    {'h', 12, 23, 15,   2,  22,  17967},
    {'i',  4, 23,  6,   1,  22,  18243},
    {'j',  7, 29,  7,  -2,  22,  18335},
    {'k', 11, 23, 12,   2,  22,  18538},
    {'l',  5, 23,  7,   2,  22,  18791},
    {'m', 21, 17, 23,   1,  16,  18906},
    {'n', 12, 17, 15,   1,  16,  19263},
    {'o', 12, 17, 14,   1,  16,  19467},
    {'p', 12, 23, 15,   2,  16,  19671},
    {'q', 12, 23, 15,   1,  16,  19947},
    {'r',  8, 17,  9,   1,  16,  20223},
    {'s', 11, 17, 12,   0,  16,  20359},
    {'t', 10, 21, 10,   0,  20,  20546},
    {'u', 12, 17, 15,   1,  16,  20756},
    {'v', 13, 17, 13,   0,  16,  20960},
    {'w', 21, 17, 21,   0,  16,  21181},
    {'x', 12, 17, 12,   0,  16,  21538},
    {'y', 13, 23, 13,   0,  16,  21742},
    {'z', 12, 15, 12,   0,  15,  22041},
    {'{',  9, 30,  9,   0,  25,  22221},
    {'|',  2, 26,  6,   2,  23,  22491},
    {'}',  9, 30,  9,   0,  25,  22543},
    {'~', 15,  5, 17,   1,  11,  22813},
    {0xA9, 23, 23, 24,   0,  22,  22888},
};

static const uint8_t DISPFONT28_PIXELS[] = {
    0x00, 0x39, 0x22, 0x00, 0x1F, 0xFD, 0xE0, 0x00, 0x34, 0xFF, 0xF8, 0x00, 0x34, 0xFF, 0xF8, 0x00, 0x34, 0xFF, 0xF8, 0x00, 0x34, 0xFF, 0xF8, 0x00,
    0x34, 0xFF, 0xF8, 0x00, 0x34, 0xFF, 0xF8, 0x00, 0x34, 0xFF, 0xF8, 0x00, 0x34, 0xFF, 0xF8, 0x00, 0x34, 0xFF, 0xF8, 0x00, 0x34, 0xFF, 0xF8, 0x00,
    0x34, 0xFF, 0xF8, 0x00, 0x34, 0xFF, 0xF8, 0x00, 0x34, 0xFF, 0xF8, 0x00, 0x1F, 0xFD, 0xE0, 0x00, 0x00, 0x37, 0x21, 0x00, 0x00, 0x00, 0x00, 0x00,
    0x00, 0x26, 0x21, 0x00, 0x18, 0xF8, 0xF3, 0x0D, 0x34, 0xFF, 0xFF, 0x23, 0x1A, 0xFA, 0xF5, 0x0E, 0x00, 0x2A, 0x25, 0x00, 0x00, 0x46, 0x1C, 0x00,
    0x00, 0x00, 0x25, 0x3E, 0x00, 0x51, 0xFF, 0xD2, 0x00, 0x00, 0x00, 0xEC, 0xFF, 0x39, 0x5E, 0xFF, 0xDA, 0x00, 0x00, 0x00, 0xF9, 0xFF, 0x42, 0x4F,
    0xFF, 0xC8, 0x00, 0x00, 0x00, 0xEA, 0xFF, 0x30, 0x40, 0xFF, 0xB6, 0x00, 0x00, 0x00, 0xDA, 0xFF, 0x1E, 0x31, 0xFF, 0xA4, 0x00, 0x00, 0x00, 0xCA,
    0xFF, 0x0C, 0x21, 0xFF, 0x92, 0x00, 0x00, 0x00, 0xB9, 0xFA, 0x00, 0x06, 0xC8, 0x52, 0x00, 0x00, 0x00, 0x75, 0xAA, 0x00, 0x00, 0x00, 0x00, 0x00,
    0x00, 0x36, 0x03, 0x00, 0x00, 0x00, 0x00, 0x30, 0x0A, 0x00, 0x00, 0x00, 0x00, 0x00, 0x00, 0x38, 0xFF, 0x57, 0x00, 0x00, 0x00, 0x16, 0xFA, 0x7C,
    0x00, 0x00, 0x00, 0x00, 0x00, 0x00, 0x6D, 0xFF, 0x4E, 0x00, 0x00, 0x00, 0x45, 0xFF, 0x6F, 0x00, 0x00, 0x00, 0x00, 0x00, 0x00, 0x92, 0xFF, 0x2A,
    0x00, 0x00, 0x00, 0x6A, 0xFF, 0x49, 0x00, 0x00, 0x00, 0x00, 0x00, 0x00, 0xB6, 0xFD, 0x08, 0x00, 0x00, 0x00, 0x8E, 0xFF, 0x23, 0x00, 0x00, 0x00,
    0x51, 0xAF, 0xB0, 0xF0, 0xFA, 0xB0, 0xB0, 0xB0, 0xB0, 0xE4, 0xFF, 0xB3, 0xAB, 0x31, 0x00, 0xAC, 0xFF, 0xFF, 0xFF, 0xFF, 0xFF, 0xFF, 0xFF, 0xFF,
    0xFF, 0xFF, 0xFF, 0xFF, 0x77, 0x00, 0x12, 0x4B, 0x68, 0xFF, 0xAD, 0x4C, 0x4C, 0x4C, 0x50, 0xFF, 0xC7, 0x4C, 0x45, 0x06, 0x00, 0x00, 0x00, 0x48,
    0xFF, 0x6C, 0x00, 0x00, 0x00, 0x25, 0xFF, 0x90, 0x00, 0x00, 0x00, 0x00, 0x00, 0x00, 0x6D, 0xFF, 0x48, 0x00, 0x00, 0x00, 0x4B, 0xFF, 0x6B, 0x00,
    0x00, 0x00, 0x00, 0x00, 0x00, 0x92, 0xFF, 0x25, 0x00, 0x00, 0x00, 0x70, 0xFF, 0x47, 0x00, 0x00, 0x00, 0x00, 0x00, 0x00, 0xB7, 0xFC, 0x05, 0x00,
    0x00, 0x00, 0x95, 0xFF, 0x23, 0x00, 0x00, 0x00, 0x00, 0x00, 0x00, 0xDC, 0xDD, 0x00, 0x00, 0x00, 0x00, 0xBB, 0xFA, 0x03, 0x00, 0x00, 0x00, 0x00,
    0x00, 0x05, 0xFB, 0xB9, 0x00, 0x00, 0x00, 0x00, 0xE0, 0xDA, 0x00, 0x00, 0x00, 0x00, 0x00, 0x00, 0x26, 0xFF, 0x95, 0x00, 0x00, 0x00, 0x07, 0xFD,
    0xB5, 0x00, 0x00, 0x00, 0x00, 0x77, 0xC8, 0xD5, 0xFF, 0xE3, 0xC8, 0xC8, 0xC8, 0xCE, 0xFF, 0xEA, 0xC8, 0xBE, 0x2C, 0x00, 0xC6, 0xFF, 0xFF, 0xFF,
    0xFF, 0xFF, 0xFF, 0xFF, 0xFF, 0xFF, 0xFF, 0xFF, 0xFF, 0x59, 0x00, 0x0E, 0x38, 0xB3, 0xFF, 0x54, 0x38, 0x38, 0x38, 0x94, 0xFF, 0x6E, 0x38, 0x2D,
    0x00, 0x00, 0x00, 0x00, 0xBB, 0xFD, 0x06, 0x00, 0x00, 0x00, 0x96, 0xFF, 0x25, 0x00, 0x00, 0x00, 0x00, 0x00, 0x00, 0xDD, 0xDE, 0x00, 0x00, 0x00,
    0x00, 0xBA, 0xFC, 0x05, 0x00, 0x00, 0x00, 0x00, 0x00, 0x02, 0xFA, 0xB9, 0x00, 0x00, 0x00, 0x00, 0xDC, 0xDC, 0x00, 0x00, 0x00, 0x00, 0x00, 0x00,
    0x03, 0xEB, 0x7F, 0x00, 0x00, 0x00, 0x00, 0xCF, 0xA3, 0x00, 0x00, 0x00, 0x00, 0x00, 0x00, 0x00, 0x18, 0x03, 0x00, 0x00, 0x00, 0x00, 0x14, 0x08,
    0x00, 0x00, 0x00, 0x00, 0x00, 0x00, 0x00, 0x00, 0x00, 0x00, 0x00, 0x28, 0x18, 0x00, 0x00, 0x00, 0x00, 0x00, 0x00, 0x00, 0x00, 0x00, 0x00, 0x06,
    0xF6, 0xCD, 0x00, 0x00, 0x00, 0x00, 0x00, 0x00, 0x00, 0x00, 0x00, 0x00, 0x10, 0xFF, 0xE4, 0x00, 0x00, 0x00, 0x00, 0x00, 0x00, 0x00, 0x00, 0x00,
    0x04, 0x40, 0xFF, 0xF0, 0x5E, 0x39, 0x09, 0x00, 0x00, 0x00, 0x00, 0x04, 0x74, 0xE7, 0xFF, 0xFF, 0xFF, 0xFF, 0xFF, 0xF7, 0x84, 0x00, 0x00, 0x04,
    0xB4, 0xFF, 0xFF, 0xFF, 0xFF, 0xFB, 0xE8, 0xFF, 0xFF, 0xFB, 0x02, 0x00, 0x7A, 0xFF, 0xFF, 0xA8, 0x35, 0xFF, 0xE4, 0x00, 0x1E, 0x6B, 0x59, 0x00,
    0x00, 0xE7, 0xFF, 0xA8, 0x00, 0x10, 0xFF, 0xE4, 0x00, 0x00, 0x00, 0x00, 0x00, 0x20, 0xFF, 0xFF, 0x32, 0x00, 0x10, 0xFF, 0xE4, 0x00, 0x00, 0x00,
    0x00, 0x00, 0x33, 0xFF, 0xFF, 0x10, 0x00, 0x10, 0xFF, 0xE4, 0x00, 0x00, 0x00, 0x00, 0x00, 0x27, 0xFF, 0xFF, 0x25, 0x00, 0x10, 0xFF, 0xE4, 0x00,
    0x00, 0x00, 0x00, 0x00, 0x03, 0xF1, 0xFF, 0x86, 0x00, 0x10, 0xFF, 0xE4, 0x00, 0x00, 0x00, 0x00, 0x00, 0x00, 0x8C, 0xFF, 0xFF, 0xA5, 0x4A, 0xFF,
    0xE4, 0x00, 0x00, 0x00, 0x00, 0x00, 0x00, 0x0A, 0xC6, 0xFF, 0xFF, 0xFF, 0xFF, 0xF8, 0x93, 0x43, 0x01, 0x00, 0x00, 0x00, 0x00, 0x08, 0x80, 0xED,
    0xFF, 0xFF, 0xFF, 0xFF, 0xFF, 0xC7, 0x1F, 0x00, 0x00, 0x00, 0x00, 0x00, 0x05, 0x48, 0xFF, 0xF9, 0xEE, 0xFF, 0xFF, 0xD9, 0x0B, 0x00, 0x00, 0x00,
    0x00, 0x00, 0x10, 0xFF, 0xE4, 0x09, 0x7F, 0xFF, 0xFF, 0x6D, 0x00, 0x00, 0x00, 0x00, 0x00, 0x10, 0xFF, 0xE4, 0x00, 0x00, 0xB7, 0xFF, 0xB4, 0x00,
    0x00, 0x00, 0x00, 0x00, 0x10, 0xFF, 0xE4, 0x00, 0x00, 0x7C, 0xFF, 0xD2, 0x00, 0x00, 0x00, 0x00, 0x00, 0x10, 0xFF, 0xE4, 0x00, 0x00, 0x79, 0xFF,
    0xD3, 0x00, 0x00, 0x00, 0x00, 0x00, 0x10, 0xFF, 0xE4, 0x00, 0x00, 0xA8, 0xFF, 0xB9, 0x00, 0x00, 0x00, 0x00, 0x00, 0x10, 0xFF, 0xE4, 0x00, 0x2E,
    0xFA, 0xFF, 0x7B, 0x00, 0x8C, 0xB7, 0x6C, 0x29, 0x15, 0xFF, 0xE6, 0x60, 0xEB, 0xFF, 0xF0, 0x18, 0x00, 0xF2, 0xFF, 0xFF, 0xFF, 0xFD, 0xFF, 0xFF,
    0xFF, 0xFF, 0xF7, 0x4A, 0x00, 0x00, 0x42, 0xC1, 0xFB, 0xFF, 0xFF, 0xFF, 0xFF, 0xF6, 0xA9, 0x28, 0x00, 0x00, 0x00, 0x00, 0x00, 0x07, 0x29, 0x4C,
    0xFF, 0xE7, 0x06, 0x00, 0x00, 0x00, 0x00, 0x00, 0x00, 0x00, 0x00, 0x00, 0x10, 0xFF, 0xE4, 0x00, 0x00, 0x00, 0x00, 0x00, 0x00, 0x00, 0x00, 0x00,
    0x00, 0x0E, 0xFF, 0xE1, 0x00, 0x00, 0x00, 0x00, 0x00, 0x00, 0x00, 0x00, 0x00, 0x00, 0x00, 0xA2, 0x78, 0x00, 0x00, 0x00, 0x00, 0x00, 0x00, 0x00,
    0x00, 0x13, 0x55, 0x71, 0x65, 0x2E, 0x00, 0x00, 0x00, 0x00, 0x00, 0x00, 0x00, 0x00, 0x00, 0x05, 0x14, 0x00, 0x00, 0x00, 0x00, 0x00, 0x00, 0x00,
    0x00, 0x77, 0xF5, 0xFF, 0xFF, 0xFF, 0xFF, 0xBA, 0x18, 0x00, 0x00, 0x00, 0x00, 0x00, 0x00, 0x00, 0xA4, 0xEB, 0x00, 0x00, 0x00, 0x00, 0x00, 0x00,
    0x00, 0x73, 0xFF, 0xFF, 0xCE, 0xA4, 0xB9, 0xF5, 0xFF, 0xD0, 0x06, 0x00, 0x00, 0x00, 0x00, 0x00, 0x3D, 0xFF, 0xA6, 0x00, 0x00, 0x00, 0x00, 0x00,
    0x00, 0x0A, 0xF1, 0xFF, 0x6F, 0x00, 0x00, 0x00, 0x25, 0xE6, 0xFF, 0x5F, 0x00, 0x00, 0x00, 0x00, 0x02, 0xCE, 0xF8, 0x20, 0x00, 0x00, 0x00, 0x00,
    0x00, 0x00, 0x42, 0xFF, 0xD6, 0x00, 0x00, 0x00, 0x00, 0x00, 0x70, 0xFF, 0xA5, 0x00, 0x00, 0x00, 0x00, 0x65, 0xFF, 0x88, 0x00, 0x00, 0x00, 0x00,
    0x00, 0x00, 0x00, 0x5D, 0xFF, 0xA5, 0x00, 0x00, 0x00, 0x00, 0x00, 0x3E, 0xFF, 0xC0, 0x00, 0x00, 0x00, 0x0E, 0xE9, 0xE9, 0x0E, 0x00, 0x00, 0x00,
    0x00, 0x00, 0x00, 0x00, 0x64, 0xFF, 0x9C, 0x00, 0x00, 0x00, 0x00, 0x00, 0x34, 0xFF, 0xC8, 0x00, 0x00, 0x00, 0x8C, 0xFF, 0x66, 0x00, 0x00, 0x00,
    0x00, 0x00, 0x00, 0x00, 0x00, 0x63, 0xFF, 0x9C, 0x00, 0x00, 0x00, 0x00, 0x00, 0x34, 0xFF, 0xC7, 0x00, 0x00, 0x25, 0xF9, 0xD0, 0x02, 0x00, 0x00,
    0x00, 0x00, 0x00, 0x00, 0x00, 0x00, 0x57, 0xFF, 0xB1, 0x00, 0x00, 0x00, 0x00, 0x00, 0x4A, 0xFF, 0xB9, 0x00, 0x00, 0xB3, 0xFF, 0x41, 0x00, 0x00,
    0x00, 0x00, 0x00, 0x00, 0x00, 0x00, 0x00, 0x2E, 0xFF, 0xEE, 0x0F, 0x00, 0x00, 0x00, 0x00, 0x8D, 0xFF, 0x8C, 0x00, 0x46, 0xFF, 0xAD, 0x00, 0x00,
    0x00, 0x18, 0x2A, 0x15, 0x00, 0x00, 0x00, 0x00, 0x01, 0xD1, 0xFF, 0xC2, 0x35, 0x0B, 0x1C, 0x73, 0xFA, 0xFD, 0x2C, 0x04, 0xD5, 0xF8, 0x22, 0x00,
    0x59, 0xD8, 0xFF, 0xFF, 0xFF, 0xD2, 0x4D, 0x00, 0x00, 0x00, 0x2F, 0xEC, 0xFF, 0xFF, 0xFF, 0xFF, 0xFF, 0xFE, 0x6D, 0x00, 0x6D, 0xFF, 0x87, 0x00,
    0x76, 0xFF, 0xFF, 0xFF, 0xEE, 0xFF, 0xFF, 0xFF, 0x62, 0x00, 0x00, 0x00, 0x1A, 0x91, 0xDC, 0xF7, 0xE9, 0xB0, 0x3C, 0x00, 0x12, 0xED, 0xE7, 0x0D,
    0x1C, 0xFA, 0xFF, 0x86, 0x0D, 0x00, 0x0E, 0x8F, 0xFF, 0xF1, 0x10, 0x00, 0x00, 0x00, 0x00, 0x00, 0x00, 0x00, 0x00, 0x00, 0x00, 0x92, 0xFF, 0x61,
    0x00, 0x6A, 0xFF, 0xBB, 0x00, 0x00, 0x00, 0x00, 0x00, 0xCA, 0xFF, 0x55, 0x00, 0x00, 0x00, 0x00, 0x00, 0x00, 0x00, 0x00, 0x00, 0x29, 0xFB, 0xCB,
    0x01, 0x00, 0x90, 0xFF, 0x74, 0x00, 0x00, 0x00, 0x00, 0x00, 0x88, 0xFF, 0x7B, 0x00, 0x00, 0x00, 0x00, 0x00, 0x00, 0x00, 0x00, 0x00, 0xB7, 0xFF,
    0x3A, 0x00, 0x00, 0x9B, 0xFF, 0x60, 0x00, 0x00, 0x00, 0x00, 0x00, 0x74, 0xFF, 0x87, 0x00, 0x00, 0x00, 0x00, 0x00, 0x00, 0x00, 0x00, 0x49, 0xFF,
    0xA5, 0x00, 0x00, 0x00, 0x9C, 0xFF, 0x60, 0x00, 0x00, 0x00, 0x00, 0x00, 0x74, 0xFF, 0x88, 0x00, 0x00, 0x00, 0x00, 0x00, 0x00, 0x00, 0x04, 0xD6,
    0xF5, 0x1C, 0x00, 0x00, 0x00, 0x94, 0xFF, 0x6B, 0x00, 0x00, 0x00, 0x00, 0x00, 0x7F, 0xFF, 0x7F, 0x00, 0x00, 0x00, 0x00, 0x00, 0x00, 0x00, 0x6C,
    0xFF, 0x7E, 0x00, 0x00, 0x00, 0x00, 0x76, 0xFF, 0xA2, 0x00, 0x00, 0x00, 0x00, 0x00, 0xAD, 0xFF, 0x60, 0x00, 0x00, 0x00, 0x00, 0x00, 0x00, 0x10,
    0xEC, 0xE1, 0x09, 0x00, 0x00, 0x00, 0x00, 0x2B, 0xFE, 0xFC, 0x51, 0x00, 0x00, 0x00, 0x52, 0xFD, 0xF8, 0x19, 0x00, 0x00, 0x00, 0x00, 0x00, 0x00,
    0x89, 0xFF, 0x55, 0x00, 0x00, 0x00, 0x00, 0x00, 0x00, 0x98, 0xFF, 0xFF, 0xDB, 0xBD, 0xD9, 0xFF, 0xFF, 0x7A, 0x00, 0x00, 0x00, 0x00, 0x00, 0x00,
    0x00, 0xD6, 0xBF, 0x00, 0x00, 0x00, 0x00, 0x00, 0x00, 0x00, 0x03, 0x7E, 0xF2, 0xFF, 0xFF, 0xFF, 0xEB, 0x69, 0x00, 0x00, 0x00, 0x00, 0x00, 0x00,
    0x00, 0x00, 0x14, 0x0C, 0x00, 0x00, 0x00, 0x00, 0x00, 0x00, 0x00, 0x00, 0x00, 0x08, 0x3A, 0x4B, 0x35, 0x04, 0x00, 0x00, 0x00, 0x00, 0x00, 0x00,
    0x00, 0x03, 0x3D, 0x67, 0x6C, 0x50, 0x12, 0x00, 0x00, 0x00, 0x00, 0x00, 0x00, 0x00, 0x00, 0x00, 0x4F, 0xE0, 0xFF, 0xFF, 0xFF, 0xFF, 0xF7, 0x82,
    0x01, 0x00, 0x00, 0x00, 0x00, 0x00, 0x00, 0x58, 0xFE, 0xFF, 0xF0, 0xC3, 0xC6, 0xF1, 0xFF, 0xFF, 0x79, 0x00, 0x00, 0x00, 0x00, 0x00, 0x02, 0xE7,
    0xFF, 0xAC, 0x0E, 0x00, 0x00, 0x0E, 0xB4, 0xFF, 0xF1, 0x05, 0x00, 0x00, 0x00, 0x00, 0x2A, 0xFF, 0xFF, 0x17, 0x00, 0x00, 0x00, 0x00, 0x2C, 0xFF,
    0xFF, 0x2D, 0x00, 0x00, 0x00, 0x00, 0x32, 0xFF, 0xFB, 0x01, 0x00, 0x00, 0x00, 0x00, 0x14, 0xFF, 0xFF, 0x2D, 0x00, 0x00, 0x00, 0x00, 0x12, 0xFD,
    0xFF, 0x35, 0x00, 0x00, 0x00, 0x00, 0x5A, 0xFF, 0xF4, 0x09, 0x00, 0x00, 0x00, 0x00, 0x00, 0xBC, 0xFF, 0xB0, 0x00, 0x00, 0x00, 0x2A, 0xEA, 0xFF,
    0x88, 0x00, 0x00, 0x00, 0x00, 0x00, 0x00, 0x3A, 0xFE, 0xFF, 0x6C, 0x00, 0x4A, 0xEE, 0xFF, 0xC3, 0x07, 0x00, 0x00, 0x00, 0x00, 0x00, 0x00, 0x00,
    0x90, 0xFF, 0xFC, 0xAC, 0xFE, 0xFF, 0xBE, 0x0F, 0x00, 0x00, 0x00, 0x00, 0x00, 0x00, 0x00, 0x00, 0x07, 0xCF, 0xFF, 0xFF, 0xFF, 0x93, 0x06, 0x00,
    0x00, 0x00, 0x00, 0x00, 0x00, 0x00, 0x00, 0x00, 0x61, 0xF7, 0xFF, 0xFF, 0xEC, 0x1E, 0x00, 0x00, 0x00, 0x00, 0xBD, 0xC5, 0x00, 0x00, 0x00, 0x68,
    0xFE, 0xFF, 0xB9, 0xF0, 0xFF, 0xD5, 0x11, 0x00, 0x00, 0x0D, 0xFF, 0xFF, 0x0A, 0x00, 0x35, 0xFA, 0xFF, 0x9A, 0x02, 0x42, 0xFA, 0xFF, 0xC2, 0x07,
    0x00, 0x28, 0xFF, 0xFB, 0x00, 0x00, 0xC1, 0xFF, 0xBF, 0x03, 0x00, 0x00, 0x5F, 0xFF, 0xFF, 0xAA, 0x01, 0x54, 0xFF, 0xD8, 0x00, 0x1F, 0xFF, 0xFF,
    0x35, 0x00, 0x00, 0x00, 0x00, 0x80, 0xFF, 0xFF, 0x8F, 0xA3, 0xFF, 0xA0, 0x00, 0x46, 0xFF, 0xF5, 0x01, 0x00, 0x00, 0x00, 0x00, 0x00, 0xA0, 0xFF,
    0xFF, 0xFB, 0xFF, 0x4D, 0x00, 0x48, 0xFF, 0xFE, 0x0C, 0x00, 0x00, 0x00, 0x00, 0x00, 0x05, 0xBD, 0xFF, 0xFF, 0xD8, 0x02, 0x00, 0x21, 0xFF, 0xFF,
    0x7A, 0x00, 0x00, 0x00, 0x00, 0x00, 0x00, 0x72, 0xFF, 0xFF, 0xF1, 0x29, 0x00, 0x00, 0xC9, 0xFF, 0xFC, 0x8B, 0x28, 0x06, 0x0E, 0x43, 0xAC, 0xFF,
    0xFF, 0xFB, 0xFF, 0xDB, 0x12, 0x00, 0x32, 0xF4, 0xFF, 0xFF, 0xFF, 0xFF, 0xFF, 0xFF, 0xFF, 0xFC, 0x79, 0x39, 0xF5, 0xFF, 0xB2, 0x00, 0x00, 0x2C,
    0xBA, 0xFE, 0xFF, 0xFF, 0xFF, 0xF7, 0xAB, 0x2B, 0x00, 0x00, 0x4C, 0xFB, 0xD7, 0x00, 0x00, 0x00, 0x00, 0x12, 0x3E, 0x4B, 0x37, 0x0B, 0x00, 0x00,
    0x00, 0x00, 0x00, 0x32, 0x20, 0x1D, 0x46, 0x00, 0xD5, 0xFF, 0x52, 0xE2, 0xFF, 0x5A, 0xD2, 0xFF, 0x48, 0xC2, 0xFF, 0x36, 0xB2, 0xFF, 0x24, 0xA1,
    0xFF, 0x12, 0x60, 0xC0, 0x00, 0x00, 0x00, 0x1E, 0x58, 0x4E, 0x03, 0x00, 0x7A, 0xFC, 0xFF, 0xFF, 0x5A, 0x34, 0xFF, 0xFF, 0xE1, 0xAF, 0x20, 0xA3,
    0xFF, 0xA4, 0x02, 0x00, 0x00, 0xCC, 0xFF, 0x3F, 0x00, 0x00, 0x00, 0xE5, 0xFF, 0x27, 0x00, 0x00, 0x00, 0xE8, 0xFF, 0x24, 0x00, 0x00, 0x00, 0xE8,
    0xFF, 0x24, 0x00, 0x00, 0x00, 0xE8, 0xFF, 0x24, 0x00, 0x00, 0x00, 0xE8, 0xFF, 0x24, 0x00, 0x00, 0x00, 0xE8, 0xFF, 0x24, 0x00, 0x00, 0x00, 0xE8,
    0xFF, 0x24, 0x00, 0x00, 0x00, 0xE8, 0xFF, 0x24, 0x00, 0x00, 0x00, 0xE8, 0xFF, 0x24, 0x00, 0x00, 0x00, 0xE8, 0xFF, 0x24, 0x00, 0x00, 0x00, 0xE8,
    0xFF, 0x24, 0x00, 0x00, 0x00, 0xE8, 0xFF, 0x24, 0x00, 0x00, 0x00, 0xE8, 0xFF, 0x24, 0x00, 0x00, 0x00, 0xE8, 0xFF, 0x24, 0x00, 0x00, 0x00, 0xE8,
    0xFF, 0x24, 0x00, 0x00, 0x00, 0xE8, 0xFF, 0x24, 0x00, 0x00, 0x00, 0xE8, 0xFF, 0x24, 0x00, 0x00, 0x00, 0xE8, 0xFF, 0x24, 0x00, 0x00, 0x00, 0xE8,
    0xFF, 0x24, 0x00, 0x00, 0x00, 0xE1, 0xFF, 0x2A, 0x00, 0x00, 0x00, 0xC4, 0xFF, 0x51, 0x00, 0x00, 0x00, 0x8C, 0xFF, 0xD0, 0x1C, 0x00, 0x00, 0x1C,
    0xF7, 0xFF, 0xFF, 0xD7, 0x22, 0x00, 0x42, 0xD7, 0xFF, 0xFC, 0x3B, 0x00, 0x00, 0x00, 0x12, 0x0C, 0x00, 0x00, 0x4A, 0x59, 0x24, 0x00, 0x00, 0x00,
    0x39, 0xFF, 0xFF, 0xFF, 0x94, 0x01, 0x00, 0x0F, 0xA3, 0xD8, 0xFF, 0xFF, 0x63, 0x00, 0x00, 0x00, 0x00, 0x86, 0xFF, 0xCB, 0x00, 0x00, 0x00, 0x00,
    0x1C, 0xFF, 0xFA, 0x00, 0x00, 0x00, 0x00, 0x03, 0xFF, 0xFF, 0x0A, 0x00, 0x00, 0x00, 0x00, 0xFF, 0xFF, 0x0C, 0x00, 0x00, 0x00, 0x00, 0xFF, 0xFF,
    0x0C, 0x00, 0x00, 0x00, 0x00, 0xFF, 0xFF, 0x0C, 0x00, 0x00, 0x00, 0x00, 0xFF, 0xFF, 0x0C, 0x00, 0x00, 0x00, 0x00, 0xFF, 0xFF, 0x0C, 0x00, 0x00,
    0x00, 0x00, 0xFF, 0xFF, 0x0C, 0x00, 0x00, 0x00, 0x00, 0xFF, 0xFF, 0x0C, 0x00, 0x00, 0x00, 0x00, 0xFF, 0xFF, 0x0C, 0x00, 0x00, 0x00, 0x00, 0xFF,
    0xFF, 0x0C, 0x00, 0x00, 0x00, 0x00, 0xFF, 0xFF, 0x0C, 0x00, 0x00, 0x00, 0x00, 0xFF, 0xFF, 0x0C, 0x00, 0x00, 0x00, 0x00, 0xFF, 0xFF, 0x0C, 0x00,
    0x00, 0x00, 0x00, 0xFF, 0xFF, 0x0C, 0x00, 0x00, 0x00, 0x00, 0xFF, 0xFF, 0x0C, 0x00, 0x00, 0x00, 0x00, 0xFF, 0xFF, 0x0C, 0x00, 0x00, 0x00, 0x00,
    0xFF, 0xFF, 0x0C, 0x00, 0x00, 0x00, 0x00, 0xFF, 0xFF, 0x0C, 0x00, 0x00, 0x00, 0x00, 0xFF, 0xFF, 0x0C, 0x00, 0x00, 0x00, 0x07, 0xFF, 0xFE, 0x06,
    0x00, 0x00, 0x00, 0x2D, 0xFF, 0xE6, 0x00, 0x00, 0x00, 0x11, 0xB7, 0xFF, 0xB0, 0x00, 0x0D, 0xCA, 0xFE, 0xFF, 0xFE, 0x35, 0x00, 0x1B, 0xF2, 0xFF,
    0xE2, 0x57, 0x00, 0x00, 0x00, 0x08, 0x14, 0x00, 0x00, 0x00, 0x00, 0x00, 0x00, 0x00, 0x00, 0x00, 0x32, 0x0D, 0x00, 0x00, 0x00, 0x00, 0x00, 0x00,
    0x00, 0x00, 0x00, 0x0C, 0xFD, 0x88, 0x00, 0x00, 0x00, 0x00, 0x00, 0x00, 0x00, 0x00, 0x00, 0x14, 0xFF, 0x94, 0x00, 0x00, 0x00, 0x00, 0x00, 0x00,
    0x00, 0x00, 0x00, 0x14, 0xFF, 0x94, 0x00, 0x00, 0x00, 0x00, 0x00, 0x4B, 0xF1, 0xA2, 0x42, 0x15, 0xFF, 0x94, 0x05, 0x4C, 0xA9, 0xD0, 0x08, 0x45,
    0xFB, 0xFF, 0xFF, 0xE5, 0xFF, 0xDF, 0xEC, 0xFF, 0xFF, 0xDA, 0x05, 0x00, 0x1C, 0x82, 0xE6, 0xFF, 0xFF, 0xFF, 0xFD, 0xBA, 0x56, 0x06, 0x00, 0x00,
    0x00, 0x00, 0x40, 0xFE, 0xFB, 0xFF, 0xC7, 0x04, 0x00, 0x00, 0x00, 0x00, 0x00, 0x1E, 0xE9, 0xF9, 0x3F, 0xBF, 0xFF, 0x90, 0x00, 0x00, 0x00, 0x00,
    0x05, 0xCB, 0xFF, 0x60, 0x00, 0x15, 0xE2, 0xFF, 0x48, 0x00, 0x00, 0x00, 0x4C, 0xFF, 0x8C, 0x00, 0x00, 0x00, 0x35, 0xF8, 0xCB, 0x00, 0x00, 0x00,
    0x10, 0x6E, 0x02, 0x00, 0x00, 0x00, 0x00, 0x52, 0x68, 0x00, 0x00, 0x00, 0x00, 0x00, 0x00, 0x00, 0x62, 0xC6, 0x09, 0x00, 0x00, 0x00, 0x00, 0x00,
    0x00, 0x00, 0x00, 0x00, 0x00, 0xA7, 0xFF, 0x27, 0x00, 0x00, 0x00, 0x00, 0x00, 0x00, 0x00, 0x00, 0x00, 0x00, 0xA8, 0xFF, 0x28, 0x00, 0x00, 0x00,
    0x00, 0x00, 0x00, 0x00, 0x00, 0x00, 0x00, 0xA8, 0xFF, 0x28, 0x00, 0x00, 0x00, 0x00, 0x00, 0x00, 0x00, 0x00, 0x00, 0x00, 0xA8, 0xFF, 0x28, 0x00,
    0x00, 0x00, 0x00, 0x00, 0x68, 0xE6, 0xE8, 0xE8, 0xE8, 0xF7, 0xFF, 0xEB, 0xE8, 0xE8, 0xE8, 0xCD, 0x0B, 0x91, 0xFF, 0xFF, 0xFF, 0xFF, 0xFF, 0xFF,
    0xFF, 0xFF, 0xFF, 0xFF, 0xF8, 0x17, 0x02, 0x29, 0x2C, 0x2C, 0x2C, 0xB7, 0xFF, 0x4D, 0x2C, 0x2C, 0x2C, 0x15, 0x00, 0x00, 0x00, 0x00, 0x00, 0x00,
    0xA8, 0xFF, 0x28, 0x00, 0x00, 0x00, 0x00, 0x00, 0x00, 0x00, 0x00, 0x00, 0x00, 0xA8, 0xFF, 0x28, 0x00, 0x00, 0x00, 0x00, 0x00, 0x00, 0x00, 0x00,
    0x00, 0x00, 0xA8, 0xFF, 0x28, 0x00, 0x00, 0x00, 0x00, 0x00, 0x00, 0x00, 0x00, 0x00, 0x00, 0x8F, 0xF8, 0x15, 0x00, 0x00, 0x00, 0x00, 0x00, 0x00,
    0x00, 0x00, 0x00, 0x00, 0x02, 0x13, 0x00, 0x00, 0x00, 0x00, 0x00, 0x00, 0x00, 0x00, 0x06, 0x00, 0x00, 0x98, 0xEE, 0x15, 0x01, 0xF3, 0xFF, 0x24,
    0x22, 0xFF, 0xF3, 0x01, 0x4E, 0xFF, 0xC3, 0x00, 0x7A, 0xFF, 0x91, 0x00, 0xA6, 0xFF, 0x5E, 0x00, 0xBA, 0xFF, 0x27, 0x00, 0x28, 0x4D, 0x00, 0x00,
    0x2B, 0x8D, 0x90, 0x90, 0x90, 0x90, 0x90, 0x7F, 0x08, 0x9D, 0xFF, 0xFF, 0xFF, 0xFF, 0xFF, 0xFF, 0xFF, 0x4C, 0x36, 0xA1, 0xA4, 0xA4, 0xA4, 0xA4,
    0xA4, 0x93, 0x0D, 0x00, 0x2D, 0x19, 0x00, 0x2B, 0xFE, 0xE3, 0x00, 0x4C, 0xFF, 0xFF, 0x07, 0x2D, 0xFE, 0xE7, 0x00, 0x00, 0x32, 0x1E, 0x00, 0x00,
    0x00, 0x00, 0x00, 0x00, 0x00, 0x00, 0x00, 0x00, 0x3C, 0x4F, 0x00, 0x00, 0x00, 0x00, 0x00, 0x00, 0x00, 0x00, 0x00, 0xDF, 0xCF, 0x00, 0x00, 0x00,
    0x00, 0x00, 0x00, 0x00, 0x00, 0x37, 0xFF, 0x89, 0x00, 0x00, 0x00, 0x00, 0x00, 0x00, 0x00, 0x00, 0x8D, 0xFF, 0x35, 0x00, 0x00, 0x00, 0x00, 0x00,
    0x00, 0x00, 0x00, 0xE1, 0xE0, 0x00, 0x00, 0x00, 0x00, 0x00, 0x00, 0x00, 0x00, 0x38, 0xFF, 0x8C, 0x00, 0x00, 0x00, 0x00, 0x00, 0x00, 0x00, 0x00,
    0x8D, 0xFF, 0x37, 0x00, 0x00, 0x00, 0x00, 0x00, 0x00, 0x00, 0x00, 0xE1, 0xE2, 0x01, 0x00, 0x00, 0x00, 0x00, 0x00, 0x00, 0x00, 0x38, 0xFF, 0x8E,
    0x00, 0x00, 0x00, 0x00, 0x00, 0x00, 0x00, 0x00, 0x8D, 0xFF, 0x38, 0x00, 0x00, 0x00, 0x00, 0x00, 0x00, 0x00, 0x01, 0xE1, 0xE2, 0x01, 0x00, 0x00,
    0x00, 0x00, 0x00, 0x00, 0x00, 0x38, 0xFF, 0x8E, 0x00, 0x00, 0x00, 0x00, 0x00, 0x00, 0x00, 0x00, 0x8D, 0xFF, 0x39, 0x00, 0x00, 0x00, 0x00, 0x00,
    0x00, 0x00, 0x00, 0xE1, 0xE3, 0x01, 0x00, 0x00, 0x00, 0x00, 0x00, 0x00, 0x00, 0x37, 0xFF, 0x8F, 0x00, 0x00, 0x00, 0x00, 0x00, 0x00, 0x00, 0x00,
    0x8C, 0xFF, 0x39, 0x00, 0x00, 0x00, 0x00, 0x00, 0x00, 0x00, 0x00, 0xE0, 0xE3, 0x01, 0x00, 0x00, 0x00, 0x00, 0x00, 0x00, 0x00, 0x36, 0xFF, 0x8F,
    0x00, 0x00, 0x00, 0x00, 0x00, 0x00, 0x00, 0x00, 0x8B, 0xFF, 0x39, 0x00, 0x00, 0x00, 0x00, 0x00, 0x00, 0x00, 0x00, 0xDF, 0xE2, 0x01, 0x00, 0x00,
    0x00, 0x00, 0x00, 0x00, 0x00, 0x35, 0xFF, 0x8E, 0x00, 0x00, 0x00, 0x00, 0x00, 0x00, 0x00, 0x00, 0x89, 0xFF, 0x39, 0x00, 0x00, 0x00, 0x00, 0x00,
    0x00, 0x00, 0x00, 0xDD, 0xE2, 0x01, 0x00, 0x00, 0x00, 0x00, 0x00, 0x00, 0x00, 0x32, 0xFF, 0x8E, 0x00, 0x00, 0x00, 0x00, 0x00, 0x00, 0x00, 0x00,
    0x86, 0xFF, 0x39, 0x00, 0x00, 0x00, 0x00, 0x00, 0x00, 0x00, 0x00, 0xDA, 0xE2, 0x01, 0x00, 0x00, 0x00, 0x00, 0x00, 0x00, 0x00, 0x2B, 0xFF, 0x8E,
    0x00, 0x00, 0x00, 0x00, 0x00, 0x00, 0x00, 0x00, 0x1F, 0xD3, 0x2B, 0x00, 0x00, 0x00, 0x00, 0x00, 0x00, 0x00, 0x00, 0x00, 0x00, 0x00, 0x08, 0x42,
    0x66, 0x6C, 0x54, 0x18, 0x00, 0x00, 0x00, 0x00, 0x00, 0x61, 0xEB, 0xFF, 0xFF, 0xFF, 0xFF, 0xFC, 0x9D, 0x0A, 0x00, 0x00, 0x61, 0xFF, 0xFF, 0xFF,
    0xED, 0xE6, 0xFD, 0xFF, 0xFF, 0xB7, 0x00, 0x08, 0xED, 0xFF, 0xC7, 0x2A, 0x00, 0x00, 0x11, 0x90, 0xFF, 0xFF, 0x4D, 0x4F, 0xFF, 0xFB, 0x1B, 0x00,
    0x00, 0x00, 0x00, 0x00, 0xC3, 0xFF, 0xA6, 0x81, 0xFF, 0xC5, 0x00, 0x00, 0x00, 0x00, 0x00, 0x00, 0x6F, 0xFF, 0xD8, 0x97, 0xFF, 0xA8, 0x00, 0x00,
    0x00, 0x00, 0x00, 0x00, 0x51, 0xFF, 0xEE, 0x9F, 0xFF, 0xA4, 0x00, 0x00, 0x00, 0x00, 0x00, 0x00, 0x4C, 0xFF, 0xF7, 0xA0, 0xFF, 0xA4, 0x00, 0x00,
    0x00, 0x00, 0x00, 0x00, 0x4C, 0xFF, 0xF8, 0xA0, 0xFF, 0xA4, 0x00, 0x00, 0x00, 0x00, 0x00, 0x00, 0x4C, 0xFF, 0xF8, 0xA0, 0xFF, 0xA4, 0x00, 0x00,
    0x00, 0x00, 0x00, 0x00, 0x4C, 0xFF, 0xF8, 0xA0, 0xFF, 0xA4, 0x00, 0x00, 0x00, 0x00, 0x00, 0x00, 0x4C, 0xFF, 0xF8, 0xA0, 0xFF, 0xA4, 0x00, 0x00,
    0x00, 0x00, 0x00, 0x00, 0x4C, 0xFF, 0xF8, 0xA0, 0xFF, 0xA4, 0x00, 0x00, 0x00, 0x00, 0x00, 0x00, 0x4C, 0xFF, 0xF8, 0xA0, 0xFF, 0xA4, 0x00, 0x00,
    0x00, 0x00, 0x00, 0x00, 0x4C, 0xFF, 0xF8, 0x9F, 0xFF, 0xA4, 0x00, 0x00, 0x00, 0x00, 0x00, 0x00, 0x4C, 0xFF, 0xF7, 0x96, 0xFF, 0xB0, 0x00, 0x00,
    0x00, 0x00, 0x00, 0x00, 0x5A, 0xFF, 0xED, 0x7E, 0xFF, 0xCD, 0x00, 0x00, 0x00, 0x00, 0x00, 0x00, 0x7B, 0xFF, 0xD4, 0x49, 0xFF, 0xFF, 0x2B, 0x00,
    0x00, 0x00, 0x00, 0x04, 0xD8, 0xFF, 0x9E, 0x05, 0xE6, 0xFF, 0xDF, 0x56, 0x19, 0x13, 0x3C, 0xB8, 0xFF, 0xFF, 0x40, 0x00, 0x4E, 0xFC, 0xFF, 0xFF,
    0xFF, 0xFF, 0xFF, 0xFF, 0xFF, 0x9E, 0x00, 0x00, 0x00, 0x46, 0xD4, 0xFF, 0xFF, 0xFF, 0xFF, 0xED, 0x7A, 0x02, 0x00, 0x00, 0x00, 0x00, 0x00, 0x22,
    0x44, 0x48, 0x30, 0x03, 0x00, 0x00, 0x00, 0x00, 0x00, 0x00, 0x00, 0x01, 0x45, 0x54, 0x00, 0x00, 0x00, 0x07, 0x63, 0xD5, 0xFF, 0xFF, 0x29, 0x07,
    0x7E, 0xE9, 0xFF, 0xFF, 0xFF, 0xFF, 0x38, 0x7A, 0xFF, 0xFF, 0xFF, 0xCA, 0xFF, 0xFF, 0x38, 0x47, 0xE1, 0x95, 0x2D, 0x10, 0xFF, 0xFF, 0x38, 0x00,
    0x00, 0x00, 0x00, 0x10, 0xFF, 0xFF, 0x38, 0x00, 0x00, 0x00, 0x00, 0x10, 0xFF, 0xFF, 0x38, 0x00, 0x00, 0x00, 0x00, 0x10, 0xFF, 0xFF, 0x38, 0x00,
    0x00, 0x00, 0x00, 0x10, 0xFF, 0xFF, 0x38, 0x00, 0x00, 0x00, 0x00, 0x10, 0xFF, 0xFF, 0x38, 0x00, 0x00, 0x00, 0x00, 0x10, 0xFF, 0xFF, 0x38, 0x00,
    0x00, 0x00, 0x00, 0x10, 0xFF, 0xFF, 0x38, 0x00, 0x00, 0x00, 0x00, 0x10, 0xFF, 0xFF, 0x38, 0x00, 0x00, 0x00, 0x00, 0x10, 0xFF, 0xFF, 0x38, 0x00,
    0x00, 0x00, 0x00, 0x10, 0xFF, 0xFF, 0x38, 0x00, 0x00, 0x00, 0x00, 0x10, 0xFF, 0xFF, 0x38, 0x00, 0x00, 0x00, 0x00, 0x10, 0xFF, 0xFF, 0x38, 0x00,
    0x00, 0x00, 0x00, 0x10, 0xFF, 0xFF, 0x38, 0x00, 0x00, 0x00, 0x00, 0x10, 0xFF, 0xFF, 0x38, 0x00, 0x00, 0x00, 0x00, 0x10, 0xFF, 0xFF, 0x38, 0x00,
    0x00, 0x00, 0x00, 0x10, 0xFF, 0xFF, 0x38, 0x00, 0x00, 0x00, 0x00, 0x03, 0xEE, 0xFA, 0x1C, 0x00, 0x00, 0x00, 0x00, 0x00, 0x21, 0x2B, 0x00, 0x00,
    0x00, 0x00, 0x2A, 0x58, 0x6C, 0x6D, 0x56, 0x1D, 0x00, 0x00, 0x00, 0x00, 0x00, 0x34, 0xD4, 0xFF, 0xFF, 0xFF, 0xFF, 0xFF, 0xFE, 0xAE, 0x16, 0x00,
    0x00, 0x00, 0xB5, 0xFF, 0xFF, 0xFC, 0xE8, 0xF7, 0xFF, 0xFF, 0xFF, 0xD2, 0x09, 0x00, 0x00, 0x40, 0x89, 0x44, 0x05, 0x00, 0x01, 0x29, 0xAF, 0xFF,
    0xFF, 0x6C, 0x00, 0x00, 0x00, 0x00, 0x00, 0x00, 0x00, 0x00, 0x00, 0x05, 0xD0, 0xFF, 0xB8, 0x00, 0x00, 0x00, 0x00, 0x00, 0x00, 0x00, 0x00, 0x00,
    0x00, 0x84, 0xFF, 0xD6, 0x00, 0x00, 0x00, 0x00, 0x00, 0x00, 0x00, 0x00, 0x00, 0x00, 0x6E, 0xFF, 0xD2, 0x00, 0x00, 0x00, 0x00, 0x00, 0x00, 0x00,
    0x00, 0x00, 0x00, 0x92, 0xFF, 0xB2, 0x00, 0x00, 0x00, 0x00, 0x00, 0x00, 0x00, 0x00, 0x00, 0x02, 0xDF, 0xFF, 0x70, 0x00, 0x00, 0x00, 0x00, 0x00,
    0x00, 0x00, 0x00, 0x00, 0x56, 0xFF, 0xF8, 0x16, 0x00, 0x00, 0x00, 0x00, 0x00, 0x00, 0x00, 0x00, 0x09, 0xDC, 0xFF, 0x94, 0x00, 0x00, 0x00, 0x00,
    0x00, 0x00, 0x00, 0x00, 0x00, 0x8E, 0xFF, 0xEA, 0x11, 0x00, 0x00, 0x00, 0x00, 0x00, 0x00, 0x00, 0x00, 0x48, 0xFE, 0xFF, 0x4D, 0x00, 0x00, 0x00,
    0x00, 0x00, 0x00, 0x00, 0x00, 0x18, 0xE9, 0xFF, 0x90, 0x00, 0x00, 0x00, 0x00, 0x00, 0x00, 0x00, 0x00, 0x02, 0xBB, 0xFF, 0xCC, 0x06, 0x00, 0x00,
    0x00, 0x00, 0x00, 0x00, 0x00, 0x00, 0x7A, 0xFF, 0xF0, 0x22, 0x00, 0x00, 0x00, 0x00, 0x00, 0x00, 0x00, 0x00, 0x39, 0xFB, 0xFF, 0x53, 0x00, 0x00,
    0x00, 0x00, 0x00, 0x00, 0x00, 0x00, 0x10, 0xE0, 0xFF, 0x91, 0x00, 0x00, 0x00, 0x00, 0x00, 0x00, 0x00, 0x00, 0x00, 0xAB, 0xFF, 0xCA, 0x06, 0x00,
    0x00, 0x00, 0x00, 0x00, 0x00, 0x00, 0x00, 0x67, 0xFF, 0xFF, 0x7C, 0x5C, 0x5C, 0x5C, 0x5C, 0x5C, 0x5C, 0x4B, 0x01, 0x05, 0xF4, 0xFF, 0xFF, 0xFF,
    0xFF, 0xFF, 0xFF, 0xFF, 0xFF, 0xFF, 0xFF, 0x51, 0x01, 0xCB, 0xFF, 0xFF, 0xFF, 0xFF, 0xFF, 0xFF, 0xFF, 0xFF, 0xFF, 0xEF, 0x2C, 0x00, 0x00, 0x2D,
    0x56, 0x6D, 0x63, 0x38, 0x02, 0x00, 0x00, 0x00, 0x2E, 0xCD, 0xFF, 0xFF, 0xFF, 0xFF, 0xFF, 0xDE, 0x4D, 0x00, 0x00, 0xAC, 0xFF, 0xFF, 0xF4, 0xE0,
    0xF9, 0xFF, 0xFF, 0xFD, 0x52, 0x00, 0x36, 0x77, 0x31, 0x00, 0x00, 0x02, 0x44, 0xD7, 0xFF, 0xE3, 0x02, 0x00, 0x00, 0x00, 0x00, 0x00, 0x00, 0x00,
    0x28, 0xFB, 0xFF, 0x31, 0x00, 0x00, 0x00, 0x00, 0x00, 0x00, 0x00, 0x00, 0xD3, 0xFF, 0x4F, 0x00, 0x00, 0x00, 0x00, 0x00, 0x00, 0x00, 0x00, 0xBB,
    0xFF, 0x47, 0x00, 0x00, 0x00, 0x00, 0x00, 0x00, 0x00, 0x00, 0xE1, 0xFF, 0x24, 0x00, 0x00, 0x00, 0x00, 0x00, 0x00, 0x00, 0x5E, 0xFF, 0xCB, 0x00,
    0x00, 0x00, 0x00, 0x0C, 0x17, 0x39, 0x90, 0xFB, 0xF8, 0x34, 0x00, 0x00, 0x00, 0x78, 0xFF, 0xFF, 0xFF, 0xFF, 0xE1, 0x37, 0x00, 0x00, 0x00, 0x00,
    0x8F, 0xFF, 0xFF, 0xFF, 0xFF, 0xFC, 0x97, 0x07, 0x00, 0x00, 0x00, 0x05, 0x3A, 0x44, 0x57, 0x9E, 0xF9, 0xFF, 0xA4, 0x00, 0x00, 0x00, 0x00, 0x00,
    0x00, 0x00, 0x00, 0x43, 0xFC, 0xFF, 0x3E, 0x00, 0x00, 0x00, 0x00, 0x00, 0x00, 0x00, 0x00, 0xAB, 0xFF, 0x9A, 0x00, 0x00, 0x00, 0x00, 0x00, 0x00,
    0x00, 0x00, 0x74, 0xFF, 0xBF, 0x00, 0x00, 0x00, 0x00, 0x00, 0x00, 0x00, 0x00, 0x68, 0xFF, 0xC5, 0x00, 0x00, 0x00, 0x00, 0x00, 0x00, 0x00, 0x00,
    0x95, 0xFF, 0xA2, 0x00, 0x00, 0x00, 0x00, 0x00, 0x00, 0x00, 0x25, 0xF3, 0xFF, 0x54, 0x48, 0x63, 0x2D, 0x0A, 0x0B, 0x28, 0x72, 0xEC, 0xFF, 0xCA,
    0x02, 0xEC, 0xFF, 0xFF, 0xFF, 0xFF, 0xFF, 0xFF, 0xFF, 0xD9, 0x1D, 0x00, 0x6E, 0xF1, 0xFF, 0xFF, 0xFF, 0xFF, 0xF0, 0x8D, 0x0F, 0x00, 0x00, 0x00,
    0x06, 0x32, 0x4A, 0x48, 0x30, 0x03, 0x00, 0x00, 0x00, 0x00, 0x00, 0x00, 0x00, 0x00, 0x00, 0x00, 0x10, 0x60, 0x0B, 0x00, 0x00, 0x00, 0x00, 0x00,
    0x00, 0x00, 0x00, 0x00, 0x00, 0x00, 0x9D, 0xFF, 0x72, 0x00, 0x00, 0x00, 0x00, 0x00, 0x00, 0x00, 0x00, 0x00, 0x00, 0x0B, 0xF4, 0xFF, 0x52, 0x00,
    0x00, 0x00, 0x00, 0x00, 0x00, 0x00, 0x00, 0x00, 0x00, 0x5D, 0xFF, 0xF0, 0x07, 0x00, 0x00, 0x00, 0x00, 0x00, 0x00, 0x00, 0x00, 0x00, 0x00, 0xBA,
    0xFF, 0x9A, 0x00, 0x00, 0x00, 0x00, 0x00, 0x00, 0x00, 0x00, 0x00, 0x00, 0x1B, 0xFD, 0xFF, 0x3D, 0x00, 0x00, 0x00, 0x00, 0x00, 0x00, 0x00, 0x00,
    0x00, 0x00, 0x76, 0xFF, 0xDD, 0x01, 0x00, 0x00, 0x00, 0x00, 0x00, 0x00, 0x00, 0x00, 0x00, 0x00, 0xD3, 0xFF, 0x80, 0x00, 0x00, 0x00, 0x00, 0x00,
    0x00, 0x00, 0x00, 0x00, 0x00, 0x30, 0xFF, 0xFE, 0x22, 0x00, 0x00, 0x00, 0x00, 0x00, 0x00, 0x00, 0x00, 0x00, 0x00, 0x8D, 0xFF, 0xC2, 0x00, 0x00,
    0x00, 0x00, 0x00, 0x00, 0x00, 0x00, 0x00, 0x00, 0x03, 0xE7, 0xFF, 0x63, 0x00, 0x00, 0x00, 0x59, 0xA3, 0x10, 0x00, 0x00, 0x00, 0x00, 0x47, 0xFF,
    0xF5, 0x0D, 0x00, 0x00, 0x00, 0xDA, 0xFF, 0x5D, 0x00, 0x00, 0x00, 0x00, 0xA2, 0xFF, 0xA4, 0x00, 0x00, 0x00, 0x00, 0xE0, 0xFF, 0x64, 0x00, 0x00,
    0x00, 0x0A, 0xF3, 0xFF, 0x44, 0x00, 0x00, 0x00, 0x00, 0xE0, 0xFF, 0x64, 0x00, 0x00, 0x00, 0x58, 0xFF, 0xE3, 0x02, 0x00, 0x00, 0x00, 0x00, 0xE0,
    0xFF, 0x64, 0x00, 0x00, 0x00, 0xB0, 0xFF, 0xAF, 0x44, 0x44, 0x44, 0x44, 0x44, 0xE8, 0xFF, 0x8D, 0x43, 0x11, 0x06, 0xF8, 0xFF, 0xFF, 0xFF, 0xFF,
    0xFF, 0xFF, 0xFF, 0xFF, 0xFF, 0xFF, 0xFF, 0xC6, 0x00, 0xD2, 0xFF, 0xFF, 0xFF, 0xFF, 0xFF, 0xFF, 0xFF, 0xFF, 0xFF, 0xFF, 0xFF, 0xA8, 0x00, 0x02,
    0x13, 0x14, 0x14, 0x14, 0x14, 0x14, 0x14, 0xE2, 0xFF, 0x70, 0x13, 0x01, 0x00, 0x00, 0x00, 0x00, 0x00, 0x00, 0x00, 0x00, 0x00, 0xE0, 0xFF, 0x64,
    0x00, 0x00, 0x00, 0x00, 0x00, 0x00, 0x00, 0x00, 0x00, 0x00, 0x00, 0xE0, 0xFF, 0x64, 0x00, 0x00, 0x00, 0x00, 0x00, 0x00, 0x00, 0x00, 0x00, 0x00,
    0x00, 0xC2, 0xFF, 0x45, 0x00, 0x00, 0x00, 0x00, 0x00, 0x00, 0x00, 0x00, 0x00, 0x00, 0x00, 0x14, 0x39, 0x00, 0x00, 0x00, 0x00, 0x06, 0x23, 0x24,
    0x24, 0x24, 0x24, 0x24, 0x24, 0x1E, 0x00, 0x00, 0x00, 0xB0, 0xFF, 0xFF, 0xFF, 0xFF, 0xFF, 0xFF, 0xFF, 0xFF, 0x69, 0x00, 0x00, 0xD0, 0xFF, 0xFF,
    0xFF, 0xFF, 0xFF, 0xFF, 0xFF, 0xFF, 0x73, 0x00, 0x00, 0xD0, 0xFF, 0x6A, 0x38, 0x38, 0x38, 0x38, 0x38, 0x32, 0x01, 0x00, 0x00, 0xD0, 0xFF, 0x40,
    0x00, 0x00, 0x00, 0x00, 0x00, 0x00, 0x00, 0x00, 0x00, 0xD0, 0xFF, 0x40, 0x00, 0x00, 0x00, 0x00, 0x00, 0x00, 0x00, 0x00, 0x00, 0xD0, 0xFF, 0x40,
    0x00, 0x00, 0x00, 0x00, 0x00, 0x00, 0x00, 0x00, 0x00, 0xD0, 0xFF, 0x40, 0x00, 0x00, 0x00, 0x00, 0x00, 0x00, 0x00, 0x00, 0x00, 0xD0, 0xFF, 0x40,
    0x00, 0x00, 0x00, 0x00, 0x00, 0x00, 0x00, 0x00, 0x00, 0xD0, 0xFF, 0x76, 0x77, 0x90, 0x8A, 0x61, 0x14, 0x00, 0x00, 0x00, 0x00, 0xD0, 0xFF, 0xFF,
    0xFF, 0xFF, 0xFF, 0xFF, 0xF4, 0x69, 0x00, 0x00, 0x00, 0xC8, 0xFF, 0xE0, 0xBC, 0xB3, 0xD6, 0xFF, 0xFF, 0xFF, 0x5C, 0x00, 0x00, 0x29, 0x23, 0x00,
    0x00, 0x00, 0x00, 0x39, 0xE4, 0xFF, 0xE3, 0x04, 0x00, 0x00, 0x00, 0x00, 0x00, 0x00, 0x00, 0x00, 0x45, 0xFF, 0xFF, 0x36, 0x00, 0x00, 0x00, 0x00,
    0x00, 0x00, 0x00, 0x00, 0x00, 0xEB, 0xFF, 0x5E, 0x00, 0x00, 0x00, 0x00, 0x00, 0x00, 0x00, 0x00, 0x00, 0xCD, 0xFF, 0x6B, 0x00, 0x00, 0x00, 0x00,
    0x00, 0x00, 0x00, 0x00, 0x00, 0xD6, 0xFF, 0x5B, 0x00, 0x00, 0x00, 0x00, 0x00, 0x00, 0x00, 0x00, 0x0E, 0xFB, 0xFF, 0x2E, 0x00, 0x00, 0x00, 0x00,
    0x00, 0x00, 0x00, 0x00, 0x88, 0xFF, 0xDA, 0x01, 0x15, 0x75, 0x4C, 0x1E, 0x09, 0x10, 0x3C, 0xA1, 0xFF, 0xFF, 0x54, 0x00, 0x6C, 0xFF, 0xFF, 0xFF,
    0xFF, 0xFF, 0xFF, 0xFF, 0xFF, 0x83, 0x00, 0x00, 0x18, 0xBE, 0xFF, 0xFF, 0xFF, 0xFF, 0xFF, 0xD1, 0x50, 0x00, 0x00, 0x00, 0x00, 0x00, 0x17, 0x3F,
    0x4D, 0x41, 0x1D, 0x00, 0x00, 0x00, 0x00, 0x00, 0x00, 0x00, 0x00, 0x00, 0x00, 0x00, 0x2D, 0x52, 0x00, 0x00, 0x00, 0x00, 0x00, 0x00, 0x00, 0x00,
    0x00, 0x00, 0x0C, 0xEA, 0xFF, 0x26, 0x00, 0x00, 0x00, 0x00, 0x00, 0x00, 0x00, 0x00, 0x00, 0x71, 0xFF, 0xE9, 0x05, 0x00, 0x00, 0x00, 0x00, 0x00,
    0x00, 0x00, 0x00, 0x04, 0xE1, 0xFF, 0x81, 0x00, 0x00, 0x00, 0x00, 0x00, 0x00, 0x00, 0x00, 0x00, 0x5B, 0xFF, 0xF8, 0x17, 0x00, 0x00, 0x00, 0x00,
    0x00, 0x00, 0x00, 0x00, 0x00, 0xCF, 0xFF, 0x9C, 0x00, 0x00, 0x00, 0x00, 0x00, 0x00, 0x00, 0x00, 0x00, 0x44, 0xFF, 0xFE, 0x29, 0x00, 0x00, 0x00,
    0x00, 0x00, 0x00, 0x00, 0x00, 0x00, 0xB8, 0xFF, 0xB2, 0x00, 0x00, 0x00, 0x00, 0x00, 0x00, 0x00, 0x00, 0x00, 0x2D, 0xFF, 0xFF, 0x3D, 0x00, 0x00,
    0x00, 0x00, 0x00, 0x00, 0x00, 0x00, 0x00, 0xA0, 0xFF, 0xEE, 0x8D, 0xA9, 0x9B, 0x62, 0x0B, 0x00, 0x00, 0x00, 0x00, 0x1A, 0xF9, 0xFF, 0xFF, 0xFF,
    0xFF, 0xFF, 0xFF, 0xE5, 0x38, 0x00, 0x00, 0x00, 0x86, 0xFF, 0xFF, 0xF9, 0xC8, 0xB9, 0xDC, 0xFF, 0xFF, 0xF1, 0x22, 0x00, 0x06, 0xED, 0xFF, 0xC6,
    0x19, 0x00, 0x00, 0x00, 0x4B, 0xF3, 0xFF, 0xA9, 0x00, 0x3D, 0xFF, 0xFB, 0x1E, 0x00, 0x00, 0x00, 0x00, 0x00, 0x72, 0xFF, 0xFA, 0x0A, 0x74, 0xFF,
    0xC6, 0x00, 0x00, 0x00, 0x00, 0x00, 0x00, 0x1C, 0xFF, 0xFF, 0x39, 0x8D, 0xFF, 0xA9, 0x00, 0x00, 0x00, 0x00, 0x00, 0x00, 0x01, 0xFD, 0xFF, 0x4D,
    0x8F, 0xFF, 0xAD, 0x00, 0x00, 0x00, 0x00, 0x00, 0x00, 0x03, 0xFE, 0xFF, 0x47, 0x72, 0xFF, 0xD7, 0x00, 0x00, 0x00, 0x00, 0x00, 0x00, 0x2C, 0xFF,
    0xFF, 0x28, 0x32, 0xFF, 0xFF, 0x43, 0x00, 0x00, 0x00, 0x00, 0x00, 0x97, 0xFF, 0xE4, 0x01, 0x00, 0xC2, 0xFF, 0xEF, 0x64, 0x18, 0x08, 0x28, 0x92,
    0xFF, 0xFF, 0x72, 0x00, 0x00, 0x23, 0xE9, 0xFF, 0xFF, 0xFF, 0xFF, 0xFF, 0xFF, 0xFF, 0xB7, 0x03, 0x00, 0x00, 0x00, 0x20, 0xB0, 0xFD, 0xFF, 0xFF,
    0xFF, 0xF1, 0x83, 0x05, 0x00, 0x00, 0x00, 0x00, 0x00, 0x00, 0x12, 0x3E, 0x4A, 0x35, 0x05, 0x00, 0x00, 0x00, 0x00, 0x00, 0x10, 0x24, 0x24, 0x24,
    0x24, 0x24, 0x24, 0x24, 0x24, 0x24, 0x12, 0x00, 0x17, 0xF2, 0xFF, 0xFF, 0xFF, 0xFF, 0xFF, 0xFF, 0xFF, 0xFF, 0xFF, 0xF6, 0x15, 0x1B, 0xF8, 0xFF,
    0xFF, 0xFF, 0xFF, 0xFF, 0xFF, 0xFF, 0xFF, 0xFF, 0xFF, 0x20, 0x00, 0x1D, 0x38, 0x38, 0x38, 0x38, 0x38, 0x38, 0x38, 0x84, 0xFF, 0xD4, 0x00, 0x00,
    0x00, 0x00, 0x00, 0x00, 0x00, 0x00, 0x00, 0x00, 0xAE, 0xFF, 0x80, 0x00, 0x00, 0x00, 0x00, 0x00, 0x00, 0x00, 0x00, 0x00, 0x0C, 0xF6, 0xFF, 0x2C,
    0x00, 0x00, 0x00, 0x00, 0x00, 0x00, 0x00, 0x00, 0x00, 0x59, 0xFF, 0xD9, 0x00, 0x00, 0x00, 0x00, 0x00, 0x00, 0x00, 0x00, 0x00, 0x00, 0xAE, 0xFF,
    0x86, 0x00, 0x00, 0x00, 0x00, 0x00, 0x00, 0x00, 0x00, 0x00, 0x0C, 0xF7, 0xFF, 0x33, 0x00, 0x00, 0x00, 0x00, 0x00, 0x00, 0x00, 0x00, 0x00, 0x59,
    0xFF, 0xDF, 0x00, 0x00, 0x00, 0x00, 0x00, 0x00, 0x00, 0x00, 0x00, 0x00, 0xAF, 0xFF, 0x8C, 0x00, 0x00, 0x00, 0x00, 0x00, 0x00, 0x00, 0x00, 0x00,
    0x0D, 0xF7, 0xFF, 0x3A, 0x00, 0x00, 0x00, 0x00, 0x00, 0x00, 0x00, 0x00, 0x00, 0x5A, 0xFF, 0xE6, 0x01, 0x00, 0x00, 0x00, 0x00, 0x00, 0x00, 0x00,
    0x00, 0x00, 0xAE, 0xFF, 0x95, 0x00, 0x00, 0x00, 0x00, 0x00, 0x00, 0x00, 0x00, 0x00, 0x0C, 0xF7, 0xFF, 0x42, 0x00, 0x00, 0x00, 0x00, 0x00, 0x00,
    0x00, 0x00, 0x00, 0x58, 0xFF, 0xEC, 0x03, 0x00, 0x00, 0x00, 0x00, 0x00, 0x00, 0x00, 0x00, 0x00, 0xAD, 0xFF, 0x9D, 0x00, 0x00, 0x00, 0x00, 0x00,
    0x00, 0x00, 0x00, 0x00, 0x0B, 0xF6, 0xFF, 0x4A, 0x00, 0x00, 0x00, 0x00, 0x00, 0x00, 0x00, 0x00, 0x00, 0x56, 0xFF, 0xF1, 0x06, 0x00, 0x00, 0x00,
    0x00, 0x00, 0x00, 0x00, 0x00, 0x00, 0xAA, 0xFF, 0xA5, 0x00, 0x00, 0x00, 0x00, 0x00, 0x00, 0x00, 0x00, 0x00, 0x08, 0xF3, 0xFF, 0x53, 0x00, 0x00,
    0x00, 0x00, 0x00, 0x00, 0x00, 0x00, 0x00, 0x0F, 0xF7, 0xE9, 0x0A, 0x00, 0x00, 0x00, 0x00, 0x00, 0x00, 0x00, 0x00, 0x00, 0x00, 0x29, 0x1F, 0x00,
    0x00, 0x00, 0x00, 0x00, 0x00, 0x00, 0x00, 0x00, 0x00, 0x04, 0x3C, 0x66, 0x6B, 0x4B, 0x0C, 0x00, 0x00, 0x00, 0x00, 0x00, 0x42, 0xDD, 0xFF, 0xFF,
    0xFF, 0xFF, 0xF0, 0x69, 0x00, 0x00, 0x00, 0x3C, 0xFA, 0xFF, 0xFF, 0xE9, 0xE8, 0xFF, 0xFF, 0xFF, 0x6E, 0x00, 0x00, 0xCF, 0xFF, 0xDD, 0x36, 0x00,
    0x00, 0x1A, 0xB8, 0xFF, 0xF4, 0x13, 0x26, 0xFF, 0xFF, 0x3C, 0x00, 0x00, 0x00, 0x00, 0x0F, 0xED, 0xFF, 0x5E, 0x50, 0xFF, 0xEA, 0x00, 0x00, 0x00,
    0x00, 0x00, 0x00, 0xAD, 0xFF, 0x88, 0x5A, 0xFF, 0xD9, 0x00, 0x00, 0x00, 0x00, 0x00, 0x00, 0x9A, 0xFF, 0x91, 0x46, 0xFF, 0xF6, 0x04, 0x00, 0x00,
    0x00, 0x00, 0x00, 0xBB, 0xFF, 0x7B, 0x10, 0xFB, 0xFF, 0x60, 0x00, 0x00, 0x00, 0x00, 0x23, 0xFB, 0xFF, 0x3D, 0x00, 0x9D, 0xFF, 0xF3, 0x68, 0x1C,
    0x1B, 0x50, 0xDE, 0xFF, 0xC9, 0x02, 0x00, 0x0F, 0xC2, 0xFF, 0xFF, 0xFF, 0xFF, 0xFF, 0xFF, 0xDE, 0x21, 0x00, 0x00, 0x1E, 0xD1, 0xFF, 0xFF, 0xFF,
    0xFF, 0xFF, 0xFF, 0xEF, 0x46, 0x00, 0x03, 0xCB, 0xFF, 0xF6, 0x87, 0x42, 0x3C, 0x70, 0xE6, 0xFF, 0xF1, 0x1D, 0x51, 0xFF, 0xFF, 0x4E, 0x00, 0x00,
    0x00, 0x00, 0x21, 0xF5, 0xFF, 0x89, 0x9C, 0xFF, 0xC5, 0x00, 0x00, 0x00, 0x00, 0x00, 0x00, 0x8C, 0xFF, 0xCF, 0xBB, 0xFF, 0x8E, 0x00, 0x00, 0x00,
    0x00, 0x00, 0x00, 0x55, 0xFF, 0xEA, 0xC6, 0xFF, 0x86, 0x00, 0x00, 0x00, 0x00, 0x00, 0x00, 0x51, 0xFF, 0xEF, 0xAF, 0xFF, 0xB0, 0x00, 0x00, 0x00,
    0x00, 0x00, 0x00, 0x7B, 0xFF, 0xD4, 0x74, 0xFF, 0xFB, 0x26, 0x00, 0x00, 0x00, 0x00, 0x09, 0xE4, 0xFF, 0x96, 0x15, 0xF4, 0xFF, 0xDD, 0x54, 0x18,
    0x13, 0x40, 0xC3, 0xFF, 0xFB, 0x2B, 0x00, 0x5A, 0xFD, 0xFF, 0xFF, 0xFF, 0xFF, 0xFF, 0xFF, 0xFF, 0x71, 0x00, 0x00, 0x00, 0x48, 0xD4, 0xFF, 0xFF,
    0xFF, 0xFF, 0xDB, 0x54, 0x00, 0x00, 0x00, 0x00, 0x00, 0x00, 0x24, 0x46, 0x46, 0x27, 0x00, 0x00, 0x00, 0x00, 0x00, 0x00, 0x00, 0x08, 0x44, 0x67,
    0x6A, 0x4B, 0x0D, 0x00, 0x00, 0x00, 0x00, 0x00, 0x62, 0xEB, 0xFF, 0xFF, 0xFF, 0xFF, 0xF3, 0x79, 0x01, 0x00, 0x00, 0x71, 0xFF, 0xFF, 0xFF, 0xE4,
    0xE0, 0xFD, 0xFF, 0xFF, 0x94, 0x00, 0x23, 0xFB, 0xFF, 0xB5, 0x1F, 0x00, 0x00, 0x12, 0x94, 0xFF, 0xFF, 0x40, 0x87, 0xFF, 0xE1, 0x09, 0x00, 0x00,
    0x00, 0x00, 0x00, 0xBA, 0xFF, 0xA9, 0xC4, 0xFF, 0x8D, 0x00, 0x00, 0x00, 0x00, 0x00, 0x00, 0x5B, 0xFF, 0xE4, 0xDF, 0xFF, 0x6A, 0x00, 0x00, 0x00,
    0x00, 0x00, 0x00, 0x37, 0xFF, 0xFB, 0xE0, 0xFF, 0x75, 0x00, 0x00, 0x00, 0x00, 0x00, 0x00, 0x38, 0xFF, 0xF7, 0xC9, 0xFF, 0x9B, 0x00, 0x00, 0x00,
    0x00, 0x00, 0x00, 0x5B, 0xFF, 0xD9, 0x8F, 0xFF, 0xF2, 0x11, 0x00, 0x00, 0x00, 0x00, 0x00, 0xB9, 0xFF, 0xA1, 0x2D, 0xFE, 0xFF, 0xBD, 0x23, 0x00,
    0x00, 0x0F, 0x8F, 0xFF, 0xFF, 0x50, 0x00, 0x8A, 0xFF, 0xFF, 0xFF, 0xE5, 0xDE, 0xFB, 0xFF, 0xFF, 0xE6, 0x06, 0x00, 0x01, 0x80, 0xF8, 0xFF, 0xFF,
    0xFF, 0xFF, 0xFF, 0xFF, 0x79, 0x00, 0x00, 0x00, 0x00, 0x17, 0x5E, 0x7C, 0x6C, 0xA6, 0xFF, 0xF3, 0x10, 0x00, 0x00, 0x00, 0x00, 0x00, 0x00, 0x00,
    0x03, 0xDE, 0xFF, 0x8E, 0x00, 0x00, 0x00, 0x00, 0x00, 0x00, 0x00, 0x00, 0x58, 0xFF, 0xFA, 0x1D, 0x00, 0x00, 0x00, 0x00, 0x00, 0x00, 0x00, 0x00,
    0xCD, 0xFF, 0xA2, 0x00, 0x00, 0x00, 0x00, 0x00, 0x00, 0x00, 0x00, 0x41, 0xFF, 0xFF, 0x2D, 0x00, 0x00, 0x00, 0x00, 0x00, 0x00, 0x00, 0x00, 0xB4,
    0xFF, 0xB6, 0x00, 0x00, 0x00, 0x00, 0x00, 0x00, 0x00, 0x00, 0x27, 0xFE, 0xFF, 0x41, 0x00, 0x00, 0x00, 0x00, 0x00, 0x00, 0x00, 0x00, 0x93, 0xFF,
    0xCB, 0x00, 0x00, 0x00, 0x00, 0x00, 0x00, 0x00, 0x00, 0x00, 0xB2, 0xFF, 0x4E, 0x00, 0x00, 0x00, 0x00, 0x00, 0x00, 0x00, 0x00, 0x00, 0x11, 0x37,
    0x00, 0x00, 0x00, 0x00, 0x00, 0x00, 0x00, 0x2D, 0x19, 0x00, 0x2B, 0xFE, 0xE3, 0x00, 0x4C, 0xFF, 0xFF, 0x07, 0x2D, 0xFE, 0xE7, 0x00, 0x00, 0x32,
    0x1E, 0x00, 0x00, 0x00, 0x00, 0x00, 0x00, 0x00, 0x00, 0x00, 0x00, 0x00, 0x00, 0x00, 0x00, 0x00, 0x00, 0x00, 0x00, 0x00, 0x00, 0x00, 0x00, 0x00,
    0x00, 0x00, 0x00, 0x00, 0x00, 0x00, 0x00, 0x2D, 0x19, 0x00, 0x2B, 0xFE, 0xE3, 0x00, 0x4C, 0xFF, 0xFF, 0x07, 0x2D, 0xFE, 0xE7, 0x00, 0x00, 0x32,
    0x1E, 0x00, 0x00, 0x2D, 0x19, 0x00, 0x2B, 0xFE, 0xE3, 0x00, 0x4C, 0xFF, 0xFF, 0x07, 0x2D, 0xFE, 0xE7, 0x00, 0x00, 0x32, 0x1E, 0x00, 0x00, 0x00,
    0x00, 0x00, 0x00, 0x00, 0x00, 0x00, 0x00, 0x00, 0x00, 0x00, 0x00, 0x00, 0x00, 0x00, 0x00, 0x00, 0x00, 0x00, 0x00, 0x00, 0x00, 0x00, 0x00, 0x00,
    0x00, 0x00, 0x00, 0x00, 0x06, 0x00, 0x00, 0x98, 0xEE, 0x15, 0x01, 0xF3, 0xFF, 0x24, 0x22, 0xFF, 0xF3, 0x01, 0x4E, 0xFF, 0xC3, 0x00, 0x7A, 0xFF,
    0x91, 0x00, 0xA6, 0xFF, 0x5E, 0x00, 0xBA, 0xFF, 0x27, 0x00, 0x28, 0x4D, 0x00, 0x00, 0x00, 0x00, 0x00, 0x00, 0x00, 0x00, 0x00, 0x00, 0x05, 0x56,
    0x09, 0x00, 0x00, 0x00, 0x00, 0x00, 0x00, 0x00, 0x38, 0xD3, 0xFF, 0x4F, 0x00, 0x00, 0x00, 0x00, 0x00, 0x0B, 0x91, 0xFD, 0xFE, 0x93, 0x08, 0x00,
    0x00, 0x00, 0x00, 0x46, 0xDF, 0xFF, 0xDA, 0x3E, 0x00, 0x00, 0x00, 0x00, 0x11, 0x9F, 0xFF, 0xFC, 0x8A, 0x08, 0x00, 0x00, 0x00, 0x00, 0x4F, 0xE7,
    0xFF, 0xCF, 0x32, 0x00, 0x00, 0x00, 0x00, 0x00, 0x35, 0xFF, 0xF7, 0x78, 0x04, 0x00, 0x00, 0x00, 0x00, 0x00, 0x00, 0x51, 0xFF, 0xB5, 0x12, 0x00,
    0x00, 0x00, 0x00, 0x00, 0x00, 0x00, 0x0A, 0xBD, 0xFF, 0xEA, 0x5E, 0x00, 0x00, 0x00, 0x00, 0x00, 0x00, 0x00, 0x02, 0x6D, 0xF3, 0xFF, 0xBE, 0x26,
    0x00, 0x00, 0x00, 0x00, 0x00, 0x00, 0x00, 0x1F, 0xB7, 0xFF, 0xF8, 0x80, 0x07, 0x00, 0x00, 0x00, 0x00, 0x00, 0x00, 0x00, 0x5C, 0xEB, 0xFF, 0xD9,
    0x41, 0x00, 0x00, 0x00, 0x00, 0x00, 0x00, 0x00, 0x14, 0xA2, 0xFF, 0xFF, 0x3D, 0x00, 0x00, 0x00, 0x00, 0x00, 0x00, 0x00, 0x00, 0x44, 0xC0, 0x23,
    0x0E, 0x46, 0x48, 0x48, 0x48, 0x48, 0x48, 0x48, 0x48, 0x48, 0x48, 0x28, 0x00, 0xAD, 0xFF, 0xFF, 0xFF, 0xFF, 0xFF, 0xFF, 0xFF, 0xFF, 0xFF, 0xFF,
    0xFA, 0x0B, 0x5E, 0xC6, 0xC8, 0xC8, 0xC8, 0xC8, 0xC8, 0xC8, 0xC8, 0xC8, 0xC8, 0xA3, 0x02, 0x00, 0x00, 0x00, 0x00, 0x00, 0x00, 0x00, 0x00, 0x00,
    0x00, 0x00, 0x00, 0x00, 0x00, 0x00, 0x00, 0x00, 0x00, 0x00, 0x00, 0x00, 0x00, 0x00, 0x00, 0x00, 0x00, 0x00, 0x00, 0x00, 0x00, 0x00, 0x00, 0x00,
    0x00, 0x00, 0x00, 0x00, 0x00, 0x00, 0x00, 0x00, 0x00, 0x00, 0x00, 0x00, 0x00, 0x00, 0x00, 0x00, 0x00, 0x00, 0x00, 0x50, 0xB2, 0xB4, 0xB4, 0xB4,
    0xB4, 0xB4, 0xB4, 0xB4, 0xB4, 0xB4, 0x8F, 0x01, 0xB1, 0xFF, 0xFF, 0xFF, 0xFF, 0xFF, 0xFF, 0xFF, 0xFF, 0xFF, 0xFF, 0xFD, 0x0C, 0x18, 0x5A, 0x5C,
    0x5C, 0x5C, 0x5C, 0x5C, 0x5C, 0x5C, 0x5C, 0x5C, 0x39, 0x00, 0x43, 0x2D, 0x00, 0x00, 0x00, 0x00, 0x00, 0x00, 0x00, 0x00, 0xE9, 0xFA, 0x81, 0x06,
    0x00, 0x00, 0x00, 0x00, 0x00, 0x00, 0x4E, 0xEA, 0xFF, 0xD4, 0x36, 0x00, 0x00, 0x00, 0x00, 0x00, 0x00, 0x13, 0xA2, 0xFF, 0xFC, 0x8D, 0x0A, 0x00,
    0x00, 0x00, 0x00, 0x00, 0x00, 0x46, 0xDF, 0xFF, 0xDC, 0x41, 0x00, 0x00, 0x00, 0x00, 0x00, 0x00, 0x0B, 0x8E, 0xFD, 0xFE, 0x99, 0x0C, 0x00, 0x00,
    0x00, 0x00, 0x00, 0x00, 0x35, 0xD1, 0xFF, 0x9D, 0x00, 0x00, 0x00, 0x00, 0x00, 0x00, 0x00, 0x5E, 0xFC, 0xB9, 0x00, 0x00, 0x00, 0x00, 0x00, 0x24,
    0xBA, 0xFF, 0xF1, 0x43, 0x00, 0x00, 0x00, 0x06, 0x7C, 0xF7, 0xFF, 0xB4, 0x1C, 0x00, 0x00, 0x00, 0x3F, 0xD7, 0xFF, 0xEA, 0x5A, 0x00, 0x00, 0x00,
    0x14, 0x9F, 0xFF, 0xFF, 0xA3, 0x14, 0x00, 0x00, 0x00, 0x00, 0xD2, 0xFF, 0xDF, 0x47, 0x00, 0x00, 0x00, 0x00, 0x00, 0x00, 0x97, 0x88, 0x0A, 0x00,
    0x00, 0x00, 0x00, 0x00, 0x00, 0x00, 0x00, 0x00, 0x00, 0x13, 0x53, 0x6D, 0x64, 0x38, 0x02, 0x00, 0x00, 0x00, 0x00, 0x04, 0x87, 0xF8, 0xFF, 0xFF,
    0xFF, 0xFF, 0xD6, 0x32, 0x00, 0x00, 0x00, 0x9E, 0xFF, 0xFF, 0xEA, 0xC6, 0xD9, 0xFC, 0xFF, 0xEF, 0x1F, 0x00, 0x36, 0xFF, 0xFF, 0x7A, 0x03, 0x00,
    0x00, 0x2D, 0xDE, 0xFF, 0x9A, 0x00, 0x83, 0xFF, 0xCA, 0x00, 0x00, 0x00, 0x00, 0x00, 0x57, 0xFF, 0xE5, 0x00, 0x9E, 0xFF, 0x94, 0x00, 0x00, 0x00,
    0x00, 0x00, 0x21, 0xFF, 0xFF, 0x06, 0x7E, 0xFF, 0x5C, 0x00, 0x00, 0x00, 0x00, 0x00, 0x1D, 0xFF, 0xFE, 0x05, 0x04, 0x2C, 0x00, 0x00, 0x00, 0x00,
    0x00, 0x00, 0x56, 0xFF, 0xE0, 0x00, 0x00, 0x00, 0x00, 0x00, 0x00, 0x00, 0x00, 0x04, 0xCE, 0xFF, 0x8F, 0x00, 0x00, 0x00, 0x00, 0x00, 0x00, 0x00,
    0x02, 0xA2, 0xFF, 0xF0, 0x17, 0x00, 0x00, 0x00, 0x00, 0x00, 0x00, 0x00, 0x96, 0xFF, 0xF8, 0x42, 0x00, 0x00, 0x00, 0x00, 0x00, 0x00, 0x00, 0x71,
    0xFF, 0xF9, 0x4C, 0x00, 0x00, 0x00, 0x00, 0x00, 0x00, 0x00, 0x14, 0xF2, 0xFF, 0x63, 0x00, 0x00, 0x00, 0x00, 0x00, 0x00, 0x00, 0x00, 0x5E, 0xFF,
    0xCF, 0x00, 0x00, 0x00, 0x00, 0x00, 0x00, 0x00, 0x00, 0x00, 0x80, 0xFF, 0x9F, 0x00, 0x00, 0x00, 0x00, 0x00, 0x00, 0x00, 0x00, 0x00, 0x7C, 0xFF,
    0x82, 0x00, 0x00, 0x00, 0x00, 0x00, 0x00, 0x00, 0x00, 0x00, 0x0E, 0x65, 0x0E, 0x00, 0x00, 0x00, 0x00, 0x00, 0x00, 0x00, 0x00, 0x00, 0x00, 0x00,
    0x00, 0x00, 0x00, 0x00, 0x00, 0x00, 0x00, 0x00, 0x00, 0x00, 0x00, 0x3A, 0x0D, 0x00, 0x00, 0x00, 0x00, 0x00, 0x00, 0x00, 0x00, 0x00, 0x61, 0xFF,
    0xB1, 0x00, 0x00, 0x00, 0x00, 0x00, 0x00, 0x00, 0x00, 0x00, 0x84, 0xFF, 0xD3, 0x00, 0x00, 0x00, 0x00, 0x00, 0x00, 0x00, 0x00, 0x00, 0x64, 0xFF,
    0xB4, 0x00, 0x00, 0x00, 0x00, 0x00, 0x00, 0x00, 0x00, 0x00, 0x01, 0x3F, 0x0F, 0x00, 0x00, 0x00, 0x00, 0x00, 0x00, 0x00, 0x00, 0x00, 0x00, 0x00,
    0x0E, 0x21, 0x26, 0x16, 0x00, 0x00, 0x00, 0x00, 0x00, 0x00, 0x00, 0x00, 0x00, 0x25, 0x95, 0xDF, 0xFF, 0xFF, 0xFF, 0xFF, 0xEE, 0xAE, 0x41, 0x00,
    0x00, 0x00, 0x00, 0x00, 0x61, 0xF8, 0xFF, 0xFF, 0xFF, 0xFF, 0xFF, 0xFF, 0xFF, 0xFF, 0xFF, 0x8A, 0x00, 0x00, 0x00, 0x43, 0xFD, 0xFF, 0xBA, 0x4E,
    0x18, 0x03, 0x04, 0x1D, 0x59, 0xCC, 0xFF, 0xFF, 0x58, 0x00, 0x00, 0xCB, 0xFF, 0x99, 0x00, 0x00, 0x00, 0x00, 0x00, 0x00, 0x00, 0x05, 0xBB, 0xFF,
    0xC9, 0x00, 0x20, 0xFF, 0xFA, 0x11, 0x00, 0x00, 0x00, 0x00, 0x00, 0x00, 0x00, 0x00, 0x36, 0xFF, 0xFD, 0x07, 0x53, 0xFF, 0xCC, 0x00, 0x00, 0x00,
    0x00, 0x00, 0x00, 0x00, 0x00, 0x00, 0x08, 0xFF, 0xFF, 0x1A, 0x67, 0xFF, 0xB7, 0x00, 0x00, 0x00, 0x00, 0x01, 0x2C, 0x53, 0x61, 0x64, 0x64, 0xFF,
    0xFF, 0x20, 0x70, 0xFF, 0xB4, 0x00, 0x00, 0x00, 0x4D, 0xDD, 0xFF, 0xFF, 0xFF, 0xFF, 0xFF, 0xFF, 0xFF, 0x20, 0x70, 0xFF, 0xB4, 0x00, 0x00, 0x44,
    0xFD, 0xFF, 0xDA, 0xA6, 0x98, 0x98, 0x98, 0xFF, 0xFF, 0x20, 0x70, 0xFF, 0xB4, 0x00, 0x00, 0xBF, 0xFF, 0xA3, 0x01, 0x00, 0x00, 0x00, 0x00, 0xFF,
    0xFF, 0x20, 0x70, 0xFF, 0xB4, 0x00, 0x00, 0xF5, 0xFF, 0x3C, 0x00, 0x00, 0x00, 0x00, 0x06, 0xFF, 0xFF, 0x20, 0x70, 0xFF, 0xB4, 0x00, 0x00, 0xFD,
    0xFF, 0x2F, 0x00, 0x00, 0x00, 0x00, 0x3F, 0xFF, 0xFF, 0x20, 0x70, 0xFF, 0xB4, 0x00, 0x00, 0xE4, 0xFF, 0x75, 0x00, 0x00, 0x00, 0x15, 0xCA, 0xFF,
    0xFF, 0x20, 0x6E, 0xFF, 0xB4, 0x00, 0x00, 0x97, 0xFF, 0xFD, 0xAF, 0x8C, 0xA7, 0xEC, 0x79, 0xFF, 0xFF, 0x20, 0x62, 0xFF, 0xBD, 0x00, 0x00, 0x13,
    0xD2, 0xFF, 0xFF, 0xFF, 0xFE, 0x86, 0x01, 0xEE, 0xFB, 0x11, 0x50, 0xFF, 0xDB, 0x00, 0x00, 0x00, 0x05, 0x50, 0x7E, 0x75, 0x2C, 0x00, 0x00, 0x2F,
    0x39, 0x00, 0x24, 0xFF, 0xFE, 0x1A, 0x00, 0x00, 0x00, 0x00, 0x00, 0x00, 0x00, 0x00, 0x00, 0x00, 0x00, 0x00, 0x00, 0xE4, 0xFF, 0x8A, 0x00, 0x00,
    0x00, 0x00, 0x00, 0x00, 0x00, 0x00, 0x00, 0x00, 0x00, 0x00, 0x00, 0x7A, 0xFF, 0xFD, 0x60, 0x00, 0x00, 0x00, 0x00, 0x00, 0x00, 0x00, 0x00, 0x00,
    0x00, 0x00, 0x00, 0x0D, 0xD6, 0xFF, 0xFF, 0xC9, 0x80, 0x5F, 0x4D, 0x45, 0x13, 0x00, 0x00, 0x00, 0x00, 0x00, 0x00, 0x00, 0x1E, 0xD0, 0xFF, 0xFF,
    0xFF, 0xFF, 0xFF, 0xFF, 0xD2, 0x00, 0x00, 0x00, 0x00, 0x00, 0x00, 0x00, 0x00, 0x06, 0x60, 0xB7, 0xEB, 0xFF, 0xFF, 0xFF, 0xB7, 0x00, 0x00, 0x00,
    0x00, 0x00, 0x00, 0x00, 0x00, 0x00, 0x00, 0x00, 0x00, 0x03, 0x0F, 0x0F, 0x01, 0x00, 0x00, 0x00, 0x00, 0x00, 0x00, 0x00, 0x00, 0x00, 0x00, 0x00,
    0x00, 0x18, 0x61, 0x22, 0x00, 0x00, 0x00, 0x00, 0x00, 0x00, 0x00, 0x00, 0x00, 0x00, 0x00, 0x00, 0x00, 0x04, 0xD9, 0xFF, 0xE9, 0x0B, 0x00, 0x00,
    0x00, 0x00, 0x00, 0x00, 0x00, 0x00, 0x00, 0x00, 0x00, 0x00, 0x4A, 0xFF, 0xFF, 0xFF, 0x59, 0x00, 0x00, 0x00, 0x00, 0x00, 0x00, 0x00, 0x00, 0x00,
    0x00, 0x00, 0x00, 0xA2, 0xFF, 0xED, 0xFF, 0xAC, 0x00, 0x00, 0x00, 0x00, 0x00, 0x00, 0x00, 0x00, 0x00, 0x00, 0x00, 0x08, 0xF1, 0xFF, 0x62, 0xFF,
    0xF5, 0x0A, 0x00, 0x00, 0x00, 0x00, 0x00, 0x00, 0x00, 0x00, 0x00, 0x00, 0x51, 0xFF, 0xCE, 0x04, 0xEE, 0xFF, 0x52, 0x00, 0x00, 0x00, 0x00, 0x00,
    0x00, 0x00, 0x00, 0x00, 0x00, 0xA9, 0xFF, 0x7B, 0x00, 0xA6, 0xFF, 0xA5, 0x00, 0x00, 0x00, 0x00, 0x00, 0x00, 0x00, 0x00, 0x00, 0x0B, 0xF5, 0xFF,
    0x28, 0x00, 0x59, 0xFF, 0xF1, 0x06, 0x00, 0x00, 0x00, 0x00, 0x00, 0x00, 0x00, 0x00, 0x59, 0xFF, 0xD5, 0x00, 0x00, 0x10, 0xFB, 0xFF, 0x4B, 0x00,
    0x00, 0x00, 0x00, 0x00, 0x00, 0x00, 0x00, 0xB1, 0xFF, 0x82, 0x00, 0x00, 0x00, 0xBE, 0xFF, 0x9E, 0x00, 0x00, 0x00, 0x00, 0x00, 0x00, 0x00, 0x0F,
    0xF8, 0xFF, 0x2F, 0x00, 0x00, 0x00, 0x71, 0xFF, 0xEC, 0x04, 0x00, 0x00, 0x00, 0x00, 0x00, 0x00, 0x60, 0xFF, 0xDB, 0x00, 0x00, 0x00, 0x00, 0x24,
    0xFF, 0xFF, 0x43, 0x00, 0x00, 0x00, 0x00, 0x00, 0x00, 0xB8, 0xFF, 0x88, 0x00, 0x00, 0x00, 0x00, 0x00, 0xD7, 0xFF, 0x95, 0x00, 0x00, 0x00, 0x00,
    0x00, 0x14, 0xFB, 0xFF, 0x35, 0x00, 0x00, 0x00, 0x00, 0x00, 0x8A, 0xFF, 0xE6, 0x01, 0x00, 0x00, 0x00, 0x00, 0x68, 0xFF, 0xFF, 0xB4, 0xB4, 0xB4,
    0xB4, 0xB4, 0xB4, 0xCD, 0xFF, 0xFF, 0x3A, 0x00, 0x00, 0x00, 0x00, 0xBF, 0xFF, 0xFF, 0xFF, 0xFF, 0xFF, 0xFF, 0xFF, 0xFF, 0xFF, 0xFF, 0xFF, 0x8C,
    0x00, 0x00, 0x00, 0x19, 0xFD, 0xFF, 0xB2, 0xA8, 0xA8, 0xA8, 0xA8, 0xA8, 0xA8, 0xA8, 0xD7, 0xFF, 0xDD, 0x00, 0x00, 0x00, 0x6F, 0xFF, 0xE4, 0x01,
    0x00, 0x00, 0x00, 0x00, 0x00, 0x00, 0x00, 0x55, 0xFF, 0xFF, 0x2E, 0x00, 0x00, 0xC7, 0xFF, 0x92, 0x00, 0x00, 0x00, 0x00, 0x00, 0x00, 0x00, 0x00,
    0x0C, 0xF8, 0xFF, 0x7F, 0x00, 0x1F, 0xFE, 0xFF, 0x40, 0x00, 0x00, 0x00, 0x00, 0x00, 0x00, 0x00, 0x00, 0x00, 0xB4, 0xFF, 0xCE, 0x00, 0x73, 0xFF,
    0xEA, 0x03, 0x00, 0x00, 0x00, 0x00, 0x00, 0x00, 0x00, 0x00, 0x00, 0x64, 0xFF, 0xFF, 0x1A, 0x62, 0xFF, 0x8C, 0x00, 0x00, 0x00, 0x00, 0x00, 0x00,
    0x00, 0x00, 0x00, 0x00, 0x12, 0xEE, 0xF4, 0x17, 0x00, 0x2E, 0x04, 0x00, 0x00, 0x00, 0x00, 0x00, 0x00, 0x00, 0x00, 0x00, 0x00, 0x00, 0x17, 0x1C,
    0x00, 0x05, 0x23, 0x24, 0x24, 0x24, 0x24, 0x1F, 0x0F, 0x00, 0x00, 0x00, 0x00, 0x00, 0x00, 0xBF, 0xFF, 0xFF, 0xFF, 0xFF, 0xFF, 0xFF, 0xFF, 0xE7,
    0xA1, 0x2F, 0x00, 0x00, 0x00, 0xF3, 0xFF, 0xFF, 0xFF, 0xFF, 0xFF, 0xFF, 0xFF, 0xFF, 0xFF, 0xFB, 0x61, 0x00, 0x00, 0xF4, 0xFF, 0x6B, 0x28, 0x28,
    0x28, 0x2F, 0x47, 0x86, 0xEE, 0xFF, 0xFA, 0x24, 0x00, 0xF4, 0xFF, 0x50, 0x00, 0x00, 0x00, 0x00, 0x00, 0x00, 0x28, 0xF7, 0xFF, 0x84, 0x00, 0xF4,
    0xFF, 0x50, 0x00, 0x00, 0x00, 0x00, 0x00, 0x00, 0x00, 0xB1, 0xFF, 0xB5, 0x00, 0xF4, 0xFF, 0x50, 0x00, 0x00, 0x00, 0x00, 0x00, 0x00, 0x00, 0x96,
    0xFF, 0xC2, 0x00, 0xF4, 0xFF, 0x50, 0x00, 0x00, 0x00, 0x00, 0x00, 0x00, 0x00, 0xB2, 0xFF, 0xAB, 0x00, 0xF4, 0xFF, 0x50, 0x00, 0x00, 0x00, 0x00,
    0x00, 0x00, 0x19, 0xF2, 0xFF, 0x64, 0x00, 0xF4, 0xFF, 0x50, 0x00, 0x00, 0x00, 0x00, 0x08, 0x46, 0xCF, 0xFF, 0xCA, 0x05, 0x00, 0xF4, 0xFF, 0xF2,
    0xEC, 0xEC, 0xEC, 0xF0, 0xFD, 0xFF, 0xFC, 0x9C, 0x0E, 0x00, 0x00, 0xF4, 0xFF, 0xFF, 0xFF, 0xFF, 0xFF, 0xFF, 0xFF, 0xFF, 0xCE, 0x61, 0x07, 0x00,
    0x00, 0xF4, 0xFF, 0x8C, 0x58, 0x58, 0x58, 0x5A, 0x67, 0x8E, 0xE0, 0xFF, 0xDC, 0x21, 0x00, 0xF4, 0xFF, 0x50, 0x00, 0x00, 0x00, 0x00, 0x00, 0x00,
    0x08, 0xBA, 0xFF, 0xCB, 0x00, 0xF4, 0xFF, 0x50, 0x00, 0x00, 0x00, 0x00, 0x00, 0x00, 0x00, 0x33, 0xFF, 0xFF, 0x33, 0xF4, 0xFF, 0x50, 0x00, 0x00,
    0x00, 0x00, 0x00, 0x00, 0x00, 0x02, 0xFD, 0xFF, 0x5A, 0xF4, 0xFF, 0x50, 0x00, 0x00, 0x00, 0x00, 0x00, 0x00, 0x00, 0x01, 0xFB, 0xFF, 0x62, 0xF4,
    0xFF, 0x50, 0x00, 0x00, 0x00, 0x00, 0x00, 0x00, 0x00, 0x31, 0xFF, 0xFF, 0x45, 0xF4, 0xFF, 0x50, 0x00, 0x00, 0x00, 0x00, 0x00, 0x00, 0x0A, 0xBF,
    0xFF, 0xF3, 0x0C, 0xF4, 0xFF, 0x84, 0x4C, 0x4C, 0x4C, 0x4E, 0x5E, 0x8B, 0xE4, 0xFF, 0xFF, 0x7E, 0x00, 0xF2, 0xFF, 0xFF, 0xFF, 0xFF, 0xFF, 0xFF,
    0xFF, 0xFF, 0xFF, 0xFF, 0x96, 0x02, 0x00, 0xA2, 0xFF, 0xFF, 0xFF, 0xFF, 0xFF, 0xFE, 0xF1, 0xD4, 0x9A, 0x36, 0x00, 0x00, 0x00, 0x00, 0x00, 0x00,
    0x00, 0x00, 0x13, 0x4C, 0x65, 0x70, 0x64, 0x44, 0x0F, 0x00, 0x00, 0x00, 0x00, 0x00, 0x33, 0xB6, 0xFE, 0xFF, 0xFF, 0xFF, 0xFF, 0xFF, 0xF9, 0x89,
    0x00, 0x00, 0x00, 0x66, 0xFA, 0xFF, 0xFF, 0xFF, 0xF6, 0xEE, 0xFE, 0xFF, 0xFF, 0xFE, 0x07, 0x00, 0x50, 0xFE, 0xFF, 0xEA, 0x71, 0x1E, 0x00, 0x00,
    0x05, 0x33, 0x71, 0x5F, 0x00, 0x08, 0xE5, 0xFF, 0xD6, 0x18, 0x00, 0x00, 0x00, 0x00, 0x00, 0x00, 0x00, 0x00, 0x00, 0x5A, 0xFF, 0xFD, 0x2D, 0x00,
    0x00, 0x00, 0x00, 0x00, 0x00, 0x00, 0x00, 0x00, 0x00, 0x9E, 0xFF, 0xC3, 0x00, 0x00, 0x00, 0x00, 0x00, 0x00, 0x00, 0x00, 0x00, 0x00, 0x00, 0xC0,
    0xFF, 0x90, 0x00, 0x00, 0x00, 0x00, 0x00, 0x00, 0x00, 0x00, 0x00, 0x00, 0x00, 0xD1, 0xFF, 0x81, 0x00, 0x00, 0x00, 0x00, 0x00, 0x00, 0x00, 0x00,
    0x00, 0x00, 0x00, 0xD4, 0xFF, 0x80, 0x00, 0x00, 0x00, 0x00, 0x00, 0x00, 0x00, 0x00, 0x00, 0x00, 0x00, 0xD4, 0xFF, 0x80, 0x00, 0x00, 0x00, 0x00,
    0x00, 0x00, 0x00, 0x00, 0x00, 0x00, 0x00, 0xD4, 0xFF, 0x80, 0x00, 0x00, 0x00, 0x00, 0x00, 0x00, 0x00, 0x00, 0x00, 0x00, 0x00, 0xD4, 0xFF, 0x80,
    0x00, 0x00, 0x00, 0x00, 0x00, 0x00, 0x00, 0x00, 0x00, 0x00, 0x00, 0xD4, 0xFF, 0x80, 0x00, 0x00, 0x00, 0x00, 0x00, 0x00, 0x00, 0x00, 0x00, 0x00,
    0x00, 0xD0, 0xFF, 0x81, 0x00, 0x00, 0x00, 0x00, 0x00, 0x00, 0x00, 0x00, 0x00, 0x00, 0x00, 0xBF, 0xFF, 0x90, 0x00, 0x00, 0x00, 0x00, 0x00, 0x00,
    0x00, 0x00, 0x00, 0x00, 0x00, 0x9B, 0xFF, 0xC2, 0x00, 0x00, 0x00, 0x00, 0x00, 0x00, 0x00, 0x00, 0x00, 0x00, 0x00, 0x56, 0xFF, 0xFD, 0x2D, 0x00,
    0x00, 0x00, 0x00, 0x00, 0x00, 0x00, 0x00, 0x00, 0x00, 0x06, 0xE0, 0xFF, 0xD7, 0x1D, 0x00, 0x00, 0x00, 0x00, 0x00, 0x00, 0x00, 0x00, 0x00, 0x00,
    0x45, 0xFC, 0xFF, 0xEF, 0x86, 0x3B, 0x17, 0x12, 0x27, 0x56, 0x94, 0x7F, 0x00, 0x00, 0x00, 0x55, 0xF3, 0xFF, 0xFF, 0xFF, 0xFF, 0xFF, 0xFF, 0xFF,
    0xFF, 0xFD, 0x07, 0x00, 0x00, 0x00, 0x21, 0x99, 0xEE, 0xFF, 0xFF, 0xFF, 0xFF, 0xFF, 0xE2, 0x68, 0x00, 0x00, 0x00, 0x00, 0x00, 0x00, 0x02, 0x2B,
    0x43, 0x4C, 0x40, 0x20, 0x00, 0x00, 0x00, 0x05, 0x23, 0x24, 0x24, 0x24, 0x24, 0x1A, 0x06, 0x00, 0x00, 0x00, 0x00, 0x00, 0x00, 0xBF, 0xFF, 0xFF,
    0xFF, 0xFF, 0xFF, 0xFF, 0xFD, 0xCD, 0x77, 0x0C, 0x00, 0x00, 0x00, 0xF3, 0xFF, 0xFF, 0xFF, 0xFF, 0xFF, 0xFF, 0xFF, 0xFF, 0xFF, 0xE1, 0x2F, 0x00,
    0x00, 0xF4, 0xFF, 0x76, 0x38, 0x38, 0x38, 0x41, 0x64, 0xB6, 0xFF, 0xFF, 0xE9, 0x1A, 0x00, 0xF4, 0xFF, 0x50, 0x00, 0x00, 0x00, 0x00, 0x00, 0x00,
    0x4F, 0xF9, 0xFF, 0xA6, 0x00, 0xF4, 0xFF, 0x50, 0x00, 0x00, 0x00, 0x00, 0x00, 0x00, 0x00, 0x74, 0xFF, 0xFB, 0x16, 0xF4, 0xFF, 0x50, 0x00, 0x00,
    0x00, 0x00, 0x00, 0x00, 0x00, 0x0C, 0xFB, 0xFF, 0x53, 0xF4, 0xFF, 0x50, 0x00, 0x00, 0x00, 0x00, 0x00, 0x00, 0x00, 0x00, 0xD3, 0xFF, 0x79, 0xF4,
    0xFF, 0x50, 0x00, 0x00, 0x00, 0x00, 0x00, 0x00, 0x00, 0x00, 0xC2, 0xFF, 0x8A, 0xF4, 0xFF, 0x50, 0x00, 0x00, 0x00, 0x00, 0x00, 0x00, 0x00, 0x00,
    0xC0, 0xFF, 0x90, 0xF4, 0xFF, 0x50, 0x00, 0x00, 0x00, 0x00, 0x00, 0x00, 0x00, 0x00, 0xC0, 0xFF, 0x90, 0xF4, 0xFF, 0x50, 0x00, 0x00, 0x00, 0x00,
    0x00, 0x00, 0x00, 0x00, 0xC0, 0xFF, 0x90, 0xF4, 0xFF, 0x50, 0x00, 0x00, 0x00, 0x00, 0x00, 0x00, 0x00, 0x00, 0xC0, 0xFF, 0x90, 0xF4, 0xFF, 0x50,
    0x00, 0x00, 0x00, 0x00, 0x00, 0x00, 0x00, 0x00, 0xC0, 0xFF, 0x90, 0xF4, 0xFF, 0x50, 0x00, 0x00, 0x00, 0x00, 0x00, 0x00, 0x00, 0x00, 0xC2, 0xFF,
    0x8A, 0xF4, 0xFF, 0x50, 0x00, 0x00, 0x00, 0x00, 0x00, 0x00, 0x00, 0x00, 0xD4, 0xFF, 0x78, 0xF4, 0xFF, 0x50, 0x00, 0x00, 0x00, 0x00, 0x00, 0x00,
    0x00, 0x0C, 0xFB, 0xFF, 0x4F, 0xF4, 0xFF, 0x50, 0x00, 0x00, 0x00, 0x00, 0x00, 0x00, 0x00, 0x74, 0xFF, 0xF9, 0x12, 0xF4, 0xFF, 0x50, 0x00, 0x00,
    0x00, 0x00, 0x00, 0x00, 0x52, 0xF8, 0xFF, 0x9C, 0x00, 0xF4, 0xFF, 0x8F, 0x5C, 0x5C, 0x5C, 0x63, 0x80, 0xC7, 0xFF, 0xFF, 0xE1, 0x12, 0x00, 0xF2,
    0xFF, 0xFF, 0xFF, 0xFF, 0xFF, 0xFF, 0xFF, 0xFF, 0xFF, 0xCF, 0x20, 0x00, 0x00, 0xA2, 0xFF, 0xFF, 0xFF, 0xFF, 0xFF, 0xF7, 0xE2, 0xAD, 0x59, 0x03,
    0x00, 0x00, 0x00, 0x05, 0x23, 0x24, 0x24, 0x24, 0x24, 0x24, 0x24, 0x24, 0x24, 0x1B, 0x00, 0xBF, 0xFF, 0xFF, 0xFF, 0xFF, 0xFF, 0xFF, 0xFF, 0xFF,
    0xFF, 0xFF, 0x54, 0xF3, 0xFF, 0xFF, 0xFF, 0xFF, 0xFF, 0xFF, 0xFF, 0xFF, 0xFF, 0xFF, 0x57, 0xF4, 0xFF, 0x6B, 0x28, 0x28, 0x28, 0x28, 0x28, 0x28,
    0x28, 0x1F, 0x00, 0xF4, 0xFF, 0x50, 0x00, 0x00, 0x00, 0x00, 0x00, 0x00, 0x00, 0x00, 0x00, 0xF4, 0xFF, 0x50, 0x00, 0x00, 0x00, 0x00, 0x00, 0x00,
    0x00, 0x00, 0x00, 0xF4, 0xFF, 0x50, 0x00, 0x00, 0x00, 0x00, 0x00, 0x00, 0x00, 0x00, 0x00, 0xF4, 0xFF, 0x50, 0x00, 0x00, 0x00, 0x00, 0x00, 0x00,
    0x00, 0x00, 0x00, 0xF4, 0xFF, 0x50, 0x00, 0x00, 0x00, 0x00, 0x00, 0x00, 0x00, 0x00, 0x00, 0xF4, 0xFF, 0x50, 0x00, 0x00, 0x00, 0x00, 0x00, 0x00,
    0x00, 0x00, 0x00, 0xF4, 0xFF, 0xF2, 0xEC, 0xEC, 0xEC, 0xEC, 0xEC, 0xEC, 0xE7, 0x50, 0x00, 0xF4, 0xFF, 0xFF, 0xFF, 0xFF, 0xFF, 0xFF, 0xFF, 0xFF,
    0xFF, 0x81, 0x00, 0xF4, 0xFF, 0x8C, 0x58, 0x58, 0x58, 0x58, 0x58, 0x58, 0x52, 0x08, 0x00, 0xF4, 0xFF, 0x50, 0x00, 0x00, 0x00, 0x00, 0x00, 0x00,
    0x00, 0x00, 0x00, 0xF4, 0xFF, 0x50, 0x00, 0x00, 0x00, 0x00, 0x00, 0x00, 0x00, 0x00, 0x00, 0xF4, 0xFF, 0x50, 0x00, 0x00, 0x00, 0x00, 0x00, 0x00,
    0x00, 0x00, 0x00, 0xF4, 0xFF, 0x50, 0x00, 0x00, 0x00, 0x00, 0x00, 0x00, 0x00, 0x00, 0x00, 0xF4, 0xFF, 0x50, 0x00, 0x00, 0x00, 0x00, 0x00, 0x00,
    0x00, 0x00, 0x00, 0xF4, 0xFF, 0x50, 0x00, 0x00, 0x00, 0x00, 0x00, 0x00, 0x00, 0x00, 0x00, 0xF4, 0xFF, 0x84, 0x4C, 0x4C, 0x4C, 0x4C, 0x4C, 0x4C,
    0x4C, 0x44, 0x03, 0xF2, 0xFF, 0xFF, 0xFF, 0xFF, 0xFF, 0xFF, 0xFF, 0xFF, 0xFF, 0xFF, 0x6D, 0xA2, 0xFF, 0xFF, 0xFF, 0xFF, 0xFF, 0xFF, 0xFF, 0xFF,
    0xFF, 0xF8, 0x49, 0x04, 0x22, 0x24, 0x24, 0x24, 0x24, 0x24, 0x24, 0x24, 0x24, 0x11, 0x00, 0xB7, 0xFF, 0xFF, 0xFF, 0xFF, 0xFF, 0xFF, 0xFF, 0xFF,
    0xFF, 0xF3, 0x18, 0xEB, 0xFF, 0xFF, 0xFF, 0xFF, 0xFF, 0xFF, 0xFF, 0xFF, 0xFF, 0xF4, 0x19, 0xEC, 0xFF, 0x72, 0x28, 0x28, 0x28, 0x28, 0x28, 0x28,
    0x28, 0x13, 0x00, 0xEC, 0xFF, 0x58, 0x00, 0x00, 0x00, 0x00, 0x00, 0x00, 0x00, 0x00, 0x00, 0xEC, 0xFF, 0x58, 0x00, 0x00, 0x00, 0x00, 0x00, 0x00,
    0x00, 0x00, 0x00, 0xEC, 0xFF, 0x58, 0x00, 0x00, 0x00, 0x00, 0x00, 0x00, 0x00, 0x00, 0x00, 0xEC, 0xFF, 0x58, 0x00, 0x00, 0x00, 0x00, 0x00, 0x00,
    0x00, 0x00, 0x00, 0xEC, 0xFF, 0x58, 0x00, 0x00, 0x00, 0x00, 0x00, 0x00, 0x00, 0x00, 0x00, 0xEC, 0xFF, 0x58, 0x00, 0x00, 0x00, 0x00, 0x00, 0x00,
    0x00, 0x00, 0x00, 0xEC, 0xFF, 0xAE, 0x84, 0x84, 0x84, 0x84, 0x84, 0x84, 0x75, 0x07, 0x00, 0xEC, 0xFF, 0xFF, 0xFF, 0xFF, 0xFF, 0xFF, 0xFF, 0xFF,
    0xFF, 0x53, 0x00, 0xEC, 0xFF, 0xD8, 0xC4, 0xC4, 0xC4, 0xC4, 0xC4, 0xC4, 0xB4, 0x18, 0x00, 0xEC, 0xFF, 0x58, 0x00, 0x00, 0x00, 0x00, 0x00, 0x00,
    0x00, 0x00, 0x00, 0xEC, 0xFF, 0x58, 0x00, 0x00, 0x00, 0x00, 0x00, 0x00, 0x00, 0x00, 0x00, 0xEC, 0xFF, 0x58, 0x00, 0x00, 0x00, 0x00, 0x00, 0x00,
    0x00, 0x00, 0x00, 0xEC, 0xFF, 0x58, 0x00, 0x00, 0x00, 0x00, 0x00, 0x00, 0x00, 0x00, 0x00, 0xEC, 0xFF, 0x58, 0x00, 0x00, 0x00, 0x00, 0x00, 0x00,
    0x00, 0x00, 0x00, 0xEC, 0xFF, 0x58, 0x00, 0x00, 0x00, 0x00, 0x00, 0x00, 0x00, 0x00, 0x00, 0xEC, 0xFF, 0x58, 0x00, 0x00, 0x00, 0x00, 0x00, 0x00,
    0x00, 0x00, 0x00, 0xEB, 0xFF, 0x57, 0x00, 0x00, 0x00, 0x00, 0x00, 0x00, 0x00, 0x00, 0x00, 0xC5, 0xFE, 0x32, 0x00, 0x00, 0x00, 0x00, 0x00, 0x00,
    0x00, 0x00, 0x00, 0x0E, 0x26, 0x00, 0x00, 0x00, 0x00, 0x00, 0x00, 0x00, 0x00, 0x00, 0x00, 0x00, 0x00, 0x00, 0x00, 0x00, 0x0E, 0x46, 0x61, 0x6E,
    0x5D, 0x46, 0x12, 0x00, 0x00, 0x00, 0x00, 0x00, 0x00, 0x32, 0xB0, 0xFC, 0xFF, 0xFF, 0xFF, 0xFF, 0xFF, 0xFC, 0xC3, 0x33, 0x00, 0x00, 0x00, 0x6B,
    0xFA, 0xFF, 0xFF, 0xFF, 0xF8, 0xED, 0xFC, 0xFF, 0xFF, 0xFF, 0x9D, 0x00, 0x00, 0x59, 0xFF, 0xFF, 0xE8, 0x73, 0x22, 0x00, 0x00, 0x01, 0x16, 0x58,
    0x92, 0x2C, 0x00, 0x0C, 0xEC, 0xFF, 0xD0, 0x16, 0x00, 0x00, 0x00, 0x00, 0x00, 0x00, 0x00, 0x00, 0x00, 0x00, 0x68, 0xFF, 0xF9, 0x22, 0x00, 0x00,
    0x00, 0x00, 0x00, 0x00, 0x00, 0x00, 0x00, 0x00, 0x00, 0xAD, 0xFF, 0xB0, 0x00, 0x00, 0x00, 0x00, 0x00, 0x00, 0x00, 0x00, 0x00, 0x00, 0x00, 0x00,
    0xD2, 0xFF, 0x7C, 0x00, 0x00, 0x00, 0x00, 0x00, 0x00, 0x00, 0x00, 0x00, 0x00, 0x00, 0x00, 0xE4, 0xFF, 0x6C, 0x00, 0x00, 0x00, 0x00, 0x00, 0x00,
    0x00, 0x00, 0x00, 0x00, 0x00, 0x00, 0xE8, 0xFF, 0x6C, 0x00, 0x00, 0x00, 0x00, 0x00, 0x00, 0x00, 0x00, 0x00, 0x00, 0x00, 0x00, 0xE8, 0xFF, 0x6C,
    0x00, 0x00, 0x00, 0x00, 0x71, 0xB3, 0xB4, 0xB4, 0xB4, 0xB4, 0x78, 0x00, 0xE8, 0xFF, 0x6C, 0x00, 0x00, 0x00, 0x00, 0xF8, 0xFF, 0xFF, 0xFF, 0xFF,
    0xFF, 0xFF, 0x0B, 0xE8, 0xFF, 0x6C, 0x00, 0x00, 0x00, 0x00, 0x64, 0xA3, 0xA4, 0xA4, 0xB6, 0xFF, 0xFF, 0x10, 0xE8, 0xFF, 0x6C, 0x00, 0x00, 0x00,
    0x00, 0x00, 0x00, 0x00, 0x00, 0x34, 0xFF, 0xFF, 0x10, 0xE3, 0xFF, 0x6D, 0x00, 0x00, 0x00, 0x00, 0x00, 0x00, 0x00, 0x00, 0x34, 0xFF, 0xFF, 0x10,
    0xD1, 0xFF, 0x7E, 0x00, 0x00, 0x00, 0x00, 0x00, 0x00, 0x00, 0x00, 0x34, 0xFF, 0xFF, 0x10, 0xAB, 0xFF, 0xB5, 0x00, 0x00, 0x00, 0x00, 0x00, 0x00,
    0x00, 0x00, 0x34, 0xFF, 0xFF, 0x10, 0x65, 0xFF, 0xFC, 0x27, 0x00, 0x00, 0x00, 0x00, 0x00, 0x00, 0x00, 0x34, 0xFF, 0xFF, 0x10, 0x0A, 0xE9, 0xFF,
    0xD2, 0x16, 0x00, 0x00, 0x00, 0x00, 0x00, 0x00, 0x34, 0xFF, 0xFF, 0x10, 0x00, 0x4E, 0xFD, 0xFF, 0xE7, 0x70, 0x21, 0x00, 0x00, 0x02, 0x1D, 0x6D,
    0xFF, 0xFF, 0x10, 0x00, 0x00, 0x5A, 0xF4, 0xFF, 0xFF, 0xFF, 0xFB, 0xF4, 0xFF, 0xFF, 0xFF, 0xFF, 0xF5, 0x05, 0x00, 0x00, 0x00, 0x21, 0x98, 0xEE,
    0xFF, 0xFF, 0xFF, 0xFF, 0xFF, 0xE9, 0xA3, 0x3A, 0x00, 0x00, 0x00, 0x00, 0x00, 0x00, 0x02, 0x2A, 0x42, 0x49, 0x35, 0x1F, 0x01, 0x00, 0x00, 0x00,
    0x2B, 0x58, 0x00, 0x00, 0x00, 0x00, 0x00, 0x00, 0x00, 0x00, 0x00, 0x00, 0x47, 0x40, 0x00, 0xD9, 0xFF, 0x44, 0x00, 0x00, 0x00, 0x00, 0x00, 0x00,
    0x00, 0x00, 0x1B, 0xFE, 0xFA, 0x0B, 0xEC, 0xFF, 0x58, 0x00, 0x00, 0x00, 0x00, 0x00, 0x00, 0x00, 0x00, 0x2C, 0xFF, 0xFF, 0x18, 0xEC, 0xFF, 0x58,
    0x00, 0x00, 0x00, 0x00, 0x00, 0x00, 0x00, 0x00, 0x2C, 0xFF, 0xFF, 0x18, 0xEC, 0xFF, 0x58, 0x00, 0x00, 0x00, 0x00, 0x00, 0x00, 0x00, 0x00, 0x2C,
    0xFF, 0xFF, 0x18, 0xEC, 0xFF, 0x58, 0x00, 0x00, 0x00, 0x00, 0x00, 0x00, 0x00, 0x00, 0x2C, 0xFF, 0xFF, 0x18, 0xEC, 0xFF, 0x58, 0x00, 0x00, 0x00,
    0x00, 0x00, 0x00, 0x00, 0x00, 0x2C, 0xFF, 0xFF, 0x18, 0xEC, 0xFF, 0x58, 0x00, 0x00, 0x00, 0x00, 0x00, 0x00, 0x00, 0x00, 0x2C, 0xFF, 0xFF, 0x18,
    0xEC, 0xFF, 0x58, 0x00, 0x00, 0x00, 0x00, 0x00, 0x00, 0x00, 0x00, 0x2C, 0xFF, 0xFF, 0x18, 0xEC, 0xFF, 0x5F, 0x0C, 0x0C, 0x0C, 0x0C, 0x0C, 0x0C,
    0x0C, 0x0C, 0x35, 0xFF, 0xFF, 0x18, 0xEC, 0xFF, 0xFF, 0xFF, 0xFF, 0xFF, 0xFF, 0xFF, 0xFF, 0xFF, 0xFF, 0xFF, 0xFF, 0xFF, 0x18, 0xEC, 0xFF, 0xFF,
    0xFF, 0xFF, 0xFF, 0xFF, 0xFF, 0xFF, 0xFF, 0xFF, 0xFF, 0xFF, 0xFF, 0x18, 0xEC, 0xFF, 0x97, 0x60, 0x60, 0x60, 0x60, 0x60, 0x60, 0x60, 0x60, 0x7B,
    0xFF, 0xFF, 0x18, 0xEC, 0xFF, 0x58, 0x00, 0x00, 0x00, 0x00, 0x00, 0x00, 0x00, 0x00, 0x2C, 0xFF, 0xFF, 0x18, 0xEC, 0xFF, 0x58, 0x00, 0x00, 0x00,
    0x00, 0x00, 0x00, 0x00, 0x00, 0x2C, 0xFF, 0xFF, 0x18, 0xEC, 0xFF, 0x58, 0x00, 0x00, 0x00, 0x00, 0x00, 0x00, 0x00, 0x00, 0x2C, 0xFF, 0xFF, 0x18,
    0xEC, 0xFF, 0x58, 0x00, 0x00, 0x00, 0x00, 0x00, 0x00, 0x00, 0x00, 0x2C, 0xFF, 0xFF, 0x18, 0xEC, 0xFF, 0x58, 0x00, 0x00, 0x00, 0x00, 0x00, 0x00,
    0x00, 0x00, 0x2C, 0xFF, 0xFF, 0x18, 0xEC, 0xFF, 0x58, 0x00, 0x00, 0x00, 0x00, 0x00, 0x00, 0x00, 0x00, 0x2C, 0xFF, 0xFF, 0x18, 0xEC, 0xFF, 0x58,
    0x00, 0x00, 0x00, 0x00, 0x00, 0x00, 0x00, 0x00, 0x2C, 0xFF, 0xFF, 0x18, 0xEB, 0xFF, 0x57, 0x00, 0x00, 0x00, 0x00, 0x00, 0x00, 0x00, 0x00, 0x2B,
    0xFF, 0xFF, 0x17, 0xC5, 0xFE, 0x32, 0x00, 0x00, 0x00, 0x00, 0x00, 0x00, 0x00, 0x00, 0x11, 0xF4, 0xEB, 0x05, 0x0E, 0x26, 0x00, 0x00, 0x00, 0x00,
    0x00, 0x00, 0x00, 0x00, 0x00, 0x00, 0x1C, 0x19, 0x00, 0x2B, 0x58, 0x00, 0xD9, 0xFF, 0x44, 0xEC, 0xFF, 0x58, 0xEC, 0xFF, 0x58, 0xEC, 0xFF, 0x58,
    0xEC, 0xFF, 0x58, 0xEC, 0xFF, 0x58, 0xEC, 0xFF, 0x58, 0xEC, 0xFF, 0x58, 0xEC, 0xFF, 0x58, 0xEC, 0xFF, 0x58, 0xEC, 0xFF, 0x58, 0xEC, 0xFF, 0x58,
    0xEC, 0xFF, 0x58, 0xEC, 0xFF, 0x58, 0xEC, 0xFF, 0x58, 0xEC, 0xFF, 0x58, 0xEC, 0xFF, 0x58, 0xEC, 0xFF, 0x58, 0xEC, 0xFF, 0x58, 0xEB, 0xFF, 0x57,
    0xC5, 0xFE, 0x32, 0x0E, 0x26, 0x00, 0x00, 0x12, 0x24, 0x24, 0x24, 0x24, 0x24, 0x24, 0x1B, 0x00, 0x20, 0xF6, 0xFF, 0xFF, 0xFF, 0xFF, 0xFF, 0xFF,
    0xFF, 0x55, 0x25, 0xFC, 0xFF, 0xFF, 0xFF, 0xFF, 0xFF, 0xFF, 0xFF, 0x83, 0x00, 0x21, 0x38, 0x38, 0x38, 0x38, 0x38, 0xCE, 0xFF, 0x84, 0x00, 0x00,
    0x00, 0x00, 0x00, 0x00, 0x00, 0xC0, 0xFF, 0x84, 0x00, 0x00, 0x00, 0x00, 0x00, 0x00, 0x00, 0xC0, 0xFF, 0x84, 0x00, 0x00, 0x00, 0x00, 0x00, 0x00,
    0x00, 0xC0, 0xFF, 0x84, 0x00, 0x00, 0x00, 0x00, 0x00, 0x00, 0x00, 0xC0, 0xFF, 0x84, 0x00, 0x00, 0x00, 0x00, 0x00, 0x00, 0x00, 0xC0, 0xFF, 0x84,
    0x00, 0x00, 0x00, 0x00, 0x00, 0x00, 0x00, 0xC0, 0xFF, 0x84, 0x00, 0x00, 0x00, 0x00, 0x00, 0x00, 0x00, 0xC0, 0xFF, 0x84, 0x00, 0x00, 0x00, 0x00,
    0x00, 0x00, 0x00, 0xC0, 0xFF, 0x84, 0x00, 0x00, 0x00, 0x00, 0x00, 0x00, 0x00, 0xC0, 0xFF, 0x84, 0x00, 0x00, 0x00, 0x00, 0x00, 0x00, 0x00, 0xC0,
    0xFF, 0x84, 0x00, 0x00, 0x00, 0x00, 0x00, 0x00, 0x00, 0xC0, 0xFF, 0x84, 0x00, 0x00, 0x00, 0x00, 0x00, 0x00, 0x00, 0xC0, 0xFF, 0x84, 0x00, 0x00,
    0x00, 0x00, 0x00, 0x00, 0x00, 0xC0, 0xFF, 0x83, 0x00, 0x00, 0x00, 0x00, 0x00, 0x00, 0x00, 0xD9, 0xFF, 0x76, 0x00, 0x00, 0x00, 0x00, 0x00, 0x00,
    0x26, 0xFC, 0xFF, 0x4E, 0x0E, 0x5C, 0x35, 0x14, 0x20, 0x55, 0xD9, 0xFF, 0xEA, 0x0A, 0x7B, 0xFF, 0xFF, 0xFF, 0xFF, 0xFF, 0xFF, 0xFD, 0x53, 0x00,
    0x36, 0xEC, 0xFF, 0xFF, 0xFF, 0xFF, 0xD3, 0x46, 0x00, 0x00, 0x00, 0x05, 0x35, 0x49, 0x45, 0x22, 0x00, 0x00, 0x00, 0x00, 0x2B, 0x58, 0x00, 0x00,
    0x00, 0x00, 0x00, 0x00, 0x00, 0x00, 0x00, 0x57, 0x27, 0x00, 0xD9, 0xFF, 0x44, 0x00, 0x00, 0x00, 0x00, 0x00, 0x00, 0x00, 0x5A, 0xFF, 0xC4, 0x00,
    0xEC, 0xFF, 0x58, 0x00, 0x00, 0x00, 0x00, 0x00, 0x00, 0x0C, 0xE5, 0xFF, 0x90, 0x00, 0xEC, 0xFF, 0x58, 0x00, 0x00, 0x00, 0x00, 0x00, 0x00, 0x8A,
    0xFF, 0xEA, 0x11, 0x00, 0xEC, 0xFF, 0x58, 0x00, 0x00, 0x00, 0x00, 0x00, 0x26, 0xFA, 0xFF, 0x5E, 0x00, 0x00, 0xEC, 0xFF, 0x58, 0x00, 0x00, 0x00,
    0x00, 0x00, 0xB8, 0xFF, 0xC0, 0x00, 0x00, 0x00, 0xEC, 0xFF, 0x58, 0x00, 0x00, 0x00, 0x00, 0x50, 0xFF, 0xFA, 0x2A, 0x00, 0x00, 0x00, 0xEC, 0xFF,
    0x58, 0x00, 0x00, 0x00, 0x08, 0xDE, 0xFF, 0x87, 0x00, 0x00, 0x00, 0x00, 0xEC, 0xFF, 0x58, 0x00, 0x00, 0x00, 0x7F, 0xFF, 0xDF, 0x0A, 0x00, 0x00,
    0x00, 0x00, 0xEC, 0xFF, 0x58, 0x00, 0x00, 0x1F, 0xF6, 0xFF, 0x4C, 0x00, 0x00, 0x00, 0x00, 0x00, 0xEC, 0xFF, 0xFD, 0xFC, 0xFC, 0xFD, 0xFF, 0xB1,
    0x00, 0x00, 0x00, 0x00, 0x00, 0x00, 0xEC, 0xFF, 0xFF, 0xFF, 0xFF, 0xFF, 0xFF, 0xC7, 0x01, 0x00, 0x00, 0x00, 0x00, 0x00, 0xEC, 0xFF, 0x8C, 0x50,
    0x50, 0x63, 0xFD, 0xFF, 0x60, 0x00, 0x00, 0x00, 0x00, 0x00, 0xEC, 0xFF, 0x58, 0x00, 0x00, 0x00, 0x9D, 0xFF, 0xE8, 0x0E, 0x00, 0x00, 0x00, 0x00,
    0xEC, 0xFF, 0x58, 0x00, 0x00, 0x00, 0x17, 0xF2, 0xFF, 0x8E, 0x00, 0x00, 0x00, 0x00, 0xEC, 0xFF, 0x58, 0x00, 0x00, 0x00, 0x00, 0x76, 0xFF, 0xFB,
    0x2A, 0x00, 0x00, 0x00, 0xEC, 0xFF, 0x58, 0x00, 0x00, 0x00, 0x00, 0x06, 0xDB, 0xFF, 0xBC, 0x00, 0x00, 0x00, 0xEC, 0xFF, 0x58, 0x00, 0x00, 0x00,
    0x00, 0x00, 0x4F, 0xFF, 0xFF, 0x53, 0x00, 0x00, 0xEC, 0xFF, 0x58, 0x00, 0x00, 0x00, 0x00, 0x00, 0x00, 0xBB, 0xFF, 0xE0, 0x09, 0x00, 0xEC, 0xFF,
    0x58, 0x00, 0x00, 0x00, 0x00, 0x00, 0x00, 0x2B, 0xFC, 0xFF, 0x81, 0x00, 0xEB, 0xFF, 0x57, 0x00, 0x00, 0x00, 0x00, 0x00, 0x00, 0x00, 0x94, 0xFF,
    0xF6, 0x0C, 0xC5, 0xFE, 0x32, 0x00, 0x00, 0x00, 0x00, 0x00, 0x00, 0x00, 0x13, 0xE5, 0xF4, 0x11, 0x0E, 0x26, 0x00, 0x00, 0x00, 0x00, 0x00, 0x00,
    0x00, 0x00, 0x00, 0x14, 0x1D, 0x00, 0x2B, 0x58, 0x00, 0x00, 0x00, 0x00, 0x00, 0x00, 0x00, 0x00, 0x00, 0xD9, 0xFF, 0x44, 0x00, 0x00, 0x00, 0x00,
    0x00, 0x00, 0x00, 0x00, 0xEC, 0xFF, 0x58, 0x00, 0x00, 0x00, 0x00, 0x00, 0x00, 0x00, 0x00, 0xEC, 0xFF, 0x58, 0x00, 0x00, 0x00, 0x00, 0x00, 0x00,
    0x00, 0x00, 0xEC, 0xFF, 0x58, 0x00, 0x00, 0x00, 0x00, 0x00, 0x00, 0x00, 0x00, 0xEC, 0xFF, 0x58, 0x00, 0x00, 0x00, 0x00, 0x00, 0x00, 0x00, 0x00,
    0xEC, 0xFF, 0x58, 0x00, 0x00, 0x00, 0x00, 0x00, 0x00, 0x00, 0x00, 0xEC, 0xFF, 0x58, 0x00, 0x00, 0x00, 0x00, 0x00, 0x00, 0x00, 0x00, 0xEC, 0xFF,
    0x58, 0x00, 0x00, 0x00, 0x00, 0x00, 0x00, 0x00, 0x00, 0xEC, 0xFF, 0x58, 0x00, 0x00, 0x00, 0x00, 0x00, 0x00, 0x00, 0x00, 0xEC, 0xFF, 0x58, 0x00,
    0x00, 0x00, 0x00, 0x00, 0x00, 0x00, 0x00, 0xEC, 0xFF, 0x58, 0x00, 0x00, 0x00, 0x00, 0x00, 0x00, 0x00, 0x00, 0xEC, 0xFF, 0x58, 0x00, 0x00, 0x00,
    0x00, 0x00, 0x00, 0x00, 0x00, 0xEC, 0xFF, 0x58, 0x00, 0x00, 0x00, 0x00, 0x00, 0x00, 0x00, 0x00, 0xEC, 0xFF, 0x58, 0x00, 0x00, 0x00, 0x00, 0x00,
    0x00, 0x00, 0x00, 0xEC, 0xFF, 0x58, 0x00, 0x00, 0x00, 0x00, 0x00, 0x00, 0x00, 0x00, 0xEC, 0xFF, 0x58, 0x00, 0x00, 0x00, 0x00, 0x00, 0x00, 0x00,
    0x00, 0xEC, 0xFF, 0x58, 0x00, 0x00, 0x00, 0x00, 0x00, 0x00, 0x00, 0x00, 0xEC, 0xFF, 0x58, 0x00, 0x00, 0x00, 0x00, 0x00, 0x00, 0x00, 0x00, 0xEC,
    0xFF, 0x89, 0x4C, 0x4C, 0x4C, 0x4C, 0x4C, 0x4C, 0x49, 0x0C, 0xEA, 0xFF, 0xFF, 0xFF, 0xFF, 0xFF, 0xFF, 0xFF, 0xFF, 0xFF, 0x9F, 0x9C, 0xDA, 0xFF,
    0xFF, 0xFF, 0xFF, 0xFF, 0xFF, 0xFF, 0xFD, 0x76, 0x28, 0x61, 0x0D, 0x00, 0x00, 0x00, 0x00, 0x00, 0x00, 0x00, 0x00, 0x00, 0x00, 0x00, 0x00, 0x4F,
    0x46, 0x00, 0xD8, 0xFF, 0xA9, 0x00, 0x00, 0x00, 0x00, 0x00, 0x00, 0x00, 0x00, 0x00, 0x00, 0x00, 0x5F, 0xFF, 0xFE, 0x1E, 0xEC, 0xFF, 0xFF, 0x34,
    0x00, 0x00, 0x00, 0x00, 0x00, 0x00, 0x00, 0x00, 0x00, 0x09, 0xE4, 0xFF, 0xFF, 0x30, 0xEC, 0xFF, 0xFF, 0xB9, 0x00, 0x00, 0x00, 0x00, 0x00, 0x00,
    0x00, 0x00, 0x00, 0x79, 0xFF, 0xFF, 0xFF, 0x30, 0xEC, 0xFF, 0xFF, 0xFF, 0x3F, 0x00, 0x00, 0x00, 0x00, 0x00, 0x00, 0x00, 0x12, 0xEF, 0xFF, 0xFD,
    0xFF, 0x30, 0xEC, 0xFF, 0xD7, 0xFF, 0xC4, 0x00, 0x00, 0x00, 0x00, 0x00, 0x00, 0x00, 0x8C, 0xFF, 0xB2, 0xEC, 0xFF, 0x30, 0xEC, 0xFF, 0x57, 0xFA,
    0xFF, 0x4B, 0x00, 0x00, 0x00, 0x00, 0x00, 0x1D, 0xF7, 0xFD, 0x2D, 0xEC, 0xFF, 0x30, 0xEC, 0xFF, 0x34, 0x94, 0xFF, 0xCF, 0x01, 0x00, 0x00, 0x00,
    0x00, 0xA0, 0xFF, 0xA3, 0x00, 0xEC, 0xFF, 0x30, 0xEC, 0xFF, 0x34, 0x16, 0xF3, 0xFF, 0x58, 0x00, 0x00, 0x00, 0x2B, 0xFD, 0xFA, 0x22, 0x00, 0xEC,
    0xFF, 0x30, 0xEC, 0xFF, 0x34, 0x00, 0x80, 0xFF, 0xD9, 0x04, 0x00, 0x00, 0xB3, 0xFF, 0x95, 0x00, 0x00, 0xEC, 0xFF, 0x30, 0xEC, 0xFF, 0x34, 0x00,
    0x0C, 0xE9, 0xFF, 0x64, 0x00, 0x3C, 0xFF, 0xF5, 0x18, 0x00, 0x00, 0xEC, 0xFF, 0x30, 0xEC, 0xFF, 0x34, 0x00, 0x00, 0x6C, 0xFF, 0xE2, 0x07, 0xC5,
    0xFF, 0x87, 0x00, 0x00, 0x00, 0xEC, 0xFF, 0x30, 0xEC, 0xFF, 0x34, 0x00, 0x00, 0x05, 0xDC, 0xFF, 0xB6, 0xFF, 0xEF, 0x10, 0x00, 0x00, 0x00, 0xEC,
    0xFF, 0x30, 0xEC, 0xFF, 0x34, 0x00, 0x00, 0x00, 0x58, 0xFF, 0xFF, 0xFF, 0x78, 0x00, 0x00, 0x00, 0x00, 0xEC, 0xFF, 0x30, 0xEC, 0xFF, 0x34, 0x00,
    0x00, 0x00, 0x01, 0xCA, 0xFF, 0xE5, 0x0A, 0x00, 0x00, 0x00, 0x00, 0xEC, 0xFF, 0x30, 0xEC, 0xFF, 0x34, 0x00, 0x00, 0x00, 0x00, 0x23, 0x9D, 0x35,
    0x00, 0x00, 0x00, 0x00, 0x00, 0xEC, 0xFF, 0x30, 0xEC, 0xFF, 0x34, 0x00, 0x00, 0x00, 0x00, 0x00, 0x00, 0x00, 0x00, 0x00, 0x00, 0x00, 0x00, 0xEC,
    0xFF, 0x30, 0xEC, 0xFF, 0x34, 0x00, 0x00, 0x00, 0x00, 0x00, 0x00, 0x00, 0x00, 0x00, 0x00, 0x00, 0x00, 0xEC, 0xFF, 0x30, 0xEC, 0xFF, 0x34, 0x00,
    0x00, 0x00, 0x00, 0x00, 0x00, 0x00, 0x00, 0x00, 0x00, 0x00, 0x00, 0xEC, 0xFF, 0x30, 0xEC, 0xFF, 0x34, 0x00, 0x00, 0x00, 0x00, 0x00, 0x00, 0x00,
    0x00, 0x00, 0x00, 0x00, 0x00, 0xEC, 0xFF, 0x30, 0xEC, 0xFF, 0x33, 0x00, 0x00, 0x00, 0x00, 0x00, 0x00, 0x00, 0x00, 0x00, 0x00, 0x00, 0x00, 0xEC,
    0xFF, 0x2F, 0xCB, 0xF7, 0x17, 0x00, 0x00, 0x00, 0x00, 0x00, 0x00, 0x00, 0x00, 0x00, 0x00, 0x00, 0x00, 0xCB, 0xF5, 0x14, 0x12, 0x20, 0x00, 0x00,
    0x00, 0x00, 0x00, 0x00, 0x00, 0x00, 0x00, 0x00, 0x00, 0x00, 0x00, 0x12, 0x1F, 0x00, 0x2C, 0x57, 0x05, 0x00, 0x00, 0x00, 0x00, 0x00, 0x00, 0x00,
    0x00, 0x00, 0x22, 0x58, 0x00, 0xD9, 0xFF, 0x98, 0x00, 0x00, 0x00, 0x00, 0x00, 0x00, 0x00, 0x00, 0x00, 0xB1, 0xFF, 0x3A, 0xEC, 0xFF, 0xFE, 0x36,
    0x00, 0x00, 0x00, 0x00, 0x00, 0x00, 0x00, 0x00, 0xC0, 0xFF, 0x4C, 0xEC, 0xFF, 0xFF, 0xC9, 0x01, 0x00, 0x00, 0x00, 0x00, 0x00, 0x00, 0x00, 0xC0,
    0xFF, 0x4C, 0xEC, 0xFF, 0xFF, 0xFF, 0x61, 0x00, 0x00, 0x00, 0x00, 0x00, 0x00, 0x00, 0xC0, 0xFF, 0x4C, 0xEC, 0xFF, 0xA9, 0xFF, 0xE8, 0x0E, 0x00,
    0x00, 0x00, 0x00, 0x00, 0x00, 0xC0, 0xFF, 0x4C, 0xEC, 0xFF, 0x2F, 0xE3, 0xFF, 0x8E, 0x00, 0x00, 0x00, 0x00, 0x00, 0x00, 0xC0, 0xFF, 0x4C, 0xEC,
    0xFF, 0x24, 0x59, 0xFF, 0xFA, 0x29, 0x00, 0x00, 0x00, 0x00, 0x00, 0xC0, 0xFF, 0x4C, 0xEC, 0xFF, 0x24, 0x00, 0xC1, 0xFF, 0xBA, 0x00, 0x00, 0x00,
    0x00, 0x00, 0xC0, 0xFF, 0x4C, 0xEC, 0xFF, 0x24, 0x00, 0x2F, 0xFC, 0xFF, 0x51, 0x00, 0x00, 0x00, 0x00, 0xC0, 0xFF, 0x4C, 0xEC, 0xFF, 0x24, 0x00,
    0x00, 0x96, 0xFF, 0xDE, 0x08, 0x00, 0x00, 0x00, 0xC0, 0xFF, 0x4C, 0xEC, 0xFF, 0x24, 0x00, 0x00, 0x12, 0xEC, 0xFF, 0x7D, 0x00, 0x00, 0x00, 0xC0,
    0xFF, 0x4C, 0xEC, 0xFF, 0x24, 0x00, 0x00, 0x00, 0x69, 0xFF, 0xF5, 0x1D, 0x00, 0x00, 0xC0, 0xFF, 0x4C, 0xEC, 0xFF, 0x24, 0x00, 0x00, 0x00, 0x02,
    0xCF, 0xFF, 0xA9, 0x00, 0x00, 0xC0, 0xFF, 0x4C, 0xEC, 0xFF, 0x24, 0x00, 0x00, 0x00, 0x00, 0x3D, 0xFF, 0xFF, 0x40, 0x00, 0xC0, 0xFF, 0x4C, 0xEC,
    0xFF, 0x24, 0x00, 0x00, 0x00, 0x00, 0x00, 0xA6, 0xFF, 0xD2, 0x03, 0xC0, 0xFF, 0x4C, 0xEC, 0xFF, 0x24, 0x00, 0x00, 0x00, 0x00, 0x00, 0x1B, 0xF4,
    0xFF, 0x6C, 0xC0, 0xFF, 0x4C, 0xEC, 0xFF, 0x24, 0x00, 0x00, 0x00, 0x00, 0x00, 0x00, 0x79, 0xFF, 0xEE, 0xD3, 0xFF, 0x4C, 0xEC, 0xFF, 0x24, 0x00,
    0x00, 0x00, 0x00, 0x00, 0x00, 0x07, 0xDC, 0xFF, 0xFF, 0xFF, 0x4C, 0xEC, 0xFF, 0x24, 0x00, 0x00, 0x00, 0x00, 0x00, 0x00, 0x00, 0x4D, 0xFF, 0xFF,
    0xFF, 0x4C, 0xEC, 0xFF, 0x23, 0x00, 0x00, 0x00, 0x00, 0x00, 0x00, 0x00, 0x00, 0xB6, 0xFF, 0xFF, 0x4B, 0xCA, 0xF2, 0x0D, 0x00, 0x00, 0x00, 0x00,
    0x00, 0x00, 0x00, 0x00, 0x1E, 0xEA, 0xFC, 0x28, 0x0F, 0x1A, 0x00, 0x00, 0x00, 0x00, 0x00, 0x00, 0x00, 0x00, 0x00, 0x00, 0x12, 0x1F, 0x00, 0x00,
    0x00, 0x00, 0x00, 0x01, 0x30, 0x5C, 0x6E, 0x60, 0x3D, 0x05, 0x00, 0x00, 0x00, 0x00, 0x00, 0x00, 0x00, 0x00, 0x60, 0xE0, 0xFF, 0xFF, 0xFF, 0xFF,
    0xFF, 0xF0, 0x7F, 0x07, 0x00, 0x00, 0x00, 0x00, 0x01, 0x9C, 0xFF, 0xFF, 0xFF, 0xFC, 0xED, 0xF9, 0xFF, 0xFF, 0xFF, 0xC2, 0x0D, 0x00, 0x00, 0x00,
    0x76, 0xFF, 0xFF, 0xC4, 0x45, 0x06, 0x00, 0x01, 0x31, 0xA4, 0xFF, 0xFF, 0xA3, 0x00, 0x00, 0x11, 0xF4, 0xFF, 0xAF, 0x04, 0x00, 0x00, 0x00, 0x00,
    0x00, 0x00, 0x7E, 0xFF, 0xFF, 0x30, 0x00, 0x69, 0xFF, 0xF6, 0x14, 0x00, 0x00, 0x00, 0x00, 0x00, 0x00, 0x00, 0x01, 0xD7, 0xFF, 0x93, 0x00, 0xA7,
    0xFF, 0xB1, 0x00, 0x00, 0x00, 0x00, 0x00, 0x00, 0x00, 0x00, 0x00, 0x80, 0xFF, 0xCF, 0x00, 0xC8, 0xFF, 0x86, 0x00, 0x00, 0x00, 0x00, 0x00, 0x00,
    0x00, 0x00, 0x00, 0x57, 0xFF, 0xEF, 0x00, 0xD8, 0xFF, 0x78, 0x00, 0x00, 0x00, 0x00, 0x00, 0x00, 0x00, 0x00, 0x00, 0x49, 0xFF, 0xFE, 0x01, 0xDC,
    0xFF, 0x78, 0x00, 0x00, 0x00, 0x00, 0x00, 0x00, 0x00, 0x00, 0x00, 0x48, 0xFF, 0xFF, 0x04, 0xDC, 0xFF, 0x78, 0x00, 0x00, 0x00, 0x00, 0x00, 0x00,
    0x00, 0x00, 0x00, 0x48, 0xFF, 0xFF, 0x04, 0xDC, 0xFF, 0x78, 0x00, 0x00, 0x00, 0x00, 0x00, 0x00, 0x00, 0x00, 0x00, 0x48, 0xFF, 0xFF, 0x04, 0xDC,
    0xFF, 0x78, 0x00, 0x00, 0x00, 0x00, 0x00, 0x00, 0x00, 0x00, 0x00, 0x48, 0xFF, 0xFF, 0x04, 0xDC, 0xFF, 0x78, 0x00, 0x00, 0x00, 0x00, 0x00, 0x00,
    0x00, 0x00, 0x00, 0x48, 0xFF, 0xFF, 0x04, 0xD8, 0xFF, 0x79, 0x00, 0x00, 0x00, 0x00, 0x00, 0x00, 0x00, 0x00, 0x00, 0x49, 0xFF, 0xFE, 0x01, 0xC8,
    0xFF, 0x86, 0x00, 0x00, 0x00, 0x00, 0x00, 0x00, 0x00, 0x00, 0x00, 0x57, 0xFF, 0xEF, 0x00, 0xA6, 0xFF, 0xAF, 0x00, 0x00, 0x00, 0x00, 0x00, 0x00,
    0x00, 0x00, 0x00, 0x81, 0xFF, 0xCD, 0x00, 0x68, 0xFF, 0xF4, 0x11, 0x00, 0x00, 0x00, 0x00, 0x00, 0x00, 0x00, 0x02, 0xD7, 0xFF, 0x90, 0x00, 0x10,
    0xF4, 0xFF, 0xAB, 0x04, 0x00, 0x00, 0x00, 0x00, 0x00, 0x00, 0x84, 0xFF, 0xFF, 0x2B, 0x00, 0x00, 0x73, 0xFF, 0xFF, 0xCB, 0x59, 0x21, 0x10, 0x1D,
    0x4E, 0xB7, 0xFF, 0xFF, 0x97, 0x00, 0x00, 0x00, 0x01, 0x94, 0xFF, 0xFF, 0xFF, 0xFF, 0xFF, 0xFF, 0xFF, 0xFF, 0xFF, 0xB0, 0x08, 0x00, 0x00, 0x00,
    0x00, 0x00, 0x51, 0xCA, 0xFE, 0xFF, 0xFF, 0xFF, 0xFF, 0xD5, 0x62, 0x02, 0x00, 0x00, 0x00, 0x00, 0x00, 0x00, 0x00, 0x00, 0x15, 0x3B, 0x4B, 0x3E,
    0x1B, 0x00, 0x00, 0x00, 0x00, 0x00, 0x00, 0x05, 0x23, 0x24, 0x24, 0x24, 0x23, 0x19, 0x06, 0x00, 0x00, 0x00, 0x00, 0x00, 0xBF, 0xFF, 0xFF, 0xFF,
    0xFF, 0xFF, 0xFF, 0xFC, 0xCD, 0x72, 0x0A, 0x00, 0x00, 0xF3, 0xFF, 0xFF, 0xFF, 0xFF, 0xFF, 0xFF, 0xFF, 0xFF, 0xFF, 0xD2, 0x1C, 0x00, 0xF4, 0xFF,
    0x76, 0x38, 0x38, 0x39, 0x45, 0x69, 0xBE, 0xFF, 0xFF, 0xC6, 0x01, 0xF4, 0xFF, 0x50, 0x00, 0x00, 0x00, 0x00, 0x00, 0x00, 0x87, 0xFF, 0xFF, 0x48,
    0xF4, 0xFF, 0x50, 0x00, 0x00, 0x00, 0x00, 0x00, 0x00, 0x06, 0xEA, 0xFF, 0x93, 0xF4, 0xFF, 0x50, 0x00, 0x00, 0x00, 0x00, 0x00, 0x00, 0x00, 0xAD,
    0xFF, 0xB8, 0xF4, 0xFF, 0x50, 0x00, 0x00, 0x00, 0x00, 0x00, 0x00, 0x00, 0x95, 0xFF, 0xC2, 0xF4, 0xFF, 0x50, 0x00, 0x00, 0x00, 0x00, 0x00, 0x00,
    0x00, 0xA7, 0xFF, 0xB2, 0xF4, 0xFF, 0x50, 0x00, 0x00, 0x00, 0x00, 0x00, 0x00, 0x02, 0xDB, 0xFF, 0x87, 0xF4, 0xFF, 0x50, 0x00, 0x00, 0x00, 0x00,
    0x00, 0x00, 0x6F, 0xFF, 0xFF, 0x39, 0xF4, 0xFF, 0x76, 0x38, 0x38, 0x38, 0x41, 0x61, 0xB5, 0xFF, 0xFF, 0xB6, 0x00, 0xF4, 0xFF, 0xFF, 0xFF, 0xFF,
    0xFF, 0xFF, 0xFF, 0xFF, 0xFF, 0xC9, 0x14, 0x00, 0xF4, 0xFF, 0xFF, 0xFF, 0xFF, 0xFF, 0xFF, 0xF7, 0xC2, 0x68, 0x06, 0x00, 0x00, 0xF4, 0xFF, 0x5D,
    0x14, 0x14, 0x14, 0x0B, 0x00, 0x00, 0x00, 0x00, 0x00, 0x00, 0xF4, 0xFF, 0x50, 0x00, 0x00, 0x00, 0x00, 0x00, 0x00, 0x00, 0x00, 0x00, 0x00, 0xF4,
    0xFF, 0x50, 0x00, 0x00, 0x00, 0x00, 0x00, 0x00, 0x00, 0x00, 0x00, 0x00, 0xF4, 0xFF, 0x50, 0x00, 0x00, 0x00, 0x00, 0x00, 0x00, 0x00, 0x00, 0x00,
    0x00, 0xF4, 0xFF, 0x50, 0x00, 0x00, 0x00, 0x00, 0x00, 0x00, 0x00, 0x00, 0x00, 0x00, 0xF4, 0xFF, 0x50, 0x00, 0x00, 0x00, 0x00, 0x00, 0x00, 0x00,
    0x00, 0x00, 0x00, 0xF3, 0xFF, 0x4F, 0x00, 0x00, 0x00, 0x00, 0x00, 0x00, 0x00, 0x00, 0x00, 0x00, 0xCA, 0xFB, 0x29, 0x00, 0x00, 0x00, 0x00, 0x00,
    0x00, 0x00, 0x00, 0x00, 0x00, 0x0C, 0x1E, 0x00, 0x00, 0x00, 0x00, 0x00, 0x00, 0x00, 0x00, 0x00, 0x00, 0x00, 0x00, 0x00, 0x00, 0x00, 0x01, 0x30,
    0x5C, 0x6E, 0x60, 0x3D, 0x05, 0x00, 0x00, 0x00, 0x00, 0x00, 0x00, 0x00, 0x00, 0x60, 0xE0, 0xFF, 0xFF, 0xFF, 0xFF, 0xFF, 0xF0, 0x7F, 0x07, 0x00,
    0x00, 0x00, 0x00, 0x01, 0x9C, 0xFF, 0xFF, 0xFF, 0xFC, 0xED, 0xF9, 0xFF, 0xFF, 0xFF, 0xC2, 0x0D, 0x00, 0x00, 0x00, 0x76, 0xFF, 0xFF, 0xC4, 0x45,
    0x06, 0x00, 0x01, 0x31, 0xA4, 0xFF, 0xFF, 0xA3, 0x00, 0x00, 0x11, 0xF4, 0xFF, 0xAF, 0x04, 0x00, 0x00, 0x00, 0x00, 0x00, 0x00, 0x7E, 0xFF, 0xFF,
    0x30, 0x00, 0x69, 0xFF, 0xF6, 0x14, 0x00, 0x00, 0x00, 0x00, 0x00, 0x00, 0x00, 0x01, 0xD7, 0xFF, 0x93, 0x00, 0xA7, 0xFF, 0xB1, 0x00, 0x00, 0x00,
    0x00, 0x00, 0x00, 0x00, 0x00, 0x00, 0x80, 0xFF, 0xCF, 0x00, 0xC8, 0xFF, 0x86, 0x00, 0x00, 0x00, 0x00, 0x00, 0x00, 0x00, 0x00, 0x00, 0x57, 0xFF,
    0xEF, 0x00, 0xD8, 0xFF, 0x78, 0x00, 0x00, 0x00, 0x00, 0x00, 0x00, 0x00, 0x00, 0x00, 0x49, 0xFF, 0xFE, 0x01, 0xDC, 0xFF, 0x78, 0x00, 0x00, 0x00,
    0x00, 0x00, 0x00, 0x00, 0x00, 0x00, 0x48, 0xFF, 0xFF, 0x04, 0xDC, 0xFF, 0x78, 0x00, 0x00, 0x00, 0x00, 0x00, 0x00, 0x00, 0x00, 0x00, 0x48, 0xFF,
    0xFF, 0x04, 0xDC, 0xFF, 0x78, 0x00, 0x00, 0x00, 0x00, 0x00, 0x00, 0x00, 0x00, 0x00, 0x48, 0xFF, 0xFF, 0x04, 0xDC, 0xFF, 0x78, 0x00, 0x00, 0x00,
    0x00, 0x00, 0x00, 0x00, 0x00, 0x00, 0x48, 0xFF, 0xFF, 0x04, 0xDC, 0xFF, 0x78, 0x00, 0x00, 0x00, 0x00, 0x00, 0x00, 0x00, 0x00, 0x00, 0x48, 0xFF,
    0xFF, 0x04, 0xD8, 0xFF, 0x78, 0x00, 0x00, 0x00, 0x00, 0x00, 0x00, 0x00, 0x00, 0x00, 0x49, 0xFF, 0xFD, 0x01, 0xC9, 0xFF, 0x85, 0x00, 0x00, 0x00,
    0x00, 0x00, 0x00, 0x00, 0x00, 0x00, 0x5C, 0xFF, 0xEB, 0x00, 0xA7, 0xFF, 0xAE, 0x00, 0x00, 0x00, 0x00, 0x00, 0x26, 0x03, 0x00, 0x00, 0x8D, 0xFF,
    0xD0, 0x00, 0x69, 0xFF, 0xF4, 0x12, 0x00, 0x00, 0x00, 0x55, 0xFF, 0x86, 0x00, 0x0C, 0xE6, 0xFF, 0x8D, 0x00, 0x10, 0xF4, 0xFF, 0xAE, 0x05, 0x00,
    0x00, 0x40, 0xFF, 0xFC, 0x3B, 0xA4, 0xFF, 0xFE, 0x35, 0x00, 0x00, 0x72, 0xFF, 0xFF, 0xCF, 0x60, 0x29, 0x18, 0xAE, 0xFF, 0xF9, 0xFF, 0xFF, 0x9C,
    0x00, 0x00, 0x00, 0x01, 0x95, 0xFF, 0xFF, 0xFF, 0xFF, 0xFF, 0xFF, 0xFF, 0xFF, 0xFF, 0xAD, 0x09, 0x00, 0x00, 0x00, 0x00, 0x00, 0x52, 0xCB, 0xFE,
    0xFF, 0xFF, 0xFF, 0xFF, 0xFF, 0xFF, 0x4C, 0x00, 0x00, 0x00, 0x00, 0x00, 0x00, 0x00, 0x00, 0x16, 0x3C, 0x4B, 0x3F, 0x19, 0x7F, 0xFF, 0xE8, 0x15,
    0x00, 0x00, 0x00, 0x00, 0x00, 0x00, 0x00, 0x00, 0x00, 0x00, 0x00, 0x00, 0x04, 0xCB, 0xFF, 0xA4, 0x00, 0x00, 0x00, 0x00, 0x00, 0x00, 0x00, 0x00,
    0x00, 0x00, 0x00, 0x00, 0x00, 0x29, 0xF5, 0xD8, 0x00, 0x00, 0x00, 0x00, 0x00, 0x00, 0x00, 0x00, 0x00, 0x00, 0x00, 0x00, 0x00, 0x00, 0x2C, 0x27,
    0x00, 0x00, 0x05, 0x23, 0x24, 0x24, 0x24, 0x23, 0x1B, 0x0A, 0x00, 0x00, 0x00, 0x00, 0x00, 0x00, 0xBF, 0xFF, 0xFF, 0xFF, 0xFF, 0xFF, 0xFF, 0xFF,
    0xDC, 0x92, 0x23, 0x00, 0x00, 0x00, 0xF3, 0xFF, 0xFF, 0xFF, 0xFF, 0xFF, 0xFF, 0xFF, 0xFF, 0xFF, 0xF6, 0x54, 0x00, 0x00, 0xF4, 0xFF, 0x76, 0x38,
    0x38, 0x38, 0x41, 0x5D, 0x9B, 0xF8, 0xFF, 0xF9, 0x24, 0x00, 0xF4, 0xFF, 0x50, 0x00, 0x00, 0x00, 0x00, 0x00, 0x00, 0x33, 0xF9, 0xFF, 0x94, 0x00,
    0xF4, 0xFF, 0x50, 0x00, 0x00, 0x00, 0x00, 0x00, 0x00, 0x00, 0xA5, 0xFF, 0xD3, 0x00, 0xF4, 0xFF, 0x50, 0x00, 0x00, 0x00, 0x00, 0x00, 0x00, 0x00,
    0x76, 0xFF, 0xEC, 0x00, 0xF4, 0xFF, 0x50, 0x00, 0x00, 0x00, 0x00, 0x00, 0x00, 0x00, 0x7D, 0xFF, 0xDF, 0x00, 0xF4, 0xFF, 0x50, 0x00, 0x00, 0x00,
    0x00, 0x00, 0x00, 0x00, 0xB0, 0xFF, 0xC2, 0x00, 0xF4, 0xFF, 0x50, 0x00, 0x00, 0x00, 0x00, 0x00, 0x00, 0x4C, 0xFE, 0xFF, 0x73, 0x00, 0xF4, 0xFF,
    0x8C, 0x58, 0x58, 0x58, 0x5F, 0x78, 0xB8, 0xFE, 0xFF, 0xE5, 0x11, 0x00, 0xF4, 0xFF, 0xFF, 0xFF, 0xFF, 0xFF, 0xFF, 0xFF, 0xFF, 0xFF, 0xE1, 0x29,
    0x00, 0x00, 0xF4, 0xFF, 0xF7, 0xF4, 0xF4, 0xF4, 0xF4, 0xFF, 0xFF, 0x8F, 0x06, 0x00, 0x00, 0x00, 0xF4, 0xFF, 0x50, 0x00, 0x00, 0x00, 0x00, 0xC5,
    0xFF, 0xB5, 0x00, 0x00, 0x00, 0x00, 0xF4, 0xFF, 0x50, 0x00, 0x00, 0x00, 0x00, 0x51, 0xFF, 0xFF, 0x2F, 0x00, 0x00, 0x00, 0xF4, 0xFF, 0x50, 0x00,
    0x00, 0x00, 0x00, 0x02, 0xDA, 0xFF, 0xA8, 0x00, 0x00, 0x00, 0xF4, 0xFF, 0x50, 0x00, 0x00, 0x00, 0x00, 0x00, 0x69, 0xFF, 0xFD, 0x24, 0x00, 0x00,
    0xF4, 0xFF, 0x50, 0x00, 0x00, 0x00, 0x00, 0x00, 0x09, 0xEB, 0xFF, 0x98, 0x00, 0x00, 0xF4, 0xFF, 0x50, 0x00, 0x00, 0x00, 0x00, 0x00, 0x00, 0x82,
    0xFF, 0xF8, 0x18, 0x00, 0xF4, 0xFF, 0x50, 0x00, 0x00, 0x00, 0x00, 0x00, 0x00, 0x16, 0xF7, 0xFF, 0x85, 0x00, 0xF3, 0xFF, 0x4F, 0x00, 0x00, 0x00,
    0x00, 0x00, 0x00, 0x00, 0x9A, 0xFF, 0xEC, 0x07, 0xCA, 0xFB, 0x28, 0x00, 0x00, 0x00, 0x00, 0x00, 0x00, 0x00, 0x25, 0xF6, 0xE7, 0x08, 0x0C, 0x1E,
    0x00, 0x00, 0x00, 0x00, 0x00, 0x00, 0x00, 0x00, 0x00, 0x1B, 0x12, 0x00, 0x00, 0x00, 0x00, 0x00, 0x01, 0x2B, 0x56, 0x66, 0x54, 0x39, 0x0D, 0x00,
    0x00, 0x00, 0x00, 0x00, 0x00, 0x61, 0xDC, 0xFF, 0xFF, 0xFF, 0xFF, 0xFF, 0xFA, 0xA6, 0x0E, 0x00, 0x00, 0x01, 0x9D, 0xFF, 0xFF, 0xFF, 0xEC, 0xDC,
    0xF0, 0xFF, 0xFF, 0xFF, 0x6D, 0x00, 0x00, 0x5E, 0xFF, 0xFF, 0x96, 0x1F, 0x00, 0x00, 0x00, 0x1B, 0x67, 0xA8, 0x26, 0x00, 0x00, 0xCA, 0xFF, 0xA5,
    0x00, 0x00, 0x00, 0x00, 0x00, 0x00, 0x00, 0x00, 0x00, 0x00, 0x05, 0xFE, 0xFF, 0x3E, 0x00, 0x00, 0x00, 0x00, 0x00, 0x00, 0x00, 0x00, 0x00, 0x00,
    0x17, 0xFF, 0xFF, 0x20, 0x00, 0x00, 0x00, 0x00, 0x00, 0x00, 0x00, 0x00, 0x00, 0x00, 0x0C, 0xFF, 0xFF, 0x33, 0x00, 0x00, 0x00, 0x00, 0x00, 0x00,
    0x00, 0x00, 0x00, 0x00, 0x00, 0xDA, 0xFF, 0x9C, 0x00, 0x00, 0x00, 0x00, 0x00, 0x00, 0x00, 0x00, 0x00, 0x00, 0x00, 0x73, 0xFF, 0xFF, 0xB1, 0x48,
    0x0F, 0x00, 0x00, 0x00, 0x00, 0x00, 0x00, 0x00, 0x00, 0x04, 0xB6, 0xFF, 0xFF, 0xFF, 0xFE, 0xD9, 0x9F, 0x52, 0x05, 0x00, 0x00, 0x00, 0x00, 0x00,
    0x04, 0x74, 0xE6, 0xFF, 0xFF, 0xFF, 0xFF, 0xFF, 0xDD, 0x41, 0x00, 0x00, 0x00, 0x00, 0x00, 0x00, 0x02, 0x34, 0x6E, 0xA5, 0xE4, 0xFF, 0xFF, 0xFA,
    0x3D, 0x00, 0x00, 0x00, 0x00, 0x00, 0x00, 0x00, 0x00, 0x00, 0x01, 0x52, 0xED, 0xFF, 0xCA, 0x00, 0x00, 0x00, 0x00, 0x00, 0x00, 0x00, 0x00, 0x00,
    0x00, 0x00, 0x4D, 0xFF, 0xFF, 0x16, 0x00, 0x00, 0x00, 0x00, 0x00, 0x00, 0x00, 0x00, 0x00, 0x00, 0x0B, 0xFF, 0xFF, 0x35, 0x00, 0x00, 0x00, 0x00,
    0x00, 0x00, 0x00, 0x00, 0x00, 0x00, 0x09, 0xFF, 0xFF, 0x35, 0x00, 0x00, 0x00, 0x00, 0x00, 0x00, 0x00, 0x00, 0x00, 0x00, 0x3A, 0xFF, 0xFF, 0x1A,
    0x00, 0x00, 0x00, 0x00, 0x00, 0x00, 0x00, 0x00, 0x00, 0x03, 0xBC, 0xFF, 0xD5, 0x00, 0x00, 0x8B, 0xCD, 0x88, 0x3D, 0x16, 0x02, 0x0D, 0x46, 0xC1,
    0xFF, 0xFF, 0x59, 0x00, 0x00, 0xCE, 0xFF, 0xFF, 0xFF, 0xFF, 0xFF, 0xFF, 0xFF, 0xFF, 0xFE, 0x82, 0x00, 0x00, 0x00, 0x1F, 0x98, 0xE9, 0xFF, 0xFF,
    0xFF, 0xFF, 0xF7, 0xB1, 0x3C, 0x00, 0x00, 0x00, 0x00, 0x00, 0x00, 0x02, 0x1C, 0x31, 0x3A, 0x29, 0x05, 0x00, 0x00, 0x00, 0x00, 0x00, 0x00, 0x1C,
    0x24, 0x24, 0x24, 0x24, 0x24, 0x24, 0x24, 0x24, 0x24, 0x24, 0x24, 0x18, 0x00, 0x5B, 0xFF, 0xFF, 0xFF, 0xFF, 0xFF, 0xFF, 0xFF, 0xFF, 0xFF, 0xFF,
    0xFF, 0xFF, 0xFD, 0x40, 0x64, 0xFF, 0xFF, 0xFF, 0xFF, 0xFF, 0xFF, 0xFF, 0xFF, 0xFF, 0xFF, 0xFF, 0xFF, 0xFF, 0x47, 0x00, 0x28, 0x30, 0x30, 0x30,
    0x30, 0x98, 0xFF, 0xCF, 0x30, 0x30, 0x30, 0x30, 0x23, 0x00, 0x00, 0x00, 0x00, 0x00, 0x00, 0x00, 0x80, 0xFF, 0xC4, 0x00, 0x00, 0x00, 0x00, 0x00,
    0x00, 0x00, 0x00, 0x00, 0x00, 0x00, 0x00, 0x80, 0xFF, 0xC4, 0x00, 0x00, 0x00, 0x00, 0x00, 0x00, 0x00, 0x00, 0x00, 0x00, 0x00, 0x00, 0x80, 0xFF,
    0xC4, 0x00, 0x00, 0x00, 0x00, 0x00, 0x00, 0x00, 0x00, 0x00, 0x00, 0x00, 0x00, 0x80, 0xFF, 0xC4, 0x00, 0x00, 0x00, 0x00, 0x00, 0x00, 0x00, 0x00,
    0x00, 0x00, 0x00, 0x00, 0x80, 0xFF, 0xC4, 0x00, 0x00, 0x00, 0x00, 0x00, 0x00, 0x00, 0x00, 0x00, 0x00, 0x00, 0x00, 0x80, 0xFF, 0xC4, 0x00, 0x00,
    0x00, 0x00, 0x00, 0x00, 0x00, 0x00, 0x00, 0x00, 0x00, 0x00, 0x80, 0xFF, 0xC4, 0x00, 0x00, 0x00, 0x00, 0x00, 0x00, 0x00, 0x00, 0x00, 0x00, 0x00,
    0x00, 0x80, 0xFF, 0xC4, 0x00, 0x00, 0x00, 0x00, 0x00, 0x00, 0x00, 0x00, 0x00, 0x00, 0x00, 0x00, 0x80, 0xFF, 0xC4, 0x00, 0x00, 0x00, 0x00, 0x00,
    0x00, 0x00, 0x00, 0x00, 0x00, 0x00, 0x00, 0x80, 0xFF, 0xC4, 0x00, 0x00, 0x00, 0x00, 0x00, 0x00, 0x00, 0x00, 0x00, 0x00, 0x00, 0x00, 0x80, 0xFF,
    0xC4, 0x00, 0x00, 0x00, 0x00, 0x00, 0x00, 0x00, 0x00, 0x00, 0x00, 0x00, 0x00, 0x80, 0xFF, 0xC4, 0x00, 0x00, 0x00, 0x00, 0x00, 0x00, 0x00, 0x00,
    0x00, 0x00, 0x00, 0x00, 0x80, 0xFF, 0xC4, 0x00, 0x00, 0x00, 0x00, 0x00, 0x00, 0x00, 0x00, 0x00, 0x00, 0x00, 0x00, 0x80, 0xFF, 0xC4, 0x00, 0x00,
    0x00, 0x00, 0x00, 0x00, 0x00, 0x00, 0x00, 0x00, 0x00, 0x00, 0x80, 0xFF, 0xC4, 0x00, 0x00, 0x00, 0x00, 0x00, 0x00, 0x00, 0x00, 0x00, 0x00, 0x00,
    0x00, 0x80, 0xFF, 0xC4, 0x00, 0x00, 0x00, 0x00, 0x00, 0x00, 0x00, 0x00, 0x00, 0x00, 0x00, 0x00, 0x7F, 0xFF, 0xC3, 0x00, 0x00, 0x00, 0x00, 0x00,
    0x00, 0x00, 0x00, 0x00, 0x00, 0x00, 0x00, 0x58, 0xFF, 0x98, 0x00, 0x00, 0x00, 0x00, 0x00, 0x00, 0x00, 0x00, 0x00, 0x00, 0x00, 0x00, 0x00, 0x27,
    0x04, 0x00, 0x00, 0x00, 0x00, 0x00, 0x00, 0x00, 0x44, 0x41, 0x00, 0x00, 0x00, 0x00, 0x00, 0x00, 0x00, 0x00, 0x00, 0x00, 0x37, 0x50, 0x00, 0x17,
    0xFD, 0xFA, 0x0E, 0x00, 0x00, 0x00, 0x00, 0x00, 0x00, 0x00, 0x00, 0x02, 0xF2, 0xFF, 0x29, 0x28, 0xFF, 0xFF, 0x1C, 0x00, 0x00, 0x00, 0x00, 0x00,
    0x00, 0x00, 0x00, 0x08, 0xFF, 0xFF, 0x3C, 0x28, 0xFF, 0xFF, 0x1C, 0x00, 0x00, 0x00, 0x00, 0x00, 0x00, 0x00, 0x00, 0x08, 0xFF, 0xFF, 0x3C, 0x28,
    0xFF, 0xFF, 0x1C, 0x00, 0x00, 0x00, 0x00, 0x00, 0x00, 0x00, 0x00, 0x08, 0xFF, 0xFF, 0x3C, 0x28, 0xFF, 0xFF, 0x1C, 0x00, 0x00, 0x00, 0x00, 0x00,
    0x00, 0x00, 0x00, 0x08, 0xFF, 0xFF, 0x3C, 0x28, 0xFF, 0xFF, 0x1C, 0x00, 0x00, 0x00, 0x00, 0x00, 0x00, 0x00, 0x00, 0x08, 0xFF, 0xFF, 0x3C, 0x28,
    0xFF, 0xFF, 0x1C, 0x00, 0x00, 0x00, 0x00, 0x00, 0x00, 0x00, 0x00, 0x08, 0xFF, 0xFF, 0x3C, 0x28, 0xFF, 0xFF, 0x1C, 0x00, 0x00, 0x00, 0x00, 0x00,
    0x00, 0x00, 0x00, 0x08, 0xFF, 0xFF, 0x3C, 0x28, 0xFF, 0xFF, 0x1C, 0x00, 0x00, 0x00, 0x00, 0x00, 0x00, 0x00, 0x00, 0x08, 0xFF, 0xFF, 0x3C, 0x28,
    0xFF, 0xFF, 0x1C, 0x00, 0x00, 0x00, 0x00, 0x00, 0x00, 0x00, 0x00, 0x08, 0xFF, 0xFF, 0x3C, 0x28, 0xFF, 0xFF, 0x1C, 0x00, 0x00, 0x00, 0x00, 0x00,
    0x00, 0x00, 0x00, 0x08, 0xFF, 0xFF, 0x3C, 0x28, 0xFF, 0xFF, 0x1C, 0x00, 0x00, 0x00, 0x00, 0x00, 0x00, 0x00, 0x00, 0x08, 0xFF, 0xFF, 0x3C, 0x28,
    0xFF, 0xFF, 0x1C, 0x00, 0x00, 0x00, 0x00, 0x00, 0x00, 0x00, 0x00, 0x08, 0xFF, 0xFF, 0x3C, 0x24, 0xFF, 0xFF, 0x1C, 0x00, 0x00, 0x00, 0x00, 0x00,
    0x00, 0x00, 0x00, 0x09, 0xFF, 0xFF, 0x37, 0x16, 0xFF, 0xFF, 0x29, 0x00, 0x00, 0x00, 0x00, 0x00, 0x00, 0x00, 0x00, 0x17, 0xFF, 0xFF, 0x28, 0x02,
    0xF3, 0xFF, 0x51, 0x00, 0x00, 0x00, 0x00, 0x00, 0x00, 0x00, 0x00, 0x3E, 0xFF, 0xFC, 0x0C, 0x00, 0xBC, 0xFF, 0xA5, 0x00, 0x00, 0x00, 0x00, 0x00,
    0x00, 0x00, 0x00, 0x91, 0xFF, 0xCF, 0x00, 0x00, 0x5E, 0xFF, 0xFD, 0x4A, 0x00, 0x00, 0x00, 0x00, 0x00, 0x00, 0x33, 0xF8, 0xFF, 0x70, 0x00, 0x00,
    0x05, 0xCE, 0xFF, 0xFA, 0x90, 0x38, 0x15, 0x14, 0x32, 0x80, 0xF2, 0xFF, 0xDA, 0x0B, 0x00, 0x00, 0x00, 0x22, 0xDD, 0xFF, 0xFF, 0xFF, 0xFF, 0xFF,
    0xFF, 0xFF, 0xFF, 0xE3, 0x2B, 0x00, 0x00, 0x00, 0x00, 0x00, 0x13, 0x8E, 0xEE, 0xFF, 0xFF, 0xFF, 0xFF, 0xF0, 0x94, 0x16, 0x00, 0x00, 0x00, 0x00,
    0x00, 0x00, 0x00, 0x00, 0x03, 0x2E, 0x46, 0x46, 0x2F, 0x03, 0x00, 0x00, 0x00, 0x00, 0x00, 0x07, 0x5D, 0x1B, 0x00, 0x00, 0x00, 0x00, 0x00, 0x00,
    0x00, 0x00, 0x00, 0x00, 0x36, 0x46, 0x00, 0x6E, 0xFF, 0xC3, 0x00, 0x00, 0x00, 0x00, 0x00, 0x00, 0x00, 0x00, 0x00, 0x10, 0xF3, 0xFD, 0x18, 0x60,
    0xFF, 0xFF, 0x1A, 0x00, 0x00, 0x00, 0x00, 0x00, 0x00, 0x00, 0x00, 0x58, 0xFF, 0xF5, 0x08, 0x15, 0xFD, 0xFF, 0x65, 0x00, 0x00, 0x00, 0x00, 0x00,
    0x00, 0x00, 0x00, 0xA4, 0xFF, 0xB1, 0x00, 0x00, 0xC4, 0xFF, 0xB0, 0x00, 0x00, 0x00, 0x00, 0x00, 0x00, 0x00, 0x03, 0xEC, 0xFF, 0x63, 0x00, 0x00,
    0x75, 0xFF, 0xF4, 0x07, 0x00, 0x00, 0x00, 0x00, 0x00, 0x00, 0x3B, 0xFF, 0xFD, 0x17, 0x00, 0x00, 0x25, 0xFF, 0xFF, 0x47, 0x00, 0x00, 0x00, 0x00,
    0x00, 0x00, 0x87, 0xFF, 0xC5, 0x00, 0x00, 0x00, 0x00, 0xD5, 0xFF, 0x93, 0x00, 0x00, 0x00, 0x00, 0x00, 0x00, 0xD3, 0xFF, 0x76, 0x00, 0x00, 0x00,
    0x00, 0x85, 0xFF, 0xDE, 0x00, 0x00, 0x00, 0x00, 0x00, 0x1E, 0xFF, 0xFF, 0x27, 0x00, 0x00, 0x00, 0x00, 0x35, 0xFF, 0xFF, 0x2A, 0x00, 0x00, 0x00,
    0x00, 0x6A, 0xFF, 0xD7, 0x00, 0x00, 0x00, 0x00, 0x00, 0x01, 0xE3, 0xFF, 0x76, 0x00, 0x00, 0x00, 0x00, 0xB6, 0xFF, 0x88, 0x00, 0x00, 0x00, 0x00,
    0x00, 0x00, 0x94, 0xFF, 0xC1, 0x00, 0x00, 0x00, 0x0A, 0xF7, 0xFF, 0x38, 0x00, 0x00, 0x00, 0x00, 0x00, 0x00, 0x43, 0xFF, 0xFB, 0x11, 0x00, 0x00,
    0x4D, 0xFF, 0xE6, 0x01, 0x00, 0x00, 0x00, 0x00, 0x00, 0x00, 0x04, 0xEE, 0xFF, 0x58, 0x00, 0x00, 0x99, 0xFF, 0x98, 0x00, 0x00, 0x00, 0x00, 0x00,
    0x00, 0x00, 0x00, 0xA3, 0xFF, 0xA4, 0x00, 0x00, 0xE3, 0xFF, 0x48, 0x00, 0x00, 0x00, 0x00, 0x00, 0x00, 0x00, 0x00, 0x53, 0xFF, 0xEC, 0x03, 0x30,
    0xFF, 0xF2, 0x06, 0x00, 0x00, 0x00, 0x00, 0x00, 0x00, 0x00, 0x00, 0x0B, 0xF7, 0xFF, 0x3B, 0x7C, 0xFF, 0xA9, 0x00, 0x00, 0x00, 0x00, 0x00, 0x00,
    0x00, 0x00, 0x00, 0x00, 0xB2, 0xFF, 0x87, 0xC8, 0xFF, 0x59, 0x00, 0x00, 0x00, 0x00, 0x00, 0x00, 0x00, 0x00, 0x00, 0x00, 0x61, 0xFF, 0xE0, 0xFD,
    0xFA, 0x0F, 0x00, 0x00, 0x00, 0x00, 0x00, 0x00, 0x00, 0x00, 0x00, 0x00, 0x14, 0xFC, 0xFF, 0xFF, 0xB9, 0x00, 0x00, 0x00, 0x00, 0x00, 0x00, 0x00,
    0x00, 0x00, 0x00, 0x00, 0x00, 0xBF, 0xFF, 0xFF, 0x69, 0x00, 0x00, 0x00, 0x00, 0x00, 0x00, 0x00, 0x00, 0x00, 0x00, 0x00, 0x00, 0x56, 0xFF, 0xEB,
    0x12, 0x00, 0x00, 0x00, 0x00, 0x00, 0x00, 0x00, 0x00, 0x00, 0x00, 0x00, 0x00, 0x00, 0x2A, 0x15, 0x00, 0x00, 0x00, 0x00, 0x00, 0x00, 0x00, 0x00,
    0x48, 0x37, 0x00, 0x00, 0x00, 0x00, 0x00, 0x00, 0x00, 0x00, 0x07, 0x64, 0x23, 0x00, 0x00, 0x00, 0x00, 0x00, 0x00, 0x00, 0x00, 0x0F, 0x61, 0x0F,
    0x27, 0xFF, 0xF4, 0x12, 0x00, 0x00, 0x00, 0x00, 0x00, 0x00, 0x00, 0x78, 0xFF, 0xD4, 0x00, 0x00, 0x00, 0x00, 0x00, 0x00, 0x00, 0x00, 0x90, 0xFF,
    0x81, 0x22, 0xFF, 0xFF, 0x4C, 0x00, 0x00, 0x00, 0x00, 0x00, 0x00, 0x00, 0xC8, 0xFF, 0xFF, 0x22, 0x00, 0x00, 0x00, 0x00, 0x00, 0x00, 0x00, 0xD4,
    0xFF, 0x64, 0x00, 0xE4, 0xFF, 0x84, 0x00, 0x00, 0x00, 0x00, 0x00, 0x00, 0x10, 0xFC, 0xFF, 0xFF, 0x65, 0x00, 0x00, 0x00, 0x00, 0x00, 0x00, 0x10,
    0xFE, 0xFF, 0x25, 0x00, 0xA7, 0xFF, 0xBC, 0x00, 0x00, 0x00, 0x00, 0x00, 0x00, 0x52, 0xFF, 0xF2, 0xFF, 0xA7, 0x00, 0x00, 0x00, 0x00, 0x00, 0x00,
    0x4A, 0xFF, 0xE6, 0x00, 0x00, 0x69, 0xFF, 0xF2, 0x02, 0x00, 0x00, 0x00, 0x00, 0x00, 0x96, 0xFF, 0x7F, 0xFF, 0xE8, 0x00, 0x00, 0x00, 0x00, 0x00,
    0x00, 0x85, 0xFF, 0xA7, 0x00, 0x00, 0x2A, 0xFF, 0xFF, 0x2D, 0x00, 0x00, 0x00, 0x00, 0x00, 0xDB, 0xFD, 0x13, 0xE5, 0xFF, 0x2C, 0x00, 0x00, 0x00,
    0x00, 0x00, 0xC0, 0xFF, 0x67, 0x00, 0x00, 0x00, 0xEA, 0xFF, 0x65, 0x00, 0x00, 0x00, 0x00, 0x20, 0xFF, 0xCC, 0x00, 0xA1, 0xFF, 0x6E, 0x00, 0x00,
    0x00, 0x00, 0x05, 0xF6, 0xFF, 0x26, 0x00, 0x00, 0x00, 0xAC, 0xFF, 0x9D, 0x00, 0x00, 0x00, 0x00, 0x65, 0xFF, 0x87, 0x00, 0x5B, 0xFF, 0xB1, 0x00,
    0x00, 0x00, 0x00, 0x36, 0xFF, 0xE6, 0x00, 0x00, 0x00, 0x00, 0x6D, 0xFF, 0xD6, 0x00, 0x00, 0x00, 0x00, 0xAA, 0xFF, 0x42, 0x00, 0x17, 0xFE, 0xF0,
    0x03, 0x00, 0x00, 0x00, 0x71, 0xFF, 0xA5, 0x00, 0x00, 0x00, 0x00, 0x2E, 0xFF, 0xFE, 0x0F, 0x00, 0x00, 0x02, 0xEC, 0xF6, 0x07, 0x00, 0x00, 0xD1,
    0xFF, 0x36, 0x00, 0x00, 0x00, 0xAC, 0xFF, 0x64, 0x00, 0x00, 0x00, 0x00, 0x01, 0xEC, 0xFF, 0x46, 0x00, 0x00, 0x34, 0xFF, 0xB8, 0x00, 0x00, 0x00,
    0x8B, 0xFF, 0x78, 0x00, 0x00, 0x00, 0xE7, 0xFF, 0x24, 0x00, 0x00, 0x00, 0x00, 0x00, 0xAE, 0xFF, 0x7E, 0x00, 0x00, 0x79, 0xFF, 0x73, 0x00, 0x00,
    0x00, 0x46, 0xFF, 0xBB, 0x00, 0x00, 0x23, 0xFF, 0xE3, 0x00, 0x00, 0x00, 0x00, 0x00, 0x00, 0x6F, 0xFF, 0xB7, 0x00, 0x00, 0xBE, 0xFF, 0x2D, 0x00,
    0x00, 0x00, 0x09, 0xF7, 0xF6, 0x07, 0x00, 0x5E, 0xFF, 0xA2, 0x00, 0x00, 0x00, 0x00, 0x00, 0x00, 0x2F, 0xFF, 0xEE, 0x01, 0x09, 0xF8, 0xE6, 0x00,
    0x00, 0x00, 0x00, 0x00, 0xBC, 0xFF, 0x40, 0x00, 0x99, 0xFF, 0x61, 0x00, 0x00, 0x00, 0x00, 0x00, 0x00, 0x02, 0xEE, 0xFF, 0x27, 0x47, 0xFF, 0xA0,
    0x00, 0x00, 0x00, 0x00, 0x00, 0x76, 0xFF, 0x82, 0x00, 0xD4, 0xFF, 0x20, 0x00, 0x00, 0x00, 0x00, 0x00, 0x00, 0x00, 0xB0, 0xFF, 0x5F, 0x8C, 0xFF,
    0x59, 0x00, 0x00, 0x00, 0x00, 0x00, 0x31, 0xFF, 0xC4, 0x10, 0xFE, 0xDF, 0x00, 0x00, 0x00, 0x00, 0x00, 0x00, 0x00, 0x00, 0x71, 0xFF, 0x98, 0xD1,
    0xFD, 0x14, 0x00, 0x00, 0x00, 0x00, 0x00, 0x01, 0xEA, 0xFA, 0x56, 0xFF, 0x9E, 0x00, 0x00, 0x00, 0x00, 0x00, 0x00, 0x00, 0x00, 0x31, 0xFF, 0xE1,
    0xFE, 0xCA, 0x00, 0x00, 0x00, 0x00, 0x00, 0x00, 0x00, 0xA6, 0xFF, 0xCE, 0xFF, 0x5D, 0x00, 0x00, 0x00, 0x00, 0x00, 0x00, 0x00, 0x00, 0x02, 0xEF,
    0xFF, 0xFF, 0x82, 0x00, 0x00, 0x00, 0x00, 0x00, 0x00, 0x00, 0x61, 0xFF, 0xFF, 0xFF, 0x1C, 0x00, 0x00, 0x00, 0x00, 0x00, 0x00, 0x00, 0x00, 0x00,
    0xB2, 0xFF, 0xFF, 0x3A, 0x00, 0x00, 0x00, 0x00, 0x00, 0x00, 0x00, 0x1C, 0xFF, 0xFF, 0xDB, 0x00, 0x00, 0x00, 0x00, 0x00, 0x00, 0x00, 0x00, 0x00,
    0x00, 0x5A, 0xFF, 0xD7, 0x02, 0x00, 0x00, 0x00, 0x00, 0x00, 0x00, 0x00, 0x00, 0xBE, 0xFF, 0x7D, 0x00, 0x00, 0x00, 0x00, 0x00, 0x00, 0x00, 0x00,
    0x00, 0x00, 0x00, 0x2F, 0x0F, 0x00, 0x00, 0x00, 0x00, 0x00, 0x00, 0x00, 0x00, 0x00, 0x0A, 0x33, 0x01, 0x00, 0x00, 0x00, 0x00, 0x00, 0x00, 0x2F,
    0x52, 0x00, 0x00, 0x00, 0x00, 0x00, 0x00, 0x00, 0x00, 0x00, 0x1B, 0x5B, 0x01, 0x00, 0xDC, 0xFF, 0x4B, 0x00, 0x00, 0x00, 0x00, 0x00, 0x00, 0x00,
    0x01, 0xC8, 0xFF, 0x3E, 0x00, 0xAE, 0xFF, 0xD7, 0x04, 0x00, 0x00, 0x00, 0x00, 0x00, 0x00, 0x5E, 0xFF, 0xF0, 0x11, 0x00, 0x27, 0xFA, 0xFF, 0x6D,
    0x00, 0x00, 0x00, 0x00, 0x00, 0x0A, 0xE4, 0xFF, 0x71, 0x00, 0x00, 0x00, 0x8A, 0xFF, 0xED, 0x11, 0x00, 0x00, 0x00, 0x00, 0x82, 0xFF, 0xD5, 0x04,
    0x00, 0x00, 0x00, 0x0C, 0xE5, 0xFF, 0x8F, 0x00, 0x00, 0x00, 0x1D, 0xF6, 0xFF, 0x44, 0x00, 0x00, 0x00, 0x00, 0x00, 0x5A, 0xFF, 0xFA, 0x25, 0x00,
    0x00, 0xA5, 0xFF, 0xAD, 0x00, 0x00, 0x00, 0x00, 0x00, 0x00, 0x00, 0xC0, 0xFF, 0xB0, 0x00, 0x38, 0xFE, 0xF6, 0x1F, 0x00, 0x00, 0x00, 0x00, 0x00,
    0x00, 0x00, 0x2D, 0xFB, 0xFF, 0x42, 0xC7, 0xFF, 0x7F, 0x00, 0x00, 0x00, 0x00, 0x00, 0x00, 0x00, 0x00, 0x00, 0x91, 0xFF, 0xEE, 0xFF, 0xDF, 0x09,
    0x00, 0x00, 0x00, 0x00, 0x00, 0x00, 0x00, 0x00, 0x00, 0x0F, 0xE9, 0xFF, 0xFF, 0x52, 0x00, 0x00, 0x00, 0x00, 0x00, 0x00, 0x00, 0x00, 0x00, 0x00,
    0x04, 0xD5, 0xFF, 0xFF, 0x5D, 0x00, 0x00, 0x00, 0x00, 0x00, 0x00, 0x00, 0x00, 0x00, 0x00, 0x72, 0xFF, 0xF5, 0xFF, 0xE7, 0x0E, 0x00, 0x00, 0x00,
    0x00, 0x00, 0x00, 0x00, 0x00, 0x19, 0xF2, 0xFF, 0x4D, 0xD1, 0xFF, 0x8F, 0x00, 0x00, 0x00, 0x00, 0x00, 0x00, 0x00, 0x00, 0xA5, 0xFF, 0xB6, 0x00,
    0x43, 0xFF, 0xFB, 0x2C, 0x00, 0x00, 0x00, 0x00, 0x00, 0x00, 0x3F, 0xFF, 0xFA, 0x27, 0x00, 0x00, 0xB2, 0xFF, 0xC1, 0x00, 0x00, 0x00, 0x00, 0x00,
    0x03, 0xD2, 0xFF, 0x8F, 0x00, 0x00, 0x00, 0x25, 0xFA, 0xFF, 0x5B, 0x00, 0x00, 0x00, 0x00, 0x6E, 0xFF, 0xEB, 0x10, 0x00, 0x00, 0x00, 0x00, 0x8E,
    0xFF, 0xE6, 0x0D, 0x00, 0x00, 0x14, 0xEF, 0xFF, 0x67, 0x00, 0x00, 0x00, 0x00, 0x00, 0x10, 0xEC, 0xFF, 0x8D, 0x00, 0x00, 0x98, 0xFF, 0xD0, 0x02,
    0x00, 0x00, 0x00, 0x00, 0x00, 0x00, 0x6B, 0xFF, 0xFB, 0x2B, 0x2A, 0xFC, 0xFF, 0x3F, 0x00, 0x00, 0x00, 0x00, 0x00, 0x00, 0x00, 0x03, 0xD5, 0xFF,
    0xB6, 0x44, 0xFF, 0xA4, 0x00, 0x00, 0x00, 0x00, 0x00, 0x00, 0x00, 0x00, 0x00, 0x42, 0xFC, 0xBA, 0x00, 0x29, 0x05, 0x00, 0x00, 0x00, 0x00, 0x00,
    0x00, 0x00, 0x00, 0x00, 0x00, 0x24, 0x0C, 0x0A, 0x62, 0x1E, 0x00, 0x00, 0x00, 0x00, 0x00, 0x00, 0x00, 0x00, 0x00, 0x1A, 0x61, 0x07, 0x74, 0xFF,
    0xD1, 0x01, 0x00, 0x00, 0x00, 0x00, 0x00, 0x00, 0x00, 0x00, 0xC2, 0xFF, 0x61, 0x41, 0xFF, 0xFF, 0x4B, 0x00, 0x00, 0x00, 0x00, 0x00, 0x00, 0x00,
    0x3B, 0xFF, 0xFC, 0x21, 0x00, 0xCD, 0xFF, 0xBE, 0x00, 0x00, 0x00, 0x00, 0x00, 0x00, 0x00, 0xB0, 0xFF, 0xA8, 0x00, 0x00, 0x55, 0xFF, 0xFF, 0x31,
    0x00, 0x00, 0x00, 0x00, 0x00, 0x26, 0xFD, 0xFF, 0x30, 0x00, 0x00, 0x02, 0xD9, 0xFF, 0xA4, 0x00, 0x00, 0x00, 0x00, 0x00, 0x99, 0xFF, 0xB6, 0x00,
    0x00, 0x00, 0x00, 0x61, 0xFF, 0xFA, 0x1C, 0x00, 0x00, 0x00, 0x16, 0xF7, 0xFF, 0x3C, 0x00, 0x00, 0x00, 0x00, 0x05, 0xE1, 0xFF, 0x8A, 0x00, 0x00,
    0x00, 0x83, 0xFF, 0xC1, 0x00, 0x00, 0x00, 0x00, 0x00, 0x00, 0x6A, 0xFF, 0xF0, 0x0D, 0x00, 0x0A, 0xED, 0xFF, 0x46, 0x00, 0x00, 0x00, 0x00, 0x00,
    0x00, 0x08, 0xE6, 0xFF, 0x70, 0x00, 0x6C, 0xFF, 0xCA, 0x00, 0x00, 0x00, 0x00, 0x00, 0x00, 0x00, 0x00, 0x73, 0xFF, 0xDF, 0x06, 0xDD, 0xFF, 0x4F,
    0x00, 0x00, 0x00, 0x00, 0x00, 0x00, 0x00, 0x00, 0x0B, 0xEB, 0xFF, 0xAA, 0xFF, 0xD2, 0x01, 0x00, 0x00, 0x00, 0x00, 0x00, 0x00, 0x00, 0x00, 0x00,
    0x79, 0xFF, 0xFF, 0xFF, 0x57, 0x00, 0x00, 0x00, 0x00, 0x00, 0x00, 0x00, 0x00, 0x00, 0x00, 0x0D, 0xEE, 0xFF, 0xD8, 0x02, 0x00, 0x00, 0x00, 0x00,
    0x00, 0x00, 0x00, 0x00, 0x00, 0x00, 0x00, 0xB4, 0xFF, 0x90, 0x00, 0x00, 0x00, 0x00, 0x00, 0x00, 0x00, 0x00, 0x00, 0x00, 0x00, 0x00, 0xB4, 0xFF,
    0x90, 0x00, 0x00, 0x00, 0x00, 0x00, 0x00, 0x00, 0x00, 0x00, 0x00, 0x00, 0x00, 0xB4, 0xFF, 0x90, 0x00, 0x00, 0x00, 0x00, 0x00, 0x00, 0x00, 0x00,
    0x00, 0x00, 0x00, 0x00, 0xB4, 0xFF, 0x90, 0x00, 0x00, 0x00, 0x00, 0x00, 0x00, 0x00, 0x00, 0x00, 0x00, 0x00, 0x00, 0xB4, 0xFF, 0x90, 0x00, 0x00,
    0x00, 0x00, 0x00, 0x00, 0x00, 0x00, 0x00, 0x00, 0x00, 0x00, 0xB4, 0xFF, 0x90, 0x00, 0x00, 0x00, 0x00, 0x00, 0x00, 0x00, 0x00, 0x00, 0x00, 0x00,
    0x00, 0xB3, 0xFF, 0x8F, 0x00, 0x00, 0x00, 0x00, 0x00, 0x00, 0x00, 0x00, 0x00, 0x00, 0x00, 0x00, 0x8A, 0xFF, 0x66, 0x00, 0x00, 0x00, 0x00, 0x00,
    0x00, 0x00, 0x00, 0x00, 0x00, 0x00, 0x00, 0x02, 0x28, 0x00, 0x00, 0x00, 0x00, 0x00, 0x00, 0x00, 0x00, 0x0C, 0x24, 0x24, 0x24, 0x24, 0x24, 0x24,
    0x24, 0x24, 0x24, 0x24, 0x24, 0x16, 0x00, 0x08, 0xE7, 0xFF, 0xFF, 0xFF, 0xFF, 0xFF, 0xFF, 0xFF, 0xFF, 0xFF, 0xFF, 0xFF, 0xFE, 0x61, 0x09, 0xF0,
    0xFF, 0xFF, 0xFF, 0xFF, 0xFF, 0xFF, 0xFF, 0xFF, 0xFF, 0xFF, 0xFF, 0xFF, 0x7D, 0x00, 0x1A, 0x3C, 0x3C, 0x3C, 0x3C, 0x3C, 0x3C, 0x3C, 0x3C, 0x3C,
    0xAD, 0xFF, 0xEC, 0x14, 0x00, 0x00, 0x00, 0x00, 0x00, 0x00, 0x00, 0x00, 0x00, 0x00, 0x2E, 0xFA, 0xFF, 0x5D, 0x00, 0x00, 0x00, 0x00, 0x00, 0x00,
    0x00, 0x00, 0x00, 0x00, 0x04, 0xCC, 0xFF, 0xB7, 0x00, 0x00, 0x00, 0x00, 0x00, 0x00, 0x00, 0x00, 0x00, 0x00, 0x00, 0x7A, 0xFF, 0xF3, 0x1E, 0x00,
    0x00, 0x00, 0x00, 0x00, 0x00, 0x00, 0x00, 0x00, 0x00, 0x28, 0xF8, 0xFF, 0x6B, 0x00, 0x00, 0x00, 0x00, 0x00, 0x00, 0x00, 0x00, 0x00, 0x00, 0x02,
    0xC6, 0xFF, 0xC2, 0x01, 0x00, 0x00, 0x00, 0x00, 0x00, 0x00, 0x00, 0x00, 0x00, 0x00, 0x70, 0xFF, 0xF7, 0x25, 0x00, 0x00, 0x00, 0x00, 0x00, 0x00,
    0x00, 0x00, 0x00, 0x00, 0x22, 0xF5, 0xFF, 0x75, 0x00, 0x00, 0x00, 0x00, 0x00, 0x00, 0x00, 0x00, 0x00, 0x00, 0x01, 0xBD, 0xFF, 0xCB, 0x03, 0x00,
    0x00, 0x00, 0x00, 0x00, 0x00, 0x00, 0x00, 0x00, 0x00, 0x66, 0xFF, 0xFA, 0x2D, 0x00, 0x00, 0x00, 0x00, 0x00, 0x00, 0x00, 0x00, 0x00, 0x00, 0x1B,
    0xF1, 0xFF, 0x7F, 0x00, 0x00, 0x00, 0x00, 0x00, 0x00, 0x00, 0x00, 0x00, 0x00, 0x00, 0xB2, 0xFF, 0xD2, 0x05, 0x00, 0x00, 0x00, 0x00, 0x00, 0x00,
    0x00, 0x00, 0x00, 0x00, 0x59, 0xFF, 0xFC, 0x33, 0x00, 0x00, 0x00, 0x00, 0x00, 0x00, 0x00, 0x00, 0x00, 0x00, 0x14, 0xEA, 0xFF, 0x87, 0x00, 0x00,
    0x00, 0x00, 0x00, 0x00, 0x00, 0x00, 0x00, 0x00, 0x00, 0xA4, 0xFF, 0xD7, 0x07, 0x00, 0x00, 0x00, 0x00, 0x00, 0x00, 0x00, 0x00, 0x00, 0x00, 0x48,
    0xFF, 0xFD, 0x39, 0x00, 0x00, 0x00, 0x00, 0x00, 0x00, 0x00, 0x00, 0x00, 0x00, 0x09, 0xDF, 0xFF, 0xD1, 0x68, 0x68, 0x68, 0x68, 0x68, 0x68, 0x68,
    0x68, 0x68, 0x4E, 0x00, 0x43, 0xFF, 0xFF, 0xFF, 0xFF, 0xFF, 0xFF, 0xFF, 0xFF, 0xFF, 0xFF, 0xFF, 0xFF, 0xFF, 0x3A, 0x1E, 0xEC, 0xFF, 0xFF, 0xFF,
    0xFF, 0xFF, 0xFF, 0xFF, 0xFF, 0xFF, 0xFF, 0xFF, 0xE7, 0x1C, 0x3E, 0x87, 0x88, 0x87, 0x40, 0xE1, 0xFF, 0xFF, 0xFF, 0xD8, 0xEC, 0xFF, 0xB1, 0xA7,
    0x59, 0xEC, 0xFF, 0x1C, 0x00, 0x00, 0xEC, 0xFF, 0x1C, 0x00, 0x00, 0xEC, 0xFF, 0x1C, 0x00, 0x00, 0xEC, 0xFF, 0x1C, 0x00, 0x00, 0xEC, 0xFF, 0x1C,
    0x00, 0x00, 0xEC, 0xFF, 0x1C, 0x00, 0x00, 0xEC, 0xFF, 0x1C, 0x00, 0x00, 0xEC, 0xFF, 0x1C, 0x00, 0x00, 0xEC, 0xFF, 0x1C, 0x00, 0x00, 0xEC, 0xFF,
    0x1C, 0x00, 0x00, 0xEC, 0xFF, 0x1C, 0x00, 0x00, 0xEC, 0xFF, 0x1C, 0x00, 0x00, 0xEC, 0xFF, 0x1C, 0x00, 0x00, 0xEC, 0xFF, 0x1C, 0x00, 0x00, 0xEC,
    0xFF, 0x1C, 0x00, 0x00, 0xEC, 0xFF, 0x1C, 0x00, 0x00, 0xEC, 0xFF, 0x1C, 0x00, 0x00, 0xEC, 0xFF, 0x1C, 0x00, 0x00, 0xEC, 0xFF, 0x1C, 0x00, 0x00,
    0xEC, 0xFF, 0x1C, 0x00, 0x00, 0xEC, 0xFF, 0x1C, 0x00, 0x00, 0xEC, 0xFF, 0x1C, 0x00, 0x00, 0xEC, 0xFF, 0x1C, 0x00, 0x00, 0xEC, 0xFF, 0x1C, 0x00,
    0x00, 0xEB, 0xFF, 0xEE, 0xEB, 0x8B, 0xC8, 0xFF, 0xFF, 0xFF, 0xC1, 0x11, 0x3F, 0x40, 0x3F, 0x10, 0x11, 0x71, 0x03, 0x00, 0x00, 0x00, 0x00, 0x00,
    0x00, 0x00, 0x00, 0x49, 0xFF, 0x58, 0x00, 0x00, 0x00, 0x00, 0x00, 0x00, 0x00, 0x00, 0x0D, 0xF8, 0xAE, 0x00, 0x00, 0x00, 0x00, 0x00, 0x00, 0x00,
    0x00, 0x00, 0xB3, 0xF7, 0x0C, 0x00, 0x00, 0x00, 0x00, 0x00, 0x00, 0x00, 0x00, 0x60, 0xFF, 0x59, 0x00, 0x00, 0x00, 0x00, 0x00, 0x00, 0x00, 0x00,
    0x11, 0xFA, 0xAF, 0x00, 0x00, 0x00, 0x00, 0x00, 0x00, 0x00, 0x00, 0x00, 0xB7, 0xF7, 0x0D, 0x00, 0x00, 0x00, 0x00, 0x00, 0x00, 0x00, 0x00, 0x63,
    0xFF, 0x5B, 0x00, 0x00, 0x00, 0x00, 0x00, 0x00, 0x00, 0x00, 0x12, 0xFB, 0xB0, 0x00, 0x00, 0x00, 0x00, 0x00, 0x00, 0x00, 0x00, 0x00, 0xBA, 0xF8,
    0x0E, 0x00, 0x00, 0x00, 0x00, 0x00, 0x00, 0x00, 0x00, 0x65, 0xFF, 0x5C, 0x00, 0x00, 0x00, 0x00, 0x00, 0x00, 0x00, 0x00, 0x14, 0xFC, 0xB1, 0x00,
    0x00, 0x00, 0x00, 0x00, 0x00, 0x00, 0x00, 0x00, 0xBC, 0xF8, 0x0E, 0x00, 0x00, 0x00, 0x00, 0x00, 0x00, 0x00, 0x00, 0x67, 0xFF, 0x5D, 0x00, 0x00,
    0x00, 0x00, 0x00, 0x00, 0x00, 0x00, 0x15, 0xFC, 0xB2, 0x00, 0x00, 0x00, 0x00, 0x00, 0x00, 0x00, 0x00, 0x00, 0xBD, 0xF8, 0x0E, 0x00, 0x00, 0x00,
    0x00, 0x00, 0x00, 0x00, 0x00, 0x67, 0xFF, 0x5D, 0x00, 0x00, 0x00, 0x00, 0x00, 0x00, 0x00, 0x00, 0x15, 0xFC, 0xB2, 0x00, 0x00, 0x00, 0x00, 0x00,
    0x00, 0x00, 0x00, 0x00, 0xBD, 0xF8, 0x0F, 0x00, 0x00, 0x00, 0x00, 0x00, 0x00, 0x00, 0x00, 0x68, 0xFF, 0x5D, 0x00, 0x00, 0x00, 0x00, 0x00, 0x00,
    0x00, 0x00, 0x16, 0xFC, 0xB2, 0x00, 0x00, 0x00, 0x00, 0x00, 0x00, 0x00, 0x00, 0x00, 0xBD, 0xF8, 0x0E, 0x00, 0x00, 0x00, 0x00, 0x00, 0x00, 0x00,
    0x00, 0x68, 0xFF, 0x5B, 0x00, 0x00, 0x00, 0x00, 0x00, 0x00, 0x00, 0x00, 0x16, 0xFC, 0xB0, 0x00, 0x00, 0x00, 0x00, 0x00, 0x00, 0x00, 0x00, 0x00,
    0xBD, 0xF7, 0x0D, 0x00, 0x00, 0x00, 0x00, 0x00, 0x00, 0x00, 0x00, 0x68, 0xFF, 0x58, 0x00, 0x00, 0x00, 0x00, 0x00, 0x00, 0x00, 0x00, 0x16, 0xFC,
    0xAA, 0x00, 0x00, 0x00, 0x00, 0x00, 0x00, 0x00, 0x00, 0x00, 0x9A, 0x8E, 0x06, 0x76, 0x88, 0x88, 0x7D, 0x0D, 0x48, 0xFF, 0xFF, 0xFF, 0xFF, 0x71,
    0x0E, 0x96, 0xA8, 0xD9, 0xFF, 0x7C, 0x00, 0x00, 0x00, 0x90, 0xFF, 0x7C, 0x00, 0x00, 0x00, 0x90, 0xFF, 0x7C, 0x00, 0x00, 0x00, 0x90, 0xFF, 0x7C,
    0x00, 0x00, 0x00, 0x90, 0xFF, 0x7C, 0x00, 0x00, 0x00, 0x90, 0xFF, 0x7C, 0x00, 0x00, 0x00, 0x90, 0xFF, 0x7C, 0x00, 0x00, 0x00, 0x90, 0xFF, 0x7C,
    0x00, 0x00, 0x00, 0x90, 0xFF, 0x7C, 0x00, 0x00, 0x00, 0x90, 0xFF, 0x7C, 0x00, 0x00, 0x00, 0x90, 0xFF, 0x7C, 0x00, 0x00, 0x00, 0x90, 0xFF, 0x7C,
    0x00, 0x00, 0x00, 0x90, 0xFF, 0x7C, 0x00, 0x00, 0x00, 0x90, 0xFF, 0x7C, 0x00, 0x00, 0x00, 0x90, 0xFF, 0x7C, 0x00, 0x00, 0x00, 0x90, 0xFF, 0x7C,
    0x00, 0x00, 0x00, 0x90, 0xFF, 0x7C, 0x00, 0x00, 0x00, 0x90, 0xFF, 0x7C, 0x00, 0x00, 0x00, 0x90, 0xFF, 0x7C, 0x00, 0x00, 0x00, 0x90, 0xFF, 0x7C,
    0x00, 0x00, 0x00, 0x90, 0xFF, 0x7C, 0x00, 0x00, 0x00, 0x90, 0xFF, 0x7C, 0x00, 0x00, 0x00, 0x90, 0xFF, 0x7C, 0x00, 0x00, 0x00, 0x90, 0xFF, 0x7C,
    0x00, 0x00, 0x00, 0x90, 0xFF, 0x7C, 0x1C, 0xD7, 0xEC, 0xF7, 0xFF, 0x7B, 0x33, 0xFF, 0xFF, 0xFF, 0xFF, 0x58, 0x00, 0x2C, 0x40, 0x40, 0x35, 0x00,
    0x00, 0x00, 0x00, 0x00, 0x00, 0x2C, 0x44, 0x01, 0x00, 0x00, 0x00, 0x00, 0x00, 0x00, 0x00, 0x00, 0x00, 0x4D, 0xFC, 0xFF, 0x8F, 0x00, 0x00, 0x00,
    0x00, 0x00, 0x00, 0x00, 0x00, 0x0A, 0xE3, 0xFF, 0xFF, 0xFE, 0x38, 0x00, 0x00, 0x00, 0x00, 0x00, 0x00, 0x00, 0x83, 0xFF, 0xC4, 0xA1, 0xFF, 0xCD,
    0x02, 0x00, 0x00, 0x00, 0x00, 0x00, 0x1F, 0xF7, 0xFE, 0x36, 0x16, 0xEF, 0xFF, 0x6A, 0x00, 0x00, 0x00, 0x00, 0x00, 0xA9, 0xFF, 0xA4, 0x00, 0x00,
    0x6B, 0xFF, 0xEE, 0x14, 0x00, 0x00, 0x00, 0x3B, 0xFF, 0xF6, 0x1D, 0x00, 0x00, 0x02, 0xCD, 0xFF, 0x9D, 0x00, 0x00, 0x01, 0xC9, 0xFF, 0x84, 0x00,
    0x00, 0x00, 0x00, 0x37, 0xFE, 0xFE, 0x38, 0x00, 0x58, 0xFF, 0xE7, 0x0C, 0x00, 0x00, 0x00, 0x00, 0x00, 0x9A, 0xFF, 0xCD, 0x02, 0xD7, 0xFF, 0x63,
    0x00, 0x00, 0x00, 0x00, 0x00, 0x00, 0x13, 0xEC, 0xFF, 0x4F, 0xAD, 0xB4, 0x02, 0x00, 0x00, 0x00, 0x00, 0x00, 0x00, 0x00, 0x55, 0xDB, 0x2B, 0x01,
    0x8D, 0xAC, 0xAC, 0xAC, 0xAC, 0xAC, 0xAC, 0xAC, 0xAC, 0xAC, 0xAB, 0x4B, 0x14, 0xFF, 0xFF, 0xFF, 0xFF, 0xFF, 0xFF, 0xFF, 0xFF, 0xFF, 0xFF, 0xFF,
    0xAF, 0x00, 0x51, 0x70, 0x70, 0x70, 0x70, 0x70, 0x70, 0x70, 0x70, 0x70, 0x6F, 0x25, 0x89, 0xB0, 0x02, 0x00, 0x91, 0xFF, 0x7D, 0x00, 0x0E, 0xE1,
    0xFB, 0x38, 0x00, 0x40, 0xFD, 0xBA, 0x00, 0x00, 0x67, 0x63, 0x00, 0x00, 0x00, 0x03, 0x29, 0x45, 0x4A, 0x38, 0x0C, 0x00, 0x00, 0x00, 0x00, 0x0E,
    0x8A, 0xEB, 0xFF, 0xFF, 0xFF, 0xFF, 0xFB, 0xA1, 0x0F, 0x00, 0x00, 0xA9, 0xFF, 0xFF, 0xFE, 0xF1, 0xF9, 0xFF, 0xFF, 0xFF, 0xB7, 0x00, 0x00, 0x74,
    0xBB, 0x55, 0x0C, 0x00, 0x01, 0x2D, 0xB1, 0xFF, 0xFF, 0x2D, 0x00, 0x00, 0x00, 0x00, 0x00, 0x00, 0x00, 0x00, 0x05, 0xE4, 0xFF, 0x6A, 0x00, 0x00,
    0x00, 0x00, 0x00, 0x00, 0x00, 0x00, 0x00, 0xA6, 0xFF, 0x89, 0x00, 0x00, 0x00, 0x00, 0x00, 0x00, 0x00, 0x00, 0x00, 0x92, 0xFF, 0x95, 0x00, 0x00,
    0x00, 0x1A, 0x5F, 0x85, 0x93, 0x98, 0x98, 0xD2, 0xFF, 0x98, 0x00, 0x05, 0x97, 0xFD, 0xFF, 0xFF, 0xFF, 0xFF, 0xFF, 0xFF, 0xFF, 0x98, 0x00, 0x8E,
    0xFF, 0xFC, 0xAB, 0x76, 0x66, 0x64, 0x64, 0xBB, 0xFF, 0x98, 0x06, 0xF3, 0xFF, 0x65, 0x00, 0x00, 0x00, 0x00, 0x00, 0x90, 0xFF, 0x98, 0x25, 0xFF,
    0xFF, 0x0C, 0x00, 0x00, 0x00, 0x00, 0x00, 0x99, 0xFF, 0x98, 0x27, 0xFF, 0xFF, 0x0F, 0x00, 0x00, 0x00, 0x00, 0x06, 0xDE, 0xFF, 0x98, 0x07, 0xF7,
    0xFF, 0x8C, 0x03, 0x00, 0x00, 0x1F, 0xB0, 0xFA, 0xFF, 0x98, 0x00, 0x94, 0xFF, 0xFF, 0xE7, 0xC4, 0xD6, 0xFC, 0xC9, 0x99, 0xFF, 0x98, 0x00, 0x09,
    0xA0, 0xFD, 0xFF, 0xFF, 0xFC, 0x9F, 0x0C, 0x75, 0xFF, 0x7C, 0x00, 0x00, 0x00, 0x17, 0x44, 0x44, 0x18, 0x00, 0x00, 0x04, 0x40, 0x04, 0x33, 0x4D,
    0x00, 0x00, 0x00, 0x00, 0x00, 0x00, 0x00, 0x00, 0x00, 0x00, 0xE4, 0xFF, 0x23, 0x00, 0x00, 0x00, 0x00, 0x00, 0x00, 0x00, 0x00, 0x00, 0xF4, 0xFF,
    0x34, 0x00, 0x00, 0x00, 0x00, 0x00, 0x00, 0x00, 0x00, 0x00, 0xF4, 0xFF, 0x34, 0x00, 0x00, 0x00, 0x00, 0x00, 0x00, 0x00, 0x00, 0x00, 0xF4, 0xFF,
    0x34, 0x00, 0x00, 0x00, 0x00, 0x00, 0x00, 0x00, 0x00, 0x00, 0xF4, 0xFF, 0x34, 0x00, 0x00, 0x00, 0x00, 0x00, 0x00, 0x00, 0x00, 0x00, 0xF4, 0xFF,
    0x34, 0x00, 0x00, 0x29, 0x48, 0x33, 0x03, 0x00, 0x00, 0x00, 0xF4, 0xFF, 0x34, 0x2A, 0xCA, 0xFF, 0xFF, 0xFF, 0xE5, 0x4D, 0x00, 0x00, 0xF4, 0xFF,
    0x63, 0xF2, 0xFF, 0xE2, 0xDE, 0xFF, 0xFF, 0xFB, 0x3D, 0x00, 0xF4, 0xFF, 0xF7, 0xB8, 0x1F, 0x00, 0x00, 0x28, 0xD5, 0xFF, 0xC8, 0x00, 0xF4, 0xFF,
    0xD1, 0x08, 0x00, 0x00, 0x00, 0x00, 0x30, 0xFF, 0xFF, 0x22, 0xF4, 0xFF, 0x66, 0x00, 0x00, 0x00, 0x00, 0x00, 0x00, 0xDA, 0xFF, 0x55, 0xF4, 0xFF,
    0x35, 0x00, 0x00, 0x00, 0x00, 0x00, 0x00, 0xB8, 0xFF, 0x6E, 0xF4, 0xFF, 0x34, 0x00, 0x00, 0x00, 0x00, 0x00, 0x00, 0xB0, 0xFF, 0x77, 0xF4, 0xFF,
    0x34, 0x00, 0x00, 0x00, 0x00, 0x00, 0x00, 0xB0, 0xFF, 0x78, 0xF4, 0xFF, 0x34, 0x00, 0x00, 0x00, 0x00, 0x00, 0x00, 0xB0, 0xFF, 0x77, 0xF4, 0xFF,
    0x36, 0x00, 0x00, 0x00, 0x00, 0x00, 0x00, 0xB6, 0xFF, 0x6F, 0xF4, 0xFF, 0x67, 0x00, 0x00, 0x00, 0x00, 0x00, 0x00, 0xD5, 0xFF, 0x5B, 0xF4, 0xFF,
    0xD2, 0x07, 0x00, 0x00, 0x00, 0x00, 0x29, 0xFF, 0xFF, 0x2E, 0xF4, 0xFF, 0xEA, 0xBA, 0x21, 0x00, 0x00, 0x23, 0xCF, 0xFF, 0xDB, 0x00, 0xF4, 0xFF,
    0x53, 0xE9, 0xFF, 0xE5, 0xDB, 0xFE, 0xFF, 0xFF, 0x51, 0x00, 0xD9, 0xFB, 0x1C, 0x22, 0xC6, 0xFF, 0xFF, 0xFF, 0xEA, 0x5C, 0x00, 0x00, 0x1B, 0x2D,
    0x00, 0x00, 0x00, 0x2A, 0x49, 0x35, 0x04, 0x00, 0x00, 0x00, 0x00, 0x00, 0x00, 0x00, 0x21, 0x41, 0x4A, 0x3A, 0x0C, 0x00, 0x00, 0x00, 0x57, 0xD9,
    0xFF, 0xFF, 0xFF, 0xFF, 0xFA, 0x63, 0x00, 0x74, 0xFF, 0xFF, 0xFF, 0xEF, 0xE5, 0xF6, 0xFF, 0xA9, 0x29, 0xFB, 0xFF, 0xAB, 0x24, 0x00, 0x00, 0x02,
    0x2D, 0x0B, 0x90, 0xFF, 0xD6, 0x03, 0x00, 0x00, 0x00, 0x00, 0x00, 0x00, 0xCF, 0xFF, 0x6A, 0x00, 0x00, 0x00, 0x00, 0x00, 0x00, 0x00, 0xEC, 0xFF,
    0x43, 0x00, 0x00, 0x00, 0x00, 0x00, 0x00, 0x00, 0xF7, 0xFF, 0x30, 0x00, 0x00, 0x00, 0x00, 0x00, 0x00, 0x00, 0xF8, 0xFF, 0x30, 0x00, 0x00, 0x00,
    0x00, 0x00, 0x00, 0x00, 0xF7, 0xFF, 0x30, 0x00, 0x00, 0x00, 0x00, 0x00, 0x00, 0x00, 0xEE, 0xFF, 0x39, 0x00, 0x00, 0x00, 0x00, 0x00, 0x00, 0x00,
    0xD5, 0xFF, 0x63, 0x00, 0x00, 0x00, 0x00, 0x00, 0x00, 0x00, 0x9B, 0xFF, 0xCB, 0x03, 0x00, 0x00, 0x00, 0x00, 0x00, 0x00, 0x37, 0xFF, 0xFF, 0xB2,
    0x28, 0x00, 0x00, 0x06, 0x45, 0x22, 0x00, 0x8A, 0xFF, 0xFF, 0xFF, 0xEE, 0xE6, 0xFA, 0xFF, 0xCB, 0x00, 0x00, 0x66, 0xE2, 0xFF, 0xFF, 0xFF, 0xFF,
    0xE7, 0x64, 0x00, 0x00, 0x00, 0x00, 0x28, 0x46, 0x45, 0x2C, 0x02, 0x00, 0x00, 0x00, 0x00, 0x00, 0x00, 0x00, 0x00, 0x00, 0x00, 0x15, 0x62, 0x07,
    0x00, 0x00, 0x00, 0x00, 0x00, 0x00, 0x00, 0x00, 0x00, 0x94, 0xFF, 0x6B, 0x00, 0x00, 0x00, 0x00, 0x00, 0x00, 0x00, 0x00, 0x00, 0xA4, 0xFF, 0x7C,
    0x00, 0x00, 0x00, 0x00, 0x00, 0x00, 0x00, 0x00, 0x00, 0xA4, 0xFF, 0x7C, 0x00, 0x00, 0x00, 0x00, 0x00, 0x00, 0x00, 0x00, 0x00, 0xA4, 0xFF, 0x7C,
    0x00, 0x00, 0x00, 0x00, 0x00, 0x00, 0x00, 0x00, 0x00, 0xA4, 0xFF, 0x7C, 0x00, 0x00, 0x00, 0x0B, 0x3C, 0x45, 0x1A, 0x00, 0x00, 0xA4, 0xFF, 0x7C,
    0x00, 0x03, 0x87, 0xF7, 0xFF, 0xFF, 0xFC, 0x9B, 0x08, 0xA4, 0xFF, 0x7C, 0x00, 0x9B, 0xFF, 0xFF, 0xF2, 0xD6, 0xED, 0xFF, 0xB6, 0xA6, 0xFF, 0x7C,
    0x38, 0xFF, 0xFF, 0x79, 0x05, 0x00, 0x02, 0x56, 0xF2, 0xF6, 0xFF, 0x7C, 0x97, 0xFF, 0xB1, 0x00, 0x00, 0x00, 0x00, 0x00, 0x51, 0xFF, 0xFF, 0x7C,
    0xCF, 0xFF, 0x5D, 0x00, 0x00, 0x00, 0x00, 0x00, 0x00, 0xDB, 0xFF, 0x7C, 0xE7, 0xFF, 0x3E, 0x00, 0x00, 0x00, 0x00, 0x00, 0x00, 0xAC, 0xFF, 0x7C,
    0xEF, 0xFF, 0x38, 0x00, 0x00, 0x00, 0x00, 0x00, 0x00, 0xA4, 0xFF, 0x7C, 0xF0, 0xFF, 0x38, 0x00, 0x00, 0x00, 0x00, 0x00, 0x00, 0xA4, 0xFF, 0x7C,
    0xEF, 0xFF, 0x38, 0x00, 0x00, 0x00, 0x00, 0x00, 0x00, 0xA4, 0xFF, 0x7C, 0xE7, 0xFF, 0x3E, 0x00, 0x00, 0x00, 0x00, 0x00, 0x00, 0xAC, 0xFF, 0x7C,
    0xD2, 0xFF, 0x5F, 0x00, 0x00, 0x00, 0x00, 0x00, 0x00, 0xDC, 0xFF, 0x7C, 0xA4, 0xFF, 0xB3, 0x00, 0x00, 0x00, 0x00, 0x00, 0x5A, 0xFF, 0xFF, 0x7C,
    0x53, 0xFF, 0xFF, 0x7A, 0x05, 0x00, 0x02, 0x58, 0xF4, 0xE5, 0xFF, 0x7C, 0x02, 0xC5, 0xFF, 0xFF, 0xF1, 0xD5, 0xED, 0xFF, 0x8B, 0xA4, 0xFF, 0x7C,
    0x00, 0x12, 0xAD, 0xFE, 0xFF, 0xFF, 0xF2, 0x75, 0x00, 0x8A, 0xFF, 0x60, 0x00, 0x00, 0x00, 0x18, 0x44, 0x3F, 0x0E, 0x00, 0x00, 0x08, 0x3E, 0x01,
    0x00, 0x00, 0x00, 0x07, 0x37, 0x4A, 0x3B, 0x0D, 0x00, 0x00, 0x00, 0x00, 0x00, 0x04, 0x85, 0xF4, 0xFF, 0xFF, 0xFF, 0xFB, 0xA1, 0x10, 0x00, 0x00,
    0x00, 0xA7, 0xFF, 0xFF, 0xE8, 0xCD, 0xE3, 0xFF, 0xFF, 0xCD, 0x06, 0x00, 0x45, 0xFF, 0xFB, 0x5A, 0x00, 0x00, 0x00, 0x44, 0xF2, 0xFF, 0x6D, 0x00,
    0xA1, 0xFF, 0x9E, 0x00, 0x00, 0x00, 0x00, 0x00, 0x81, 0xFF, 0xC6, 0x00, 0xD6, 0xFF, 0x54, 0x00, 0x00, 0x00, 0x00, 0x00, 0x39, 0xFF, 0xF7, 0x01,
    0xEE, 0xFF, 0x33, 0x00, 0x00, 0x00, 0x00, 0x00, 0x1B, 0xFF, 0xFF, 0x0E, 0xF7, 0xFF, 0x98, 0x84, 0x84, 0x84, 0x84, 0x84, 0x8D, 0xFF, 0xFF, 0x17,
    0xF8, 0xFF, 0xFF, 0xFF, 0xFF, 0xFF, 0xFF, 0xFF, 0xFF, 0xFF, 0xFF, 0x13, 0xF7, 0xFF, 0x94, 0x80, 0x80, 0x80, 0x80, 0x80, 0x80, 0x80, 0x5D, 0x00,
    0xEC, 0xFF, 0x31, 0x00, 0x00, 0x00, 0x00, 0x00, 0x00, 0x00, 0x00, 0x00, 0xD2, 0xFF, 0x5D, 0x00, 0x00, 0x00, 0x00, 0x00, 0x00, 0x00, 0x00, 0x00,
    0x97, 0xFF, 0xC9, 0x04, 0x00, 0x00, 0x00, 0x00, 0x00, 0x00, 0x00, 0x00, 0x31, 0xFE, 0xFF, 0xB4, 0x2A, 0x00, 0x00, 0x00, 0x10, 0x50, 0x37, 0x00,
    0x00, 0x7C, 0xFF, 0xFF, 0xFF, 0xEC, 0xDC, 0xEB, 0xFD, 0xFF, 0xD6, 0x00, 0x00, 0x00, 0x54, 0xD5, 0xFF, 0xFF, 0xFF, 0xFF, 0xFF, 0xE4, 0x63, 0x00,
    0x00, 0x00, 0x00, 0x00, 0x20, 0x43, 0x4D, 0x41, 0x21, 0x00, 0x00, 0x00, 0x00, 0x00, 0x00, 0x00, 0x02, 0x3D, 0x67, 0x69, 0x13, 0x00, 0x00, 0x00,
    0x2F, 0xD9, 0xFF, 0xFF, 0xFF, 0x8F, 0x00, 0x00, 0x0A, 0xE4, 0xFF, 0xFB, 0xD2, 0xB6, 0x3E, 0x00, 0x00, 0x5D, 0xFF, 0xF7, 0x31, 0x00, 0x00, 0x00,
    0x00, 0x00, 0x8F, 0xFF, 0xA8, 0x00, 0x00, 0x00, 0x00, 0x00, 0x00, 0x9E, 0xFF, 0x89, 0x00, 0x00, 0x00, 0x00, 0x00, 0x00, 0xA0, 0xFF, 0x84, 0x00,
    0x00, 0x00, 0x00, 0x4B, 0xF6, 0xFE, 0xFF, 0xFE, 0xFC, 0xFC, 0xE6, 0x16, 0x5D, 0xFF, 0xFF, 0xFF, 0xFF, 0xFF, 0xFF, 0xF8, 0x20, 0x00, 0x17, 0xAC,
    0xFF, 0x93, 0x20, 0x20, 0x0F, 0x00, 0x00, 0x00, 0xA0, 0xFF, 0x84, 0x00, 0x00, 0x00, 0x00, 0x00, 0x00, 0xA0, 0xFF, 0x84, 0x00, 0x00, 0x00, 0x00,
    0x00, 0x00, 0xA0, 0xFF, 0x84, 0x00, 0x00, 0x00, 0x00, 0x00, 0x00, 0xA0, 0xFF, 0x84, 0x00, 0x00, 0x00, 0x00, 0x00, 0x00, 0xA0, 0xFF, 0x84, 0x00,
    0x00, 0x00, 0x00, 0x00, 0x00, 0xA0, 0xFF, 0x84, 0x00, 0x00, 0x00, 0x00, 0x00, 0x00, 0xA0, 0xFF, 0x84, 0x00, 0x00, 0x00, 0x00, 0x00, 0x00, 0xA0,
    0xFF, 0x84, 0x00, 0x00, 0x00, 0x00, 0x00, 0x00, 0xA0, 0xFF, 0x84, 0x00, 0x00, 0x00, 0x00, 0x00, 0x00, 0xA0, 0xFF, 0x84, 0x00, 0x00, 0x00, 0x00,
    0x00, 0x00, 0xA0, 0xFF, 0x84, 0x00, 0x00, 0x00, 0x00, 0x00, 0x00, 0x86, 0xFF, 0x68, 0x00, 0x00, 0x00, 0x00, 0x00, 0x00, 0x07, 0x3F, 0x02, 0x00,
    0x00, 0x00, 0x00, 0x00, 0x00, 0x00, 0x16, 0x42, 0x3F, 0x0F, 0x00, 0x00, 0x09, 0x3D, 0x00, 0x00, 0x0D, 0xA5, 0xFD, 0xFF, 0xFF, 0xF4, 0x7B, 0x01,
    0x98, 0xFF, 0x58, 0x00, 0xBA, 0xFF, 0xFF, 0xF1, 0xD8, 0xF7, 0xFF, 0x95, 0xB4, 0xFF, 0x74, 0x4C, 0xFF, 0xFF, 0x73, 0x04, 0x00, 0x03, 0x69, 0xF5,
    0xF1, 0xFF, 0x74, 0xA5, 0xFF, 0xA9, 0x00, 0x00, 0x00, 0x00, 0x00, 0x60, 0xFF, 0xFF, 0x74, 0xD8, 0xFF, 0x55, 0x00, 0x00, 0x00, 0x00, 0x00, 0x01,
    0xEB, 0xFF, 0x74, 0xF0, 0xFF, 0x36, 0x00, 0x00, 0x00, 0x00, 0x00, 0x00, 0xB8, 0xFF, 0x74, 0xF7, 0xFF, 0x30, 0x00, 0x00, 0x00, 0x00, 0x00, 0x00,
    0xB4, 0xFF, 0x74, 0xF8, 0xFF, 0x30, 0x00, 0x00, 0x00, 0x00, 0x00, 0x00, 0xB4, 0xFF, 0x74, 0xF7, 0xFF, 0x30, 0x00, 0x00, 0x00, 0x00, 0x00, 0x00,
    0xB4, 0xFF, 0x74, 0xF0, 0xFF, 0x36, 0x00, 0x00, 0x00, 0x00, 0x00, 0x00, 0xC5, 0xFF, 0x74, 0xDC, 0xFF, 0x57, 0x00, 0x00, 0x00, 0x00, 0x00, 0x04,
    0xEE, 0xFF, 0x74, 0xAE, 0xFF, 0xAA, 0x00, 0x00, 0x00, 0x00, 0x00, 0x6C, 0xFF, 0xFF, 0x74, 0x5F, 0xFF, 0xFF, 0x71, 0x03, 0x00, 0x01, 0x56, 0xF3,
    0xE7, 0xFF, 0x74, 0x05, 0xD2, 0xFF, 0xFF, 0xEE, 0xD1, 0xEA, 0xFF, 0x7C, 0xB4, 0xFF, 0x74, 0x00, 0x1B, 0xBF, 0xFF, 0xFF, 0xFF, 0xF0, 0x6B, 0x00,
    0xB4, 0xFF, 0x74, 0x00, 0x00, 0x00, 0x25, 0x4D, 0x44, 0x0E, 0x00, 0x00, 0xBB, 0xFF, 0x6D, 0x00, 0x00, 0x00, 0x00, 0x00, 0x00, 0x00, 0x00, 0x00,
    0xD5, 0xFF, 0x59, 0x00, 0x00, 0x00, 0x00, 0x00, 0x00, 0x00, 0x00, 0x21, 0xFE, 0xFF, 0x24, 0x00, 0x22, 0x0A, 0x00, 0x00, 0x00, 0x00, 0x19, 0xC5,
    0xFF, 0xC6, 0x00, 0x30, 0xFE, 0xFA, 0xCA, 0xAA, 0xA2, 0xC0, 0xF8, 0xFF, 0xF6, 0x31, 0x00, 0x1A, 0xE8, 0xFF, 0xFF, 0xFF, 0xFF, 0xFF, 0xFF, 0xD2,
    0x35, 0x00, 0x00, 0x00, 0x09, 0x4B, 0x71, 0x83, 0x83, 0x6D, 0x36, 0x00, 0x00, 0x00, 0x00, 0x33, 0x4D, 0x00, 0x00, 0x00, 0x00, 0x00, 0x00, 0x00,
    0x00, 0x00, 0x00, 0xE4, 0xFF, 0x23, 0x00, 0x00, 0x00, 0x00, 0x00, 0x00, 0x00, 0x00, 0x00, 0xF4, 0xFF, 0x34, 0x00, 0x00, 0x00, 0x00, 0x00, 0x00,
    0x00, 0x00, 0x00, 0xF4, 0xFF, 0x34, 0x00, 0x00, 0x00, 0x00, 0x00, 0x00, 0x00, 0x00, 0x00, 0xF4, 0xFF, 0x34, 0x00, 0x00, 0x00, 0x00, 0x00, 0x00,
    0x00, 0x00, 0x00, 0xF4, 0xFF, 0x34, 0x00, 0x00, 0x00, 0x00, 0x00, 0x00, 0x00, 0x00, 0x00, 0xF4, 0xFF, 0x34, 0x00, 0x00, 0x27, 0x48, 0x39, 0x08,
    0x00, 0x00, 0x00, 0xF4, 0xFF, 0x34, 0x32, 0xCC, 0xFF, 0xFF, 0xFF, 0xF0, 0x66, 0x00, 0x00, 0xF4, 0xFF, 0x74, 0xF8, 0xFF, 0xF7, 0xFE, 0xFF, 0xFF,
    0xFF, 0x4A, 0x00, 0xF4, 0xFF, 0xFE, 0xA2, 0x23, 0x01, 0x0B, 0x60, 0xF3, 0xFF, 0xBE, 0x00, 0xF4, 0xFF, 0xB2, 0x00, 0x00, 0x00, 0x00, 0x00, 0x70,
    0xFF, 0xF7, 0x03, 0xF4, 0xFF, 0x54, 0x00, 0x00, 0x00, 0x00, 0x00, 0x27, 0xFF, 0xFF, 0x14, 0xF4, 0xFF, 0x34, 0x00, 0x00, 0x00, 0x00, 0x00, 0x0C,
    0xFF, 0xFF, 0x1C, 0xF4, 0xFF, 0x34, 0x00, 0x00, 0x00, 0x00, 0x00, 0x0C, 0xFF, 0xFF, 0x1C, 0xF4, 0xFF, 0x34, 0x00, 0x00, 0x00, 0x00, 0x00, 0x0C,
    0xFF, 0xFF, 0x1C, 0xF4, 0xFF, 0x34, 0x00, 0x00, 0x00, 0x00, 0x00, 0x0C, 0xFF, 0xFF, 0x1C, 0xF4, 0xFF, 0x34, 0x00, 0x00, 0x00, 0x00, 0x00, 0x0C,
    0xFF, 0xFF, 0x1C, 0xF4, 0xFF, 0x34, 0x00, 0x00, 0x00, 0x00, 0x00, 0x0C, 0xFF, 0xFF, 0x1C, 0xF4, 0xFF, 0x34, 0x00, 0x00, 0x00, 0x00, 0x00, 0x0C,
    0xFF, 0xFF, 0x1C, 0xF4, 0xFF, 0x34, 0x00, 0x00, 0x00, 0x00, 0x00, 0x0C, 0xFF, 0xFF, 0x1C, 0xF4, 0xFF, 0x34, 0x00, 0x00, 0x00, 0x00, 0x00, 0x0C,
    0xFF, 0xFF, 0x1C, 0xD9, 0xFB, 0x1C, 0x00, 0x00, 0x00, 0x00, 0x00, 0x03, 0xEF, 0xF4, 0x0B, 0x1B, 0x2D, 0x00, 0x00, 0x00, 0x00, 0x00, 0x00, 0x00,
    0x24, 0x26, 0x00, 0x00, 0x3C, 0x38, 0x00, 0x05, 0xF7, 0xF5, 0x05, 0x10, 0xFF, 0xFF, 0x10, 0x05, 0xF5, 0xF3, 0x04, 0x00, 0x31, 0x2E, 0x00, 0x00,
    0x00, 0x00, 0x00, 0x00, 0x24, 0x21, 0x00, 0x04, 0xF0, 0xEE, 0x04, 0x10, 0xFF, 0xFF, 0x10, 0x10, 0xFF, 0xFF, 0x10, 0x10, 0xFF, 0xFF, 0x10, 0x10,
    0xFF, 0xFF, 0x10, 0x10, 0xFF, 0xFF, 0x10, 0x10, 0xFF, 0xFF, 0x10, 0x10, 0xFF, 0xFF, 0x10, 0x10, 0xFF, 0xFF, 0x10, 0x10, 0xFF, 0xFF, 0x10, 0x10,
    0xFF, 0xFF, 0x10, 0x10, 0xFF, 0xFF, 0x10, 0x10, 0xFF, 0xFF, 0x10, 0x10, 0xFF, 0xFF, 0x10, 0x04, 0xF1, 0xEF, 0x04, 0x00, 0x25, 0x22, 0x00, 0x00,
    0x00, 0x00, 0x00, 0x25, 0x4B, 0x00, 0x00, 0x00, 0x00, 0x00, 0xC4, 0xFF, 0x2A, 0x00, 0x00, 0x00, 0x00, 0xD8, 0xFF, 0x40, 0x00, 0x00, 0x00, 0x00,
    0xC2, 0xFF, 0x29, 0x00, 0x00, 0x00, 0x00, 0x1E, 0x3F, 0x00, 0x00, 0x00, 0x00, 0x00, 0x00, 0x00, 0x00, 0x00, 0x00, 0x00, 0x00, 0x0F, 0x37, 0x00,
    0x00, 0x00, 0x00, 0x00, 0xA9, 0xFF, 0x3C, 0x00, 0x00, 0x00, 0x00, 0xC4, 0xFF, 0x58, 0x00, 0x00, 0x00, 0x00, 0xC4, 0xFF, 0x58, 0x00, 0x00, 0x00,
    0x00, 0xC4, 0xFF, 0x58, 0x00, 0x00, 0x00, 0x00, 0xC4, 0xFF, 0x58, 0x00, 0x00, 0x00, 0x00, 0xC4, 0xFF, 0x58, 0x00, 0x00, 0x00, 0x00, 0xC4, 0xFF,
    0x58, 0x00, 0x00, 0x00, 0x00, 0xC4, 0xFF, 0x58, 0x00, 0x00, 0x00, 0x00, 0xC4, 0xFF, 0x58, 0x00, 0x00, 0x00, 0x00, 0xC4, 0xFF, 0x58, 0x00, 0x00,
    0x00, 0x00, 0xC4, 0xFF, 0x58, 0x00, 0x00, 0x00, 0x00, 0xC4, 0xFF, 0x58, 0x00, 0x00, 0x00, 0x00, 0xC4, 0xFF, 0x58, 0x00, 0x00, 0x00, 0x00, 0xC4,
    0xFF, 0x58, 0x00, 0x00, 0x00, 0x00, 0xC4, 0xFF, 0x58, 0x00, 0x00, 0x00, 0x00, 0xC4, 0xFF, 0x58, 0x00, 0x00, 0x00, 0x00, 0xC4, 0xFF, 0x58, 0x00,
    0x00, 0x00, 0x00, 0xCF, 0xFF, 0x52, 0x00, 0x00, 0x00, 0x1F, 0xF8, 0xFF, 0x37, 0x00, 0x73, 0xAB, 0xEC, 0xFF, 0xEA, 0x05, 0x14, 0xFF, 0xFF, 0xFF,
    0xFA, 0x54, 0x00, 0x00, 0x5F, 0x89, 0x70, 0x22, 0x00, 0x00, 0x33, 0x4D, 0x00, 0x00, 0x00, 0x00, 0x00, 0x00, 0x00, 0x00, 0x00, 0xE4, 0xFF, 0x23,
    0x00, 0x00, 0x00, 0x00, 0x00, 0x00, 0x00, 0x00, 0xF4, 0xFF, 0x34, 0x00, 0x00, 0x00, 0x00, 0x00, 0x00, 0x00, 0x00, 0xF4, 0xFF, 0x34, 0x00, 0x00,
    0x00, 0x00, 0x00, 0x00, 0x00, 0x00, 0xF4, 0xFF, 0x34, 0x00, 0x00, 0x00, 0x00, 0x00, 0x00, 0x00, 0x00, 0xF4, 0xFF, 0x34, 0x00, 0x00, 0x00, 0x00,
    0x00, 0x00, 0x00, 0x00, 0xF4, 0xFF, 0x34, 0x00, 0x00, 0x00, 0x00, 0x00, 0x0E, 0x00, 0x00, 0xF4, 0xFF, 0x34, 0x00, 0x00, 0x00, 0x00, 0x5C, 0xFF,
    0x57, 0x00, 0xF4, 0xFF, 0x34, 0x00, 0x00, 0x00, 0x10, 0xEA, 0xFF, 0x47, 0x00, 0xF4, 0xFF, 0x34, 0x00, 0x00, 0x00, 0x91, 0xFF, 0xB2, 0x00, 0x00,
    0xF4, 0xFF, 0x34, 0x00, 0x00, 0x2B, 0xFB, 0xF5, 0x1F, 0x00, 0x00, 0xF4, 0xFF, 0x34, 0x00, 0x00, 0xBD, 0xFF, 0x75, 0x00, 0x00, 0x00, 0xF4, 0xFF,
    0x37, 0x04, 0x55, 0xFF, 0xD0, 0x04, 0x00, 0x00, 0x00, 0xF4, 0xFF, 0xFF, 0xFF, 0xFF, 0xFD, 0x35, 0x00, 0x00, 0x00, 0x00, 0xF4, 0xFF, 0xFF, 0xFF,
    0xFF, 0xFF, 0x41, 0x00, 0x00, 0x00, 0x00, 0xF4, 0xFF, 0x50, 0x24, 0x9E, 0xFF, 0xD4, 0x04, 0x00, 0x00, 0x00, 0xF4, 0xFF, 0x34, 0x00, 0x12, 0xEB,
    0xFF, 0x70, 0x00, 0x00, 0x00, 0xF4, 0xFF, 0x34, 0x00, 0x00, 0x64, 0xFF, 0xF0, 0x16, 0x00, 0x00, 0xF4, 0xFF, 0x34, 0x00, 0x00, 0x01, 0xC7, 0xFF,
    0x9D, 0x00, 0x00, 0xF4, 0xFF, 0x34, 0x00, 0x00, 0x00, 0x31, 0xFC, 0xFE, 0x34, 0x00, 0xF4, 0xFF, 0x34, 0x00, 0x00, 0x00, 0x00, 0x94, 0xFF, 0xC2,
    0x00, 0xD9, 0xFB, 0x1C, 0x00, 0x00, 0x00, 0x00, 0x10, 0xE5, 0xF5, 0x08, 0x1B, 0x2D, 0x00, 0x00, 0x00, 0x00, 0x00, 0x00, 0x1C, 0x28, 0x00, 0x30,
    0x51, 0x00, 0x00, 0x00, 0xDC, 0xFF, 0x2B, 0x00, 0x00, 0xEC, 0xFF, 0x3C, 0x00, 0x00, 0xEC, 0xFF, 0x3C, 0x00, 0x00, 0xEC, 0xFF, 0x3C, 0x00, 0x00,
    0xEC, 0xFF, 0x3C, 0x00, 0x00, 0xEC, 0xFF, 0x3C, 0x00, 0x00, 0xEC, 0xFF, 0x3C, 0x00, 0x00, 0xEC, 0xFF, 0x3C, 0x00, 0x00, 0xEC, 0xFF, 0x3C, 0x00,
    0x00, 0xEC, 0xFF, 0x3C, 0x00, 0x00, 0xEC, 0xFF, 0x3C, 0x00, 0x00, 0xEC, 0xFF, 0x3C, 0x00, 0x00, 0xEC, 0xFF, 0x3C, 0x00, 0x00, 0xEC, 0xFF, 0x3C,
    0x00, 0x00, 0xEC, 0xFF, 0x3C, 0x00, 0x00, 0xEC, 0xFF, 0x3C, 0x00, 0x00, 0xEC, 0xFF, 0x3C, 0x00, 0x00, 0xEA, 0xFF, 0x40, 0x00, 0x00, 0xDC, 0xFF,
    0x6F, 0x00, 0x00, 0xA9, 0xFF, 0xFB, 0xD4, 0x86, 0x2B, 0xE0, 0xFF, 0xFF, 0xCE, 0x00, 0x09, 0x35, 0x4D, 0x19, 0x00, 0x29, 0x1C, 0x00, 0x00, 0x07,
    0x38, 0x44, 0x1E, 0x00, 0x00, 0x00, 0x00, 0x00, 0x18, 0x41, 0x43, 0x14, 0x00, 0x00, 0x00, 0x0E, 0xF7, 0xE3, 0x00, 0x66, 0xEB, 0xFF, 0xFF, 0xFF,
    0xB1, 0x10, 0x00, 0x0C, 0xA3, 0xFC, 0xFF, 0xFF, 0xFD, 0x99, 0x06, 0x00, 0x20, 0xFF, 0xFF, 0x84, 0xFF, 0xFF, 0xF5, 0xFF, 0xFF, 0xFF, 0xC6, 0x05,
    0xC6, 0xFF, 0xFC, 0xF9, 0xFF, 0xFF, 0xFF, 0x8D, 0x00, 0x20, 0xFF, 0xFF, 0xF8, 0x71, 0x0F, 0x00, 0x18, 0x98, 0xFF, 0xFF, 0xC2, 0xDD, 0x4A, 0x07,
    0x03, 0x34, 0xCD, 0xFF, 0xF4, 0x0B, 0x20, 0xFF, 0xFF, 0x74, 0x00, 0x00, 0x00, 0x00, 0x01, 0xCC, 0xFF, 0xFB, 0x2E, 0x00, 0x00, 0x00, 0x00, 0x24,
    0xFC, 0xFF, 0x3B, 0x20, 0xFF, 0xFF, 0x1F, 0x00, 0x00, 0x00, 0x00, 0x00, 0x89, 0xFF, 0xD2, 0x00, 0x00, 0x00, 0x00, 0x00, 0x00, 0xDD, 0xFF, 0x54,
    0x20, 0xFF, 0xFF, 0x00, 0x00, 0x00, 0x00, 0x00, 0x00, 0x70, 0xFF, 0xB1, 0x00, 0x00, 0x00, 0x00, 0x00, 0x00, 0xC4, 0xFF, 0x5C, 0x20, 0xFF, 0xFF,
    0x00, 0x00, 0x00, 0x00, 0x00, 0x00, 0x70, 0xFF, 0xB0, 0x00, 0x00, 0x00, 0x00, 0x00, 0x00, 0xC4, 0xFF, 0x5C, 0x20, 0xFF, 0xFF, 0x00, 0x00, 0x00,
    0x00, 0x00, 0x00, 0x70, 0xFF, 0xB0, 0x00, 0x00, 0x00, 0x00, 0x00, 0x00, 0xC4, 0xFF, 0x5C, 0x20, 0xFF, 0xFF, 0x00, 0x00, 0x00, 0x00, 0x00, 0x00,
    0x70, 0xFF, 0xB0, 0x00, 0x00, 0x00, 0x00, 0x00, 0x00, 0xC4, 0xFF, 0x5C, 0x20, 0xFF, 0xFF, 0x00, 0x00, 0x00, 0x00, 0x00, 0x00, 0x70, 0xFF, 0xB0,
    0x00, 0x00, 0x00, 0x00, 0x00, 0x00, 0xC4, 0xFF, 0x5C, 0x20, 0xFF, 0xFF, 0x00, 0x00, 0x00, 0x00, 0x00, 0x00, 0x70, 0xFF, 0xB0, 0x00, 0x00, 0x00,
    0x00, 0x00, 0x00, 0xC4, 0xFF, 0x5C, 0x20, 0xFF, 0xFF, 0x00, 0x00, 0x00, 0x00, 0x00, 0x00, 0x70, 0xFF, 0xB0, 0x00, 0x00, 0x00, 0x00, 0x00, 0x00,
    0xC4, 0xFF, 0x5C, 0x20, 0xFF, 0xFF, 0x00, 0x00, 0x00, 0x00, 0x00, 0x00, 0x70, 0xFF, 0xB0, 0x00, 0x00, 0x00, 0x00, 0x00, 0x00, 0xC4, 0xFF, 0x5C,
    0x20, 0xFF, 0xFF, 0x00, 0x00, 0x00, 0x00, 0x00, 0x00, 0x70, 0xFF, 0xB0, 0x00, 0x00, 0x00, 0x00, 0x00, 0x00, 0xC4, 0xFF, 0x5C, 0x0E, 0xF7, 0xE4,
    0x00, 0x00, 0x00, 0x00, 0x00, 0x00, 0x56, 0xFF, 0x94, 0x00, 0x00, 0x00, 0x00, 0x00, 0x00, 0xAA, 0xFF, 0x41, 0x00, 0x2A, 0x1D, 0x00, 0x00, 0x00,
    0x00, 0x00, 0x00, 0x01, 0x3E, 0x09, 0x00, 0x00, 0x00, 0x00, 0x00, 0x00, 0x0F, 0x39, 0x00, 0x00, 0x29, 0x1C, 0x00, 0x00, 0x02, 0x31, 0x49, 0x31,
    0x02, 0x00, 0x00, 0x0E, 0xF7, 0xE3, 0x00, 0x51, 0xE0, 0xFF, 0xFF, 0xFF, 0xDF, 0x3F, 0x00, 0x20, 0xFF, 0xFF, 0x6D, 0xFF, 0xFF, 0xF6, 0xFF, 0xFF,
    0xFF, 0xF3, 0x1D, 0x20, 0xFF, 0xFF, 0xFA, 0x83, 0x17, 0x00, 0x12, 0x81, 0xFF, 0xFF, 0x83, 0x20, 0xFF, 0xFF, 0x81, 0x00, 0x00, 0x00, 0x00, 0x00,
    0xA0, 0xFF, 0xBF, 0x20, 0xFF, 0xFF, 0x22, 0x00, 0x00, 0x00, 0x00, 0x00, 0x54, 0xFF, 0xD8, 0x20, 0xFF, 0xFF, 0x01, 0x00, 0x00, 0x00, 0x00, 0x00,
    0x38, 0xFF, 0xE0, 0x20, 0xFF, 0xFF, 0x00, 0x00, 0x00, 0x00, 0x00, 0x00, 0x38, 0xFF, 0xE0, 0x20, 0xFF, 0xFF, 0x00, 0x00, 0x00, 0x00, 0x00, 0x00,
    0x38, 0xFF, 0xE0, 0x20, 0xFF, 0xFF, 0x00, 0x00, 0x00, 0x00, 0x00, 0x00, 0x38, 0xFF, 0xE0, 0x20, 0xFF, 0xFF, 0x00, 0x00, 0x00, 0x00, 0x00, 0x00,
    0x38, 0xFF, 0xE0, 0x20, 0xFF, 0xFF, 0x00, 0x00, 0x00, 0x00, 0x00, 0x00, 0x38, 0xFF, 0xE0, 0x20, 0xFF, 0xFF, 0x00, 0x00, 0x00, 0x00, 0x00, 0x00,
    0x38, 0xFF, 0xE0, 0x20, 0xFF, 0xFF, 0x00, 0x00, 0x00, 0x00, 0x00, 0x00, 0x38, 0xFF, 0xE0, 0x20, 0xFF, 0xFF, 0x00, 0x00, 0x00, 0x00, 0x00, 0x00,
    0x38, 0xFF, 0xE0, 0x0E, 0xF7, 0xE4, 0x00, 0x00, 0x00, 0x00, 0x00, 0x00, 0x21, 0xFE, 0xC5, 0x00, 0x2A, 0x1D, 0x00, 0x00, 0x00, 0x00, 0x00, 0x00,
    0x00, 0x32, 0x16, 0x00, 0x00, 0x00, 0x04, 0x33, 0x4A, 0x3E, 0x12, 0x00, 0x00, 0x00, 0x00, 0x00, 0x02, 0x78, 0xEE, 0xFF, 0xFF, 0xFF, 0xFD, 0xB1,
    0x1E, 0x00, 0x00, 0x00, 0x9F, 0xFF, 0xFF, 0xEF, 0xCE, 0xE0, 0xFF, 0xFF, 0xE8, 0x1B, 0x00, 0x44, 0xFF, 0xFF, 0x72, 0x03, 0x00, 0x00, 0x38, 0xE5,
    0xFF, 0xA7, 0x00, 0xA3, 0xFF, 0xA6, 0x00, 0x00, 0x00, 0x00, 0x00, 0x4D, 0xFF, 0xFA, 0x0C, 0xD9, 0xFF, 0x4E, 0x00, 0x00, 0x00, 0x00, 0x00, 0x02,
    0xF2, 0xFF, 0x3C, 0xF1, 0xFF, 0x2C, 0x00, 0x00, 0x00, 0x00, 0x00, 0x00, 0xD1, 0xFF, 0x54, 0xFB, 0xFF, 0x24, 0x00, 0x00, 0x00, 0x00, 0x00, 0x00,
    0xC8, 0xFF, 0x5F, 0xFC, 0xFF, 0x24, 0x00, 0x00, 0x00, 0x00, 0x00, 0x00, 0xC8, 0xFF, 0x60, 0xFB, 0xFF, 0x24, 0x00, 0x00, 0x00, 0x00, 0x00, 0x00,
    0xC8, 0xFF, 0x5F, 0xF1, 0xFF, 0x2C, 0x00, 0x00, 0x00, 0x00, 0x00, 0x00, 0xD1, 0xFF, 0x54, 0xD9, 0xFF, 0x4F, 0x00, 0x00, 0x00, 0x00, 0x00, 0x02,
    0xF2, 0xFF, 0x3B, 0xA3, 0xFF, 0xA7, 0x00, 0x00, 0x00, 0x00, 0x00, 0x4E, 0xFF, 0xFA, 0x0B, 0x45, 0xFF, 0xFF, 0x76, 0x04, 0x00, 0x00, 0x3C, 0xE7,
    0xFF, 0xA5, 0x00, 0x00, 0xA3, 0xFF, 0xFF, 0xF1, 0xD1, 0xE3, 0xFF, 0xFF, 0xE6, 0x19, 0x00, 0x00, 0x03, 0x7D, 0xF0, 0xFF, 0xFF, 0xFF, 0xFD, 0xAF,
    0x1D, 0x00, 0x00, 0x00, 0x00, 0x00, 0x05, 0x34, 0x4A, 0x3F, 0x12, 0x00, 0x00, 0x00, 0x00, 0x15, 0x32, 0x00, 0x00, 0x00, 0x21, 0x47, 0x38, 0x07,
    0x00, 0x00, 0x00, 0xC4, 0xFE, 0x2C, 0x19, 0xB7, 0xFF, 0xFF, 0xFF, 0xF1, 0x6D, 0x00, 0x00, 0xE0, 0xFF, 0x60, 0xE1, 0xFF, 0xE7, 0xDB, 0xFE, 0xFF,
    0xFF, 0x65, 0x00, 0xE0, 0xFF, 0xEE, 0xC4, 0x27, 0x00, 0x00, 0x1F, 0xC7, 0xFF, 0xE9, 0x04, 0xE0, 0xFF, 0xE1, 0x0F, 0x00, 0x00, 0x00, 0x00, 0x1E,
    0xFB, 0xFF, 0x3F, 0xE0, 0xFF, 0x7C, 0x00, 0x00, 0x00, 0x00, 0x00, 0x00, 0xC5, 0xFF, 0x6E, 0xE0, 0xFF, 0x49, 0x00, 0x00, 0x00, 0x00, 0x00, 0x00,
    0xA4, 0xFF, 0x82, 0xE0, 0xFF, 0x48, 0x00, 0x00, 0x00, 0x00, 0x00, 0x00, 0x9C, 0xFF, 0x8B, 0xE0, 0xFF, 0x48, 0x00, 0x00, 0x00, 0x00, 0x00, 0x00,
    0x9C, 0xFF, 0x8C, 0xE0, 0xFF, 0x48, 0x00, 0x00, 0x00, 0x00, 0x00, 0x00, 0x9C, 0xFF, 0x8B, 0xE0, 0xFF, 0x4B, 0x00, 0x00, 0x00, 0x00, 0x00, 0x00,
    0xA2, 0xFF, 0x83, 0xE0, 0xFF, 0x7C, 0x00, 0x00, 0x00, 0x00, 0x00, 0x00, 0xC2, 0xFF, 0x6F, 0xE0, 0xFF, 0xE2, 0x10, 0x00, 0x00, 0x00, 0x00, 0x19,
    0xFA, 0xFF, 0x41, 0xE0, 0xFF, 0xEC, 0xC1, 0x24, 0x00, 0x00, 0x1A, 0xC1, 0xFF, 0xE9, 0x04, 0xE0, 0xFF, 0x5F, 0xE2, 0xFF, 0xDE, 0xD9, 0xFC, 0xFF,
    0xFF, 0x60, 0x00, 0xE0, 0xFF, 0x48, 0x1B, 0xBF, 0xFF, 0xFF, 0xFF, 0xED, 0x64, 0x00, 0x00, 0xE0, 0xFF, 0x48, 0x00, 0x00, 0x28, 0x49, 0x35, 0x05,
    0x00, 0x00, 0x00, 0xE0, 0xFF, 0x48, 0x00, 0x00, 0x00, 0x00, 0x00, 0x00, 0x00, 0x00, 0x00, 0xE0, 0xFF, 0x48, 0x00, 0x00, 0x00, 0x00, 0x00, 0x00,
    0x00, 0x00, 0x00, 0xE0, 0xFF, 0x48, 0x00, 0x00, 0x00, 0x00, 0x00, 0x00, 0x00, 0x00, 0x00, 0xE0, 0xFF, 0x48, 0x00, 0x00, 0x00, 0x00, 0x00, 0x00,
    0x00, 0x00, 0x00, 0xD6, 0xFF, 0x3D, 0x00, 0x00, 0x00, 0x00, 0x00, 0x00, 0x00, 0x00, 0x00, 0x3C, 0x6F, 0x01, 0x00, 0x00, 0x00, 0x00, 0x00, 0x00,
    0x00, 0x00, 0x00, 0x00, 0x00, 0x00, 0x0F, 0x3E, 0x43, 0x15, 0x00, 0x00, 0x04, 0x3F, 0x02, 0x00, 0x05, 0x90, 0xFA, 0xFF, 0xFF, 0xF9, 0x91, 0x05,
    0x79, 0xFF, 0x6F, 0x00, 0x9E, 0xFF, 0xFF, 0xF3, 0xD6, 0xEC, 0xFF, 0xB2, 0x96, 0xFF, 0x8C, 0x33, 0xFF, 0xFF, 0x84, 0x07, 0x00, 0x01, 0x4F, 0xEE,
    0xF1, 0xFF, 0x8C, 0x8C, 0xFF, 0xC0, 0x00, 0x00, 0x00, 0x00, 0x00, 0x53, 0xFF, 0xFF, 0x8C, 0xC0, 0xFF, 0x6D, 0x00, 0x00, 0x00, 0x00, 0x00, 0x00,
    0xD5, 0xFF, 0x8C, 0xD8, 0xFF, 0x4E, 0x00, 0x00, 0x00, 0x00, 0x00, 0x00, 0xA2, 0xFF, 0x8C, 0xDF, 0xFF, 0x48, 0x00, 0x00, 0x00, 0x00, 0x00, 0x00,
    0x94, 0xFF, 0x8C, 0xE0, 0xFF, 0x48, 0x00, 0x00, 0x00, 0x00, 0x00, 0x00, 0x94, 0xFF, 0x8C, 0xDF, 0xFF, 0x48, 0x00, 0x00, 0x00, 0x00, 0x00, 0x00,
    0x94, 0xFF, 0x8C, 0xD7, 0xFF, 0x4E, 0x00, 0x00, 0x00, 0x00, 0x00, 0x00, 0x9D, 0xFF, 0x8C, 0xC2, 0xFF, 0x6F, 0x00, 0x00, 0x00, 0x00, 0x00, 0x00,
    0xCE, 0xFF, 0x8C, 0x94, 0xFF, 0xC2, 0x00, 0x00, 0x00, 0x00, 0x00, 0x42, 0xFF, 0xFF, 0x8C, 0x42, 0xFF, 0xFF, 0x86, 0x06, 0x00, 0x00, 0x49, 0xEC,
    0xE5, 0xFF, 0x8C, 0x00, 0xB6, 0xFF, 0xFF, 0xF3, 0xD5, 0xEA, 0xFF, 0x9C, 0x94, 0xFF, 0x8C, 0x00, 0x0C, 0xA3, 0xFD, 0xFF, 0xFF, 0xF6, 0x80, 0x01,
    0x94, 0xFF, 0x8C, 0x00, 0x00, 0x00, 0x14, 0x42, 0x42, 0x12, 0x00, 0x00, 0x94, 0xFF, 0x8C, 0x00, 0x00, 0x00, 0x00, 0x00, 0x00, 0x00, 0x00, 0x00,
    0x94, 0xFF, 0x8C, 0x00, 0x00, 0x00, 0x00, 0x00, 0x00, 0x00, 0x00, 0x00, 0x94, 0xFF, 0x8C, 0x00, 0x00, 0x00, 0x00, 0x00, 0x00, 0x00, 0x00, 0x00,
    0x94, 0xFF, 0x8C, 0x00, 0x00, 0x00, 0x00, 0x00, 0x00, 0x00, 0x00, 0x00, 0x94, 0xFF, 0x8C, 0x00, 0x00, 0x00, 0x00, 0x00, 0x00, 0x00, 0x00, 0x00,
    0x8A, 0xFF, 0x81, 0x00, 0x00, 0x00, 0x00, 0x00, 0x00, 0x00, 0x00, 0x00, 0x1A, 0x7D, 0x14, 0x00, 0x29, 0x1C, 0x00, 0x00, 0x04, 0x33, 0x0F, 0x0E,
    0xF7, 0xE3, 0x00, 0x21, 0xD1, 0xFF, 0xA7, 0x20, 0xFF, 0xFF, 0x10, 0xDA, 0xFF, 0xFF, 0x8E, 0x20, 0xFF, 0xFF, 0x9D, 0xDF, 0x5D, 0x1D, 0x00, 0x20,
    0xFF, 0xFF, 0xE8, 0x17, 0x00, 0x00, 0x00, 0x20, 0xFF, 0xFF, 0x69, 0x00, 0x00, 0x00, 0x00, 0x20, 0xFF, 0xFF, 0x20, 0x00, 0x00, 0x00, 0x00, 0x20,
    0xFF, 0xFF, 0x00, 0x00, 0x00, 0x00, 0x00, 0x20, 0xFF, 0xFF, 0x00, 0x00, 0x00, 0x00, 0x00, 0x20, 0xFF, 0xFF, 0x00, 0x00, 0x00, 0x00, 0x00, 0x20,
    0xFF, 0xFF, 0x00, 0x00, 0x00, 0x00, 0x00, 0x20, 0xFF, 0xFF, 0x00, 0x00, 0x00, 0x00, 0x00, 0x20, 0xFF, 0xFF, 0x00, 0x00, 0x00, 0x00, 0x00, 0x20,
    0xFF, 0xFF, 0x00, 0x00, 0x00, 0x00, 0x00, 0x20, 0xFF, 0xFF, 0x00, 0x00, 0x00, 0x00, 0x00, 0x0E, 0xF7, 0xE4, 0x00, 0x00, 0x00, 0x00, 0x00, 0x00,
    0x2A, 0x1D, 0x00, 0x00, 0x00, 0x00, 0x00, 0x00, 0x00, 0x00, 0x00, 0x1D, 0x3C, 0x47, 0x32, 0x14, 0x00, 0x00, 0x00, 0x00, 0x44, 0xC8, 0xFF, 0xFF,
    0xFF, 0xFF, 0xFF, 0xC6, 0x26, 0x00, 0x46, 0xFC, 0xFF, 0xFD, 0xE6, 0xD8, 0xF4, 0xFF, 0xFF, 0x81, 0x00, 0xCF, 0xFF, 0xB4, 0x1E, 0x00, 0x00, 0x00,
    0x29, 0x5E, 0x17, 0x0D, 0xFF, 0xFF, 0x14, 0x00, 0x00, 0x00, 0x00, 0x00, 0x00, 0x00, 0x17, 0xFF, 0xFA, 0x04, 0x00, 0x00, 0x00, 0x00, 0x00, 0x00,
    0x00, 0x01, 0xF4, 0xFF, 0x8A, 0x09, 0x00, 0x00, 0x00, 0x00, 0x00, 0x00, 0x00, 0x8E, 0xFF, 0xFF, 0xF6, 0xCA, 0xA4, 0x74, 0x2C, 0x00, 0x00, 0x00,
    0x04, 0x92, 0xF8, 0xFF, 0xFF, 0xFF, 0xFF, 0xFF, 0x9A, 0x04, 0x00, 0x00, 0x00, 0x0E, 0x41, 0x6D, 0x9B, 0xE0, 0xFF, 0xFF, 0x6F, 0x00, 0x00, 0x00,
    0x00, 0x00, 0x00, 0x00, 0x02, 0xA0, 0xFF, 0xCA, 0x00, 0x00, 0x00, 0x00, 0x00, 0x00, 0x00, 0x00, 0x2C, 0xFF, 0xEB, 0x00, 0x00, 0x00, 0x00, 0x00,
    0x00, 0x00, 0x00, 0x3D, 0xFF, 0xDB, 0x00, 0x5A, 0x5E, 0x24, 0x00, 0x00, 0x00, 0x2B, 0xCF, 0xFF, 0x96, 0x0E, 0xFF, 0xFF, 0xFF, 0xEB, 0xD5, 0xE8,
    0xFF, 0xFF, 0xE5, 0x19, 0x00, 0x81, 0xEC, 0xFF, 0xFF, 0xFF, 0xFF, 0xFA, 0xAA, 0x1D, 0x00, 0x00, 0x00, 0x02, 0x21, 0x3A, 0x4B, 0x3C, 0x0E, 0x00,
    0x00, 0x00, 0x00, 0x00, 0x00, 0x51, 0x88, 0x04, 0x00, 0x00, 0x00, 0x00, 0x00, 0x00, 0x00, 0xDD, 0xFF, 0x3D, 0x00, 0x00, 0x00, 0x00, 0x00, 0x00,
    0x00, 0xE4, 0xFF, 0x44, 0x00, 0x00, 0x00, 0x00, 0x00, 0x00, 0x00, 0xE4, 0xFF, 0x44, 0x00, 0x00, 0x00, 0x00, 0x00, 0x00, 0x00, 0xE4, 0xFF, 0x44,
    0x00, 0x00, 0x00, 0x00, 0x34, 0xF2, 0xFC, 0xFF, 0xFF, 0xFD, 0xFC, 0xFC, 0xD4, 0x03, 0x43, 0xFD, 0xFF, 0xFF, 0xFF, 0xFF, 0xFF, 0xFF, 0xEA, 0x06,
    0x00, 0x14, 0x20, 0xE7, 0xFF, 0x5B, 0x20, 0x20, 0x0A, 0x00, 0x00, 0x00, 0x00, 0xE4, 0xFF, 0x44, 0x00, 0x00, 0x00, 0x00, 0x00, 0x00, 0x00, 0xE4,
    0xFF, 0x44, 0x00, 0x00, 0x00, 0x00, 0x00, 0x00, 0x00, 0xE4, 0xFF, 0x44, 0x00, 0x00, 0x00, 0x00, 0x00, 0x00, 0x00, 0xE4, 0xFF, 0x44, 0x00, 0x00,
    0x00, 0x00, 0x00, 0x00, 0x00, 0xE4, 0xFF, 0x44, 0x00, 0x00, 0x00, 0x00, 0x00, 0x00, 0x00, 0xE4, 0xFF, 0x44, 0x00, 0x00, 0x00, 0x00, 0x00, 0x00,
    0x00, 0xE4, 0xFF, 0x44, 0x00, 0x00, 0x00, 0x00, 0x00, 0x00, 0x00, 0xE1, 0xFF, 0x4A, 0x00, 0x00, 0x00, 0x00, 0x00, 0x00, 0x00, 0xD2, 0xFF, 0x66,
    0x00, 0x00, 0x00, 0x00, 0x00, 0x00, 0x00, 0xA2, 0xFF, 0xCF, 0x19, 0x00, 0x00, 0x00, 0x00, 0x00, 0x00, 0x40, 0xFF, 0xFF, 0xFF, 0xE9, 0xD7, 0x2B,
    0x00, 0x00, 0x00, 0x00, 0x6E, 0xF4, 0xFF, 0xFF, 0xFF, 0x46, 0x00, 0x00, 0x00, 0x00, 0x00, 0x0A, 0x3C, 0x4C, 0x30, 0x00, 0x00, 0x3B, 0x0C, 0x00,
    0x00, 0x00, 0x00, 0x00, 0x00, 0x05, 0x40, 0x03, 0x4E, 0xFF, 0x9D, 0x00, 0x00, 0x00, 0x00, 0x00, 0x00, 0x7B, 0xFF, 0x71, 0x68, 0xFF, 0xB8, 0x00,
    0x00, 0x00, 0x00, 0x00, 0x00, 0x94, 0xFF, 0x8C, 0x68, 0xFF, 0xB8, 0x00, 0x00, 0x00, 0x00, 0x00, 0x00, 0x94, 0xFF, 0x8C, 0x68, 0xFF, 0xB8, 0x00,
    0x00, 0x00, 0x00, 0x00, 0x00, 0x94, 0xFF, 0x8C, 0x68, 0xFF, 0xB8, 0x00, 0x00, 0x00, 0x00, 0x00, 0x00, 0x94, 0xFF, 0x8C, 0x68, 0xFF, 0xB8, 0x00,
    0x00, 0x00, 0x00, 0x00, 0x00, 0x94, 0xFF, 0x8C, 0x68, 0xFF, 0xB8, 0x00, 0x00, 0x00, 0x00, 0x00, 0x00, 0x94, 0xFF, 0x8C, 0x68, 0xFF, 0xB8, 0x00,
    0x00, 0x00, 0x00, 0x00, 0x00, 0x94, 0xFF, 0x8C, 0x68, 0xFF, 0xB8, 0x00, 0x00, 0x00, 0x00, 0x00, 0x00, 0x94, 0xFF, 0x8C, 0x68, 0xFF, 0xB8, 0x00,
    0x00, 0x00, 0x00, 0x00, 0x00, 0x94, 0xFF, 0x8C, 0x61, 0xFF, 0xD2, 0x00, 0x00, 0x00, 0x00, 0x00, 0x00, 0xB7, 0xFF, 0x8C, 0x48, 0xFF, 0xFA, 0x23,
    0x00, 0x00, 0x00, 0x00, 0x23, 0xF4, 0xFF, 0x8C, 0x12, 0xFA, 0xFF, 0xD2, 0x3C, 0x05, 0x08, 0x49, 0xDA, 0xFE, 0xFF, 0x8C, 0x00, 0x98, 0xFF, 0xFF,
    0xFF, 0xFB, 0xFD, 0xFF, 0xCF, 0xA3, 0xFF, 0x8C, 0x00, 0x08, 0xA0, 0xFE, 0xFF, 0xFF, 0xFA, 0x9D, 0x0E, 0x79, 0xFF, 0x70, 0x00, 0x00, 0x00, 0x17,
    0x44, 0x42, 0x15, 0x00, 0x00, 0x04, 0x40, 0x03, 0x05, 0x3A, 0x01, 0x00, 0x00, 0x00, 0x00, 0x00, 0x00, 0x00, 0x15, 0x31, 0x00, 0x76, 0xFF, 0x6D,
    0x00, 0x00, 0x00, 0x00, 0x00, 0x00, 0x00, 0xC9, 0xFD, 0x1C, 0x66, 0xFF, 0xCA, 0x00, 0x00, 0x00, 0x00, 0x00, 0x00, 0x24, 0xFF, 0xFA, 0x10, 0x17,
    0xFD, 0xFE, 0x1B, 0x00, 0x00, 0x00, 0x00, 0x00, 0x75, 0xFF, 0xB7, 0x00, 0x00, 0xC2, 0xFF, 0x6A, 0x00, 0x00, 0x00, 0x00, 0x00, 0xC4, 0xFF, 0x63,
    0x00, 0x00, 0x6D, 0xFF, 0xBA, 0x00, 0x00, 0x00, 0x00, 0x16, 0xFD, 0xFB, 0x13, 0x00, 0x00, 0x1A, 0xFE, 0xFA, 0x0F, 0x00, 0x00, 0x00, 0x64, 0xFF,
    0xB8, 0x00, 0x00, 0x00, 0x00, 0xC2, 0xFF, 0x5A, 0x00, 0x00, 0x00, 0xB4, 0xFF, 0x63, 0x00, 0x00, 0x00, 0x00, 0x6D, 0xFF, 0xAA, 0x00, 0x00, 0x0B,
    0xF7, 0xFB, 0x12, 0x00, 0x00, 0x00, 0x00, 0x19, 0xFD, 0xF2, 0x07, 0x00, 0x54, 0xFF, 0xB8, 0x00, 0x00, 0x00, 0x00, 0x00, 0x00, 0xC1, 0xFF, 0x4A,
    0x00, 0xA4, 0xFF, 0x62, 0x00, 0x00, 0x00, 0x00, 0x00, 0x00, 0x6A, 0xFF, 0x9A, 0x04, 0xEE, 0xFA, 0x12, 0x00, 0x00, 0x00, 0x00, 0x00, 0x00, 0x16,
    0xFC, 0xE8, 0x46, 0xFF, 0xB7, 0x00, 0x00, 0x00, 0x00, 0x00, 0x00, 0x00, 0x00, 0xBC, 0xFF, 0xCB, 0xFF, 0x61, 0x00, 0x00, 0x00, 0x00, 0x00, 0x00,
    0x00, 0x00, 0x65, 0xFF, 0xFF, 0xFA, 0x11, 0x00, 0x00, 0x00, 0x00, 0x00, 0x00, 0x00, 0x00, 0x0E, 0xE7, 0xFF, 0x9C, 0x00, 0x00, 0x00, 0x00, 0x00,
    0x00, 0x00, 0x00, 0x00, 0x00, 0x17, 0x43, 0x04, 0x00, 0x00, 0x00, 0x00, 0x00, 0x00, 0x3B, 0x0A, 0x00, 0x00, 0x00, 0x00, 0x00, 0x00, 0x05, 0x44,
    0x0F, 0x00, 0x00, 0x00, 0x00, 0x00, 0x00, 0x00, 0x37, 0x08, 0x50, 0xFF, 0x98, 0x00, 0x00, 0x00, 0x00, 0x00, 0x00, 0x90, 0xFF, 0xBF, 0x00, 0x00,
    0x00, 0x00, 0x00, 0x00, 0x54, 0xFF, 0x8A, 0x40, 0xFF, 0xE8, 0x00, 0x00, 0x00, 0x00, 0x00, 0x01, 0xE8, 0xFF, 0xFF, 0x1D, 0x00, 0x00, 0x00, 0x00,
    0x00, 0xA4, 0xFF, 0x78, 0x06, 0xF4, 0xFF, 0x2D, 0x00, 0x00, 0x00, 0x00, 0x36, 0xFF, 0xFE, 0xFF, 0x6C, 0x00, 0x00, 0x00, 0x00, 0x00, 0xE4, 0xFF,
    0x34, 0x00, 0xB5, 0xFF, 0x70, 0x00, 0x00, 0x00, 0x00, 0x82, 0xFF, 0x9A, 0xFF, 0xBB, 0x00, 0x00, 0x00, 0x00, 0x26, 0xFF, 0xED, 0x02, 0x00, 0x6D,
    0xFF, 0xB4, 0x00, 0x00, 0x00, 0x00, 0xCD, 0xFD, 0x17, 0xEA, 0xFA, 0x0F, 0x00, 0x00, 0x00, 0x67, 0xFF, 0xAB, 0x00, 0x00, 0x26, 0xFF, 0xF3, 0x04,
    0x00, 0x00, 0x19, 0xFE, 0xC7, 0x00, 0x9E, 0xFF, 0x59, 0x00, 0x00, 0x00, 0xA8, 0xFF, 0x65, 0x00, 0x00, 0x00, 0xDE, 0xFF, 0x3B, 0x00, 0x00, 0x64,
    0xFF, 0x7C, 0x00, 0x4F, 0xFF, 0xA8, 0x00, 0x00, 0x00, 0xE7, 0xFF, 0x1F, 0x00, 0x00, 0x00, 0x96, 0xFF, 0x7F, 0x00, 0x00, 0xB0, 0xFF, 0x31, 0x00,
    0x09, 0xF5, 0xF1, 0x06, 0x00, 0x29, 0xFF, 0xD8, 0x00, 0x00, 0x00, 0x00, 0x4D, 0xFF, 0xC3, 0x00, 0x07, 0xF4, 0xE5, 0x00, 0x00, 0x00, 0xB0, 0xFF,
    0x47, 0x00, 0x6A, 0xFF, 0x91, 0x00, 0x00, 0x00, 0x00, 0x0B, 0xF9, 0xFA, 0x0C, 0x47, 0xFF, 0x9A, 0x00, 0x00, 0x00, 0x61, 0xFF, 0x96, 0x00, 0xAB,
    0xFF, 0x4B, 0x00, 0x00, 0x00, 0x00, 0x00, 0xBD, 0xFF, 0x4A, 0x93, 0xFF, 0x4F, 0x00, 0x00, 0x00, 0x14, 0xFC, 0xE4, 0x02, 0xEA, 0xF9, 0x0B, 0x00,
    0x00, 0x00, 0x00, 0x00, 0x74, 0xFF, 0x8E, 0xDE, 0xF8, 0x0B, 0x00, 0x00, 0x00, 0x00, 0xC2, 0xFF, 0x62, 0xFF, 0xBD, 0x00, 0x00, 0x00, 0x00, 0x00,
    0x00, 0x2B, 0xFF, 0xEB, 0xFF, 0xB8, 0x00, 0x00, 0x00, 0x00, 0x00, 0x73, 0xFF, 0xE6, 0xFF, 0x76, 0x00, 0x00, 0x00, 0x00, 0x00, 0x00, 0x00, 0xE2,
    0xFF, 0xFF, 0x6D, 0x00, 0x00, 0x00, 0x00, 0x00, 0x24, 0xFF, 0xFF, 0xFF, 0x30, 0x00, 0x00, 0x00, 0x00, 0x00, 0x00, 0x00, 0x81, 0xFF, 0xF4, 0x1A,
    0x00, 0x00, 0x00, 0x00, 0x00, 0x00, 0xBF, 0xFF, 0xCD, 0x00, 0x00, 0x00, 0x00, 0x00, 0x00, 0x00, 0x00, 0x02, 0x41, 0x20, 0x00, 0x00, 0x00, 0x00,
    0x00, 0x00, 0x00, 0x0B, 0x46, 0x0F, 0x00, 0x00, 0x00, 0x00, 0x00, 0x1F, 0x23, 0x00, 0x00, 0x00, 0x00, 0x00, 0x00, 0x16, 0x2B, 0x00, 0x00, 0xE2,
    0xF0, 0x1F, 0x00, 0x00, 0x00, 0x00, 0x07, 0xD6, 0xF2, 0x01, 0x00, 0xCE, 0xFF, 0xAD, 0x00, 0x00, 0x00, 0x00, 0x84, 0xFF, 0xA2, 0x00, 0x00, 0x3D,
    0xFE, 0xFF, 0x45, 0x00, 0x00, 0x2E, 0xFA, 0xEF, 0x17, 0x00, 0x00, 0x00, 0x99, 0xFF, 0xD8, 0x05, 0x03, 0xCA, 0xFF, 0x67, 0x00, 0x00, 0x00, 0x00,
    0x0F, 0xE6, 0xFF, 0x76, 0x74, 0xFF, 0xC2, 0x01, 0x00, 0x00, 0x00, 0x00, 0x00, 0x54, 0xFF, 0xF3, 0xF5, 0xF8, 0x27, 0x00, 0x00, 0x00, 0x00, 0x00,
    0x00, 0x00, 0xB1, 0xFF, 0xFF, 0x7B, 0x00, 0x00, 0x00, 0x00, 0x00, 0x00, 0x00, 0x00, 0x74, 0xFF, 0xFF, 0x53, 0x00, 0x00, 0x00, 0x00, 0x00, 0x00,
    0x00, 0x21, 0xF4, 0xFF, 0xFF, 0xE5, 0x0F, 0x00, 0x00, 0x00, 0x00, 0x00, 0x01, 0xBF, 0xFF, 0x84, 0xCB, 0xFF, 0x98, 0x00, 0x00, 0x00, 0x00, 0x00,
    0x6C, 0xFF, 0xD7, 0x07, 0x32, 0xFC, 0xFE, 0x3C, 0x00, 0x00, 0x00, 0x21, 0xF4, 0xFE, 0x3B, 0x00, 0x00, 0x92, 0xFF, 0xD7, 0x07, 0x00, 0x01, 0xBE,
    0xFF, 0x96, 0x00, 0x00, 0x00, 0x0E, 0xE5, 0xFF, 0x82, 0x00, 0x62, 0xFF, 0xE4, 0x0E, 0x00, 0x00, 0x00, 0x00, 0x56, 0xFF, 0xFA, 0x1F, 0x93, 0xFF,
    0x4D, 0x00, 0x00, 0x00, 0x00, 0x00, 0x00, 0xB5, 0xFF, 0x3E, 0x0D, 0x36, 0x00, 0x00, 0x00, 0x00, 0x00, 0x00, 0x00, 0x0D, 0x39, 0x00, 0x05, 0x3F,
    0x06, 0x00, 0x00, 0x00, 0x00, 0x00, 0x00, 0x00, 0x10, 0x32, 0x00, 0x74, 0xFF, 0x81, 0x00, 0x00, 0x00, 0x00, 0x00, 0x00, 0x00, 0xB2, 0xFF, 0x35,
    0x5F, 0xFF, 0xDC, 0x00, 0x00, 0x00, 0x00, 0x00, 0x00, 0x11, 0xFB, 0xFF, 0x2C, 0x12, 0xFB, 0xFF, 0x2D, 0x00, 0x00, 0x00, 0x00, 0x00, 0x5E, 0xFF,
    0xDA, 0x00, 0x00, 0xB9, 0xFF, 0x7D, 0x00, 0x00, 0x00, 0x00, 0x00, 0xAF, 0xFF, 0x84, 0x00, 0x00, 0x63, 0xFF, 0xCE, 0x00, 0x00, 0x00, 0x00, 0x09,
    0xF5, 0xFF, 0x2F, 0x00, 0x00, 0x12, 0xFB, 0xFF, 0x20, 0x00, 0x00, 0x00, 0x50, 0xFF, 0xD9, 0x00, 0x00, 0x00, 0x00, 0xB7, 0xFF, 0x70, 0x00, 0x00,
    0x00, 0xA1, 0xFF, 0x84, 0x00, 0x00, 0x00, 0x00, 0x61, 0xFF, 0xC0, 0x00, 0x00, 0x04, 0xED, 0xFF, 0x2E, 0x00, 0x00, 0x00, 0x00, 0x10, 0xF9, 0xFC,
    0x14, 0x00, 0x42, 0xFF, 0xD8, 0x00, 0x00, 0x00, 0x00, 0x00, 0x00, 0xB2, 0xFF, 0x62, 0x00, 0x93, 0xFF, 0x83, 0x00, 0x00, 0x00, 0x00, 0x00, 0x00,
    0x5B, 0xFF, 0xB3, 0x00, 0xE2, 0xFF, 0x2D, 0x00, 0x00, 0x00, 0x00, 0x00, 0x00, 0x0C, 0xF6, 0xF7, 0x40, 0xFF, 0xD8, 0x00, 0x00, 0x00, 0x00, 0x00,
    0x00, 0x00, 0x00, 0xAB, 0xFF, 0xD4, 0xFF, 0x82, 0x00, 0x00, 0x00, 0x00, 0x00, 0x00, 0x00, 0x00, 0x54, 0xFF, 0xFF, 0xFF, 0x2D, 0x00, 0x00, 0x00,
    0x00, 0x00, 0x00, 0x00, 0x00, 0x09, 0xF2, 0xFF, 0xD7, 0x00, 0x00, 0x00, 0x00, 0x00, 0x00, 0x00, 0x00, 0x00, 0x00, 0xC7, 0xFF, 0x82, 0x00, 0x00,
    0x00, 0x00, 0x00, 0x00, 0x00, 0x00, 0x00, 0x14, 0xFC, 0xFF, 0x2C, 0x00, 0x00, 0x00, 0x00, 0x00, 0x00, 0x00, 0x00, 0x00, 0x65, 0xFF, 0xD7, 0x00,
    0x00, 0x00, 0x00, 0x00, 0x00, 0x00, 0x00, 0x00, 0x00, 0xB8, 0xFF, 0x81, 0x00, 0x00, 0x00, 0x00, 0x00, 0x00, 0x00, 0x00, 0x00, 0x0E, 0xF9, 0xFF,
    0x2C, 0x00, 0x00, 0x00, 0x00, 0x00, 0x00, 0x00, 0x00, 0x00, 0x3E, 0xFF, 0xD3, 0x00, 0x00, 0x00, 0x00, 0x00, 0x00, 0x00, 0x00, 0x00, 0x00, 0x05,
    0x7A, 0x33, 0x00, 0x00, 0x00, 0x00, 0x00, 0x00, 0x00, 0x1C, 0xE9, 0xFC, 0xFC, 0xFC, 0xFC, 0xFC, 0xFC, 0xFC, 0xFB, 0xBD, 0x01, 0x29, 0xFD, 0xFF,
    0xFF, 0xFF, 0xFF, 0xFF, 0xFF, 0xFF, 0xFF, 0xF8, 0x0A, 0x00, 0x1C, 0x2C, 0x2C, 0x2C, 0x2C, 0x2C, 0x3B, 0xF1, 0xFF, 0x78, 0x00, 0x00, 0x00, 0x00,
    0x00, 0x00, 0x00, 0x00, 0xA3, 0xFF, 0xC1, 0x02, 0x00, 0x00, 0x00, 0x00, 0x00, 0x00, 0x00, 0x53, 0xFF, 0xF0, 0x1F, 0x00, 0x00, 0x00, 0x00, 0x00,
    0x00, 0x00, 0x18, 0xEB, 0xFF, 0x5C, 0x00, 0x00, 0x00, 0x00, 0x00, 0x00, 0x00, 0x00, 0xB4, 0xFF, 0xA8, 0x00, 0x00, 0x00, 0x00, 0x00, 0x00, 0x00,
    0x00, 0x65, 0xFF, 0xE3, 0x11, 0x00, 0x00, 0x00, 0x00, 0x00, 0x00, 0x00, 0x22, 0xF3, 0xFE, 0x42, 0x00, 0x00, 0x00, 0x00, 0x00, 0x00, 0x00, 0x02,
    0xC3, 0xFF, 0x8C, 0x00, 0x00, 0x00, 0x00, 0x00, 0x00, 0x00, 0x00, 0x77, 0xFF, 0xD1, 0x07, 0x00, 0x00, 0x00, 0x00, 0x00, 0x00, 0x00, 0x2E, 0xF9,
    0xF7, 0x2C, 0x00, 0x00, 0x00, 0x00, 0x00, 0x00, 0x00, 0x06, 0xD1, 0xFF, 0x98, 0x30, 0x30, 0x30, 0x30, 0x30, 0x30, 0x17, 0x00, 0x5D, 0xFF, 0xFF,
    0xFF, 0xFF, 0xFF, 0xFF, 0xFF, 0xFF, 0xFF, 0xF3, 0x0B, 0x31, 0xEE, 0xFF, 0xFF, 0xFF, 0xFF, 0xFF, 0xFF, 0xFF, 0xFF, 0xD8, 0x06, 0x00, 0x00, 0x00,
    0x00, 0x00, 0x21, 0x6F, 0x7D, 0x1B, 0x00, 0x00, 0x00, 0x00, 0x54, 0xF8, 0xFF, 0xFF, 0x8B, 0x00, 0x00, 0x00, 0x09, 0xEA, 0xFF, 0xF1, 0xA8, 0x27,
    0x00, 0x00, 0x00, 0x5F, 0xFF, 0xE3, 0x17, 0x00, 0x00, 0x00, 0x00, 0x00, 0x88, 0xFF, 0x89, 0x00, 0x00, 0x00, 0x00, 0x00, 0x00, 0xA1, 0xFF, 0x6B,
    0x00, 0x00, 0x00, 0x00, 0x00, 0x00, 0xA4, 0xFF, 0x68, 0x00, 0x00, 0x00, 0x00, 0x00, 0x00, 0xA4, 0xFF, 0x68, 0x00, 0x00, 0x00, 0x00, 0x00, 0x00,
    0xA4, 0xFF, 0x68, 0x00, 0x00, 0x00, 0x00, 0x00, 0x00, 0xA4, 0xFF, 0x68, 0x00, 0x00, 0x00, 0x00, 0x00, 0x00, 0xA4, 0xFF, 0x68, 0x00, 0x00, 0x00,
    0x00, 0x00, 0x00, 0xB3, 0xFF, 0x65, 0x00, 0x00, 0x00, 0x00, 0x00, 0x02, 0xE4, 0xFF, 0x4C, 0x00, 0x00, 0x00, 0x10, 0x5B, 0xAF, 0xFF, 0xF2, 0x0E,
    0x00, 0x00, 0x00, 0xAA, 0xFF, 0xFF, 0xFF, 0x6E, 0x00, 0x00, 0x00, 0x00, 0x72, 0xEC, 0xFF, 0xFF, 0xA6, 0x00, 0x00, 0x00, 0x00, 0x00, 0x00, 0x44,
    0xFD, 0xFC, 0x15, 0x00, 0x00, 0x00, 0x00, 0x00, 0x00, 0xCC, 0xFF, 0x48, 0x00, 0x00, 0x00, 0x00, 0x00, 0x00, 0xAB, 0xFF, 0x5F, 0x00, 0x00, 0x00,
    0x00, 0x00, 0x00, 0xA4, 0xFF, 0x67, 0x00, 0x00, 0x00, 0x00, 0x00, 0x00, 0xA4, 0xFF, 0x68, 0x00, 0x00, 0x00, 0x00, 0x00, 0x00, 0xA4, 0xFF, 0x68,
    0x00, 0x00, 0x00, 0x00, 0x00, 0x00, 0xA4, 0xFF, 0x68, 0x00, 0x00, 0x00, 0x00, 0x00, 0x00, 0xA4, 0xFF, 0x68, 0x00, 0x00, 0x00, 0x00, 0x00, 0x00,
    0x9C, 0xFF, 0x70, 0x00, 0x00, 0x00, 0x00, 0x00, 0x00, 0x7F, 0xFF, 0x9C, 0x00, 0x00, 0x00, 0x00, 0x00, 0x00, 0x4B, 0xFF, 0xF6, 0x4F, 0x02, 0x00,
    0x00, 0x00, 0x00, 0x01, 0xD3, 0xFF, 0xFF, 0xE9, 0x42, 0x00, 0x00, 0x00, 0x00, 0x27, 0xD1, 0xFF, 0xFF, 0x71, 0x00, 0x00, 0x00, 0x00, 0x00, 0x00,
    0x25, 0x35, 0x02, 0x53, 0x43, 0xE7, 0xCB, 0xEC, 0xD0, 0xEC, 0xD0, 0xEC, 0xD0, 0xEC, 0xD0, 0xEC, 0xD0, 0xEC, 0xD0, 0xEC, 0xD0, 0xEC, 0xD0, 0xEC,
    0xD0, 0xEC, 0xD0, 0xEC, 0xD0, 0xEC, 0xD0, 0xEC, 0xD0, 0xEC, 0xD0, 0xEC, 0xD0, 0xEC, 0xD0, 0xEC, 0xD0, 0xEC, 0xD0, 0xEC, 0xD0, 0xEC, 0xD0, 0xEC,
    0xD0, 0xEC, 0xD0, 0xEA, 0xCE, 0x80, 0x68, 0x08, 0x73, 0x78, 0x34, 0x00, 0x00, 0x00, 0x00, 0x00, 0x51, 0xFF, 0xFF, 0xFF, 0x81, 0x00, 0x00, 0x00,
    0x00, 0x10, 0x98, 0xDD, 0xFF, 0xFE, 0x2B, 0x00, 0x00, 0x00, 0x00, 0x00, 0x04, 0xBB, 0xFF, 0x95, 0x00, 0x00, 0x00, 0x00, 0x00, 0x00, 0x57, 0xFF,
    0xBE, 0x00, 0x00, 0x00, 0x00, 0x00, 0x00, 0x3C, 0xFF, 0xD9, 0x00, 0x00, 0x00, 0x00, 0x00, 0x00, 0x38, 0xFF, 0xDC, 0x00, 0x00, 0x00, 0x00, 0x00,
    0x00, 0x38, 0xFF, 0xDC, 0x00, 0x00, 0x00, 0x00, 0x00, 0x00, 0x38, 0xFF, 0xDC, 0x00, 0x00, 0x00, 0x00, 0x00, 0x00, 0x38, 0xFF, 0xDC, 0x00, 0x00,
    0x00, 0x00, 0x00, 0x00, 0x38, 0xFF, 0xDC, 0x00, 0x00, 0x00, 0x00, 0x00, 0x00, 0x35, 0xFF, 0xEC, 0x00, 0x00, 0x00, 0x00, 0x00, 0x00, 0x1D, 0xFF,
    0xFF, 0x2A, 0x00, 0x00, 0x00, 0x00, 0x00, 0x00, 0xCF, 0xFF, 0xDA, 0x6D, 0x28, 0x00, 0x00, 0x00, 0x00, 0x38, 0xFE, 0xFF, 0xFF, 0xE1, 0x00, 0x00,
    0x00, 0x00, 0x70, 0xFF, 0xFF, 0xF9, 0x9E, 0x00, 0x00, 0x00, 0x00, 0xDE, 0xFF, 0x88, 0x04, 0x00, 0x00, 0x00, 0x00, 0x17, 0xFF, 0xFA, 0x0A, 0x00,
    0x00, 0x00, 0x00, 0x00, 0x30, 0xFF, 0xE6, 0x00, 0x00, 0x00, 0x00, 0x00, 0x00, 0x37, 0xFF, 0xE1, 0x00, 0x00, 0x00, 0x00, 0x00, 0x00, 0x38, 0xFF,
    0xDE, 0x00, 0x00, 0x00, 0x00, 0x00, 0x00, 0x38, 0xFF, 0xDC, 0x00, 0x00, 0x00, 0x00, 0x00, 0x00, 0x38, 0xFF, 0xDC, 0x00, 0x00, 0x00, 0x00, 0x00,
    0x00, 0x38, 0xFF, 0xDC, 0x00, 0x00, 0x00, 0x00, 0x00, 0x00, 0x42, 0xFF, 0xD8, 0x00, 0x00, 0x00, 0x00, 0x00, 0x00, 0x72, 0xFF, 0xC2, 0x00, 0x00,
    0x00, 0x00, 0x01, 0x3F, 0xE8, 0xFF, 0x88, 0x00, 0x00, 0x00, 0x1D, 0xE2, 0xFF, 0xFF, 0xF6, 0x1F, 0x00, 0x00, 0x00, 0x33, 0xFF, 0xFF, 0xE7, 0x47,
    0x00, 0x00, 0x00, 0x00, 0x00, 0x25, 0x2E, 0x04, 0x00, 0x00, 0x00, 0x00, 0x00, 0x00, 0x00, 0x00, 0x08, 0x1F, 0x05, 0x00, 0x00, 0x00, 0x00, 0x00,
    0x00, 0x00, 0x00, 0x00, 0x00, 0x24, 0xA6, 0xF7, 0xFF, 0xFA, 0xB9, 0x5A, 0x09, 0x00, 0x00, 0x00, 0x0B, 0x35, 0x00, 0x1A, 0xF0, 0xFF, 0xFF, 0xFF,
    0xFF, 0xFF, 0xFF, 0xF1, 0xAE, 0x8C, 0x99, 0xEC, 0xFF, 0x15, 0x20, 0xD3, 0x86, 0x25, 0x04, 0x24, 0x6E, 0xC8, 0xFF, 0xFF, 0xFF, 0xFF, 0xFF, 0xA2,
    0x00, 0x00, 0x00, 0x00, 0x00, 0x00, 0x00, 0x00, 0x00, 0x27, 0x77, 0x9B, 0x83, 0x34, 0x00, 0x00, 0x00, 0x00, 0x00, 0x00, 0x00, 0x00, 0x00, 0x00,
    0x0C, 0x4A, 0x68, 0x7F, 0x77, 0x60, 0x33, 0x01, 0x00, 0x00, 0x00, 0x00, 0x00, 0x00, 0x00, 0x00, 0x00, 0x00, 0x00, 0x00, 0x00, 0x37, 0xB3, 0xF8,
    0xFF, 0xFF, 0xFF, 0xFF, 0xFF, 0xFF, 0xE5, 0x88, 0x12, 0x00, 0x00, 0x00, 0x00, 0x00, 0x00, 0x00, 0x00, 0x00, 0x0B, 0xA5, 0xFF, 0xFD, 0xCA, 0x85,
    0x64, 0x4F, 0x57, 0x6C, 0x9D, 0xE3, 0xFF, 0xF0, 0x5D, 0x00, 0x00, 0x00, 0x00, 0x00, 0x00, 0x00, 0x16, 0xCF, 0xFF, 0xAF, 0x28, 0x00, 0x00, 0x00,
    0x00, 0x00, 0x00, 0x00, 0x01, 0x55, 0xDA, 0xFF, 0x86, 0x00, 0x00, 0x00, 0x00, 0x00, 0x05, 0xC3, 0xFE, 0x73, 0x00, 0x00, 0x00, 0x00, 0x00, 0x00,
    0x00, 0x00, 0x00, 0x00, 0x00, 0x0C, 0xB3, 0xFF, 0x6A, 0x00, 0x00, 0x00, 0x00, 0x83, 0xFF, 0x75, 0x00, 0x00, 0x00, 0x00, 0x03, 0x30, 0x4D, 0x48,
    0x1F, 0x00, 0x00, 0x00, 0x00, 0x02, 0xBD, 0xFA, 0x29, 0x00, 0x00, 0x18, 0xF5, 0xBD, 0x01, 0x00, 0x00, 0x00, 0x4C, 0xE0, 0xFF, 0xFF, 0xFF, 0xFF,
    0x60, 0x00, 0x00, 0x00, 0x00, 0x18, 0xF4, 0xAD, 0x00, 0x00, 0x7E, 0xFF, 0x3C, 0x00, 0x00, 0x00, 0x3B, 0xFB, 0xFE, 0xB5, 0x85, 0x85, 0xA6, 0x45,
    0x00, 0x00, 0x00, 0x00, 0x00, 0x8E, 0xFF, 0x1E, 0x00, 0xCC, 0xDF, 0x00, 0x00, 0x00, 0x00, 0xB4, 0xFF, 0x5B, 0x00, 0x00, 0x00, 0x00, 0x00, 0x00,
    0x00, 0x00, 0x00, 0x00, 0x36, 0xFF, 0x6B, 0x09, 0xFE, 0x9F, 0x00, 0x00, 0x00, 0x00, 0xEE, 0xE9, 0x00, 0x00, 0x00, 0x00, 0x00, 0x00, 0x00, 0x00,
    0x00, 0x00, 0x00, 0x03, 0xF5, 0xA8, 0x22, 0xFF, 0x82, 0x00, 0x00, 0x00, 0x00, 0xFE, 0xCD, 0x00, 0x00, 0x00, 0x00, 0x00, 0x00, 0x00, 0x00, 0x00,
    0x00, 0x00, 0x00, 0xDE, 0xC1, 0x32, 0xFF, 0x74, 0x00, 0x00, 0x00, 0x00, 0xFF, 0xCC, 0x00, 0x00, 0x00, 0x00, 0x00, 0x00, 0x00, 0x00, 0x00, 0x00,
    0x00, 0x00, 0xD1, 0xD1, 0x21, 0xFF, 0x85, 0x00, 0x00, 0x00, 0x00, 0xFE, 0xCE, 0x00, 0x00, 0x00, 0x00, 0x00, 0x00, 0x00, 0x00, 0x00, 0x00, 0x00,
    0x00, 0xE4, 0xBF, 0x09, 0xFD, 0xA6, 0x00, 0x00, 0x00, 0x00, 0xEB, 0xEE, 0x01, 0x00, 0x00, 0x00, 0x00, 0x00, 0x00, 0x00, 0x00, 0x00, 0x00, 0x0B,
    0xFB, 0xA5, 0x00, 0xC9, 0xE8, 0x01, 0x00, 0x00, 0x00, 0xAD, 0xFF, 0x7E, 0x02, 0x00, 0x00, 0x00, 0x00, 0x00, 0x00, 0x00, 0x00, 0x00, 0x4A, 0xFF,
    0x67, 0x00, 0x7D, 0xFF, 0x4D, 0x00, 0x00, 0x00, 0x31, 0xF7, 0xFF, 0xDE, 0xB2, 0xB1, 0xD0, 0x6E, 0x00, 0x00, 0x00, 0x00, 0x00, 0xB1, 0xFD, 0x1E,
    0x00, 0x14, 0xF2, 0xCF, 0x06, 0x00, 0x00, 0x00, 0x39, 0xCB, 0xFF, 0xFF, 0xFF, 0xF8, 0x5B, 0x00, 0x00, 0x00, 0x00, 0x3D, 0xFF, 0xA4, 0x00, 0x00,
    0x00, 0x79, 0xFF, 0x95, 0x00, 0x00, 0x00, 0x00, 0x00, 0x18, 0x33, 0x2C, 0x09, 0x00, 0x00, 0x00, 0x00, 0x19, 0xE5, 0xF4, 0x22, 0x00, 0x00, 0x00,
    0x02, 0xB3, 0xFF, 0x9B, 0x04, 0x00, 0x00, 0x00, 0x00, 0x00, 0x00, 0x00, 0x00, 0x00, 0x00, 0x28, 0xDE, 0xFE, 0x52, 0x00, 0x00, 0x00, 0x00, 0x00,
    0x0D, 0xBA, 0xFF, 0xD4, 0x4F, 0x02, 0x00, 0x00, 0x00, 0x00, 0x00, 0x00, 0x12, 0x84, 0xF5, 0xFB, 0x67, 0x00, 0x00, 0x00, 0x00, 0x00, 0x00, 0x00,
    0x03, 0x8A, 0xFA, 0xFF, 0xED, 0xAA, 0x87, 0x73, 0x7A, 0x90, 0xC4, 0xFC, 0xFF, 0xE1, 0x42, 0x00, 0x00, 0x00, 0x00, 0x00, 0x00, 0x00, 0x00, 0x00,
    0x00, 0x22, 0x99, 0xE7, 0xFF, 0xFF, 0xFF, 0xFF, 0xFF, 0xFE, 0xCC, 0x6D, 0x07, 0x00, 0x00, 0x00, 0x00, 0x00, 0x00, 0x00, 0x00, 0x00, 0x00, 0x00,
    0x00, 0x00, 0x01, 0x2A, 0x48, 0x5C, 0x55, 0x3F, 0x15, 0x00, 0x00, 0x00, 0x00, 0x00, 0x00, 0x00, 0x00,
};

// Metrics straight out of the file, except the space, which carries
// no ink and so is not in the file at all, and the ink band, which
// is measured over the glyphs that were kept. See smoothfont.h for
// why the band and the nominal line are not the same thing.
static const SmoothFont DISPFONT28 = {
    DISPFONT28_GLYPHS, DISPFONT28_PIXELS, 95, 22, 7, 29, 7, 25, 7,
};
