// GENERATED by tools/make_display_bg.py -- do not edit by hand.
//
// The background of the text area, 180 by 76, RGB565 in the order the
// panel wants: high byte first. Row major and exactly as wide as the
// text area, so the rows of one line of text are one run of memory and
// a redraw is a single memcpy.
//
// Source: tft_bg_radiaal_180x76.h
#pragma once

#include <stdint.h>

static const int DISPLAY_BG_W = 180;
static const int DISPLAY_BG_H = 76;

static const uint16_t DISPLAY_BG[DISPLAY_BG_W * DISPLAY_BG_H] = {
    0x2200, 0x2200, 0x2200, 0x2200, 0x2200, 0x4200, 0x2200, 0x2200, 0x2200, 0x2200, 0x2200, 0x4200,
    0x2200, 0x2200, 0x2200, 0x2200, 0x2200, 0x4200, 0x2200, 0x2200, 0x2200, 0x2200, 0x2200, 0x4200,
    0x2200, 0x2200, 0x2200, 0x2200, 0x2200, 0x4200, 0x2200, 0x2200, 0x2200, 0x2200, 0x4300, 0x2200,
    0x4200, 0x2300, 0x4200, 0x2300, 0x4200, 0x4300, 0x2300, 0x4200, 0x4300, 0x4300, 0x4300, 0x4300,
    0x4300, 0x4300, 0x4300, 0x4300, 0x4300, 0x4300, 0x4300, 0x4300, 0x4300, 0x4300, 0x4300, 0x4300,
    0x4300, 0x4300, 0x4400, 0x6300, 0x4300, 0x4400, 0x6300, 0x4400, 0x4300, 0x6400, 0x4300, 0x6400,
    0x4300, 0x6400, 0x4300, 0x6400, 0x4400, 0x6300, 0x4400, 0x6400, 0x4300, 0x6400, 0x4400, 0x6300,
    0x6400, 0x4400, 0x6400, 0x6300, 0x4400, 0x6400, 0x6400, 0x4300, 0x6400, 0x6400, 0x4400, 0x6300,
    0x6400, 0x4400, 0x6300, 0x4400, 0x6400, 0x4300, 0x6400, 0x4400, 0x6300, 0x4400, 0x6300, 0x4400,
    0x6300, 0x4400, 0x6300, 0x4400, 0x6300, 0x4400, 0x4300, 0x6300, 0x4400, 0x4300, 0x4300, 0x4300,
    0x4300, 0x4300, 0x4300, 0x4300, 0x4300, 0x4300, 0x4300, 0x4300, 0x4300, 0x4300, 0x4300, 0x4300,
    0x4300, 0x4300, 0x4300, 0x4300, 0x4300, 0x4200, 0x2300, 0x4300, 0x4200, 0x2300, 0x4200, 0x2300,
    0x4200, 0x2200, 0x2300, 0x2200, 0x2200, 0x4200, 0x2200, 0x2200, 0x2200, 0x2200, 0x2200, 0x4200,
    0x2200, 0x2200, 0x2200, 0x2200, 0x2200, 0x4200, 0x2200, 0x2200, 0x2200, 0x2200, 0x2200, 0x4200,
    0x2200, 0x2200, 0x2200, 0x2200, 0x2200, 0x4200, 0x2200, 0x2200, 0x2200, 0x2200, 0x2200, 0x4200,
    0x2200, 0x4300, 0x4300, 0x4200, 0x2300, 0x4300, 0x2300, 0x4300, 0x4200, 0x4300, 0x2300, 0x4300,
    0x2300, 0x4200, 0x4300, 0x4300, 0x2300, 0x4300, 0x2200, 0x4300, 0x4300, 0x4300, 0x2300, 0x4200,
    0x2300, 0x4300, 0x4300, 0x4300, 0x2200, 0x4300, 0x2300, 0x4300, 0x4300, 0x4300, 0x4200, 0x4300,
    0x4300, 0x4300, 0x4300, 0x4300, 0x4300, 0x4300, 0x4300, 0x4300, 0x4300, 0x4300, 0x4300, 0x4300,
    0x4300, 0x4308, 0x4300, 0x6400, 0x4308, 0x6400, 0x4300, 0x6408, 0x6400, 0x6400, 0x6408, 0x6400,
    0x6408, 0x6400, 0x6408, 0x6400, 0x6408, 0x6400, 0x6408, 0x6400, 0x6408, 0x6400, 0x6408, 0x6400,
    0x6408, 0x6400, 0x6408, 0x6400, 0x6408, 0x6400, 0x6408, 0x6400, 0x6408, 0x6400, 0x6408, 0x6400,
    0x6408, 0x6400, 0x6408, 0x6408, 0x6400, 0x6408, 0x6400, 0x6408, 0x6408, 0x6400, 0x6408, 0x6400,
    0x6408, 0x6400, 0x6408, 0x6400, 0x6408, 0x6400, 0x6408, 0x6400, 0x6408, 0x6400, 0x6408, 0x6400,
    0x6408, 0x6400, 0x6408, 0x6400, 0x6408, 0x6400, 0x6408, 0x6400, 0x6408, 0x6400, 0x6408, 0x6400,
    0x6408, 0x6400, 0x6408, 0x6400, 0x6400, 0x4308, 0x6400, 0x4300, 0x6408, 0x4300, 0x4300, 0x4300,
    0x4300, 0x4300, 0x4300, 0x4300, 0x4300, 0x4300, 0x4300, 0x4300, 0x4300, 0x4300, 0x4300, 0x4300,
    0x4300, 0x4300, 0x4200, 0x4300, 0x4300, 0x2300, 0x4300, 0x4300, 0x4300, 0x4200, 0x2300, 0x4300,
    0x2300, 0x4300, 0x4200, 0x4300, 0x2300, 0x4300, 0x2300, 0x4200, 0x4300, 0x4300, 0x2300, 0x4300,
    0x2200, 0x4300, 0x4300, 0x4300, 0x2300, 0x4200, 0x2300, 0x4300, 0x4300, 0x4300, 0x2200, 0x2300,
    0x2200, 0x4200, 0x2300, 0x4200, 0x2300, 0x4200, 0x2200, 0x4200, 0x2300, 0x4200, 0x2200, 0x4200,
    0x2300, 0x4200, 0x2300, 0x4200, 0x2200, 0x4200, 0x2300, 0x4200, 0x2200, 0x4200, 0x2300, 0x4200,
    0x2300, 0x4200, 0x2200, 0x4300, 0x4300, 0x4200, 0x4300, 0x4300, 0x4200, 0x4300, 0x4300, 0x4308,
    0x4300, 0x4300, 0x4308, 0x4300, 0x4308, 0x4300, 0x4308, 0x6400, 0x4308, 0x6400, 0x4308, 0x6400,
    0x6408, 0x6400, 0x4300, 0x6408, 0x6400, 0x4300, 0x6408, 0x6400, 0x4308, 0x6400, 0x6400, 0x4408,
    0x6400, 0x6400, 0x6408, 0x6400, 0x6400, 0x6408, 0x6400, 0x6408, 0x6400, 0x6408, 0x6400, 0x6408,
    0x6400, 0x6408, 0x6400, 0x6408, 0x6400, 0x6408, 0x6500, 0x6408, 0x8400, 0x6508, 0x6400, 0x6508,
    0x6400, 0x6408, 0x6500, 0x6408, 0x8500, 0x6408, 0x6500, 0x6408, 0x6500, 0x6408, 0x6500, 0x6408,
    0x6500, 0x6408, 0x8500, 0x6408, 0x6400, 0x6508, 0x6400, 0x6408, 0x6400, 0x6508, 0x6400, 0x6408,
    0x6400, 0x6408, 0x6400, 0x6408, 0x6400, 0x6408, 0x6400, 0x6408, 0x6400, 0x6400, 0x6408, 0x6400,
    0x6400, 0x6408, 0x6400, 0x4408, 0x6400, 0x6400, 0x6408, 0x6400, 0x4300, 0x6408, 0x6400, 0x6408,
    0x6408, 0x4300, 0x6408, 0x4300, 0x6408, 0x4300, 0x4308, 0x4300, 0x4308, 0x4300, 0x4308, 0x4300,
    0x4300, 0x4308, 0x4300, 0x4300, 0x4300, 0x4200, 0x4300, 0x2200, 0x4300, 0x2300, 0x4200, 0x2200,
    0x4200, 0x2300, 0x2200, 0x4300, 0x2200, 0x4200, 0x2200, 0x4300, 0x2200, 0x4200, 0x2200, 0x4300,
    0x2200, 0x4300, 0x2200, 0x4200, 0x2200, 0x4300, 0x2200, 0x4200, 0x2200, 0x4300, 0x2200, 0x4200,
    0x2200, 0x4300, 0x2200, 0x4300, 0x2200, 0x4300, 0x2200, 0x4300, 0x2200, 0x4300, 0x2300, 0x4200,
    0x2200, 0x4300, 0x2200, 0x4300, 0x2200, 0x4300, 0x2200, 0x4300, 0x2300, 0x4200, 0x2300, 0x4200,
    0x4308, 0x2300, 0x4300, 0x4208, 0x2300, 0x4300, 0x4308, 0x4300, 0x4308, 0x4300, 0x4300, 0x4300,
    0x4308, 0x4300, 0x4300, 0x6400, 0x4300, 0x6400, 0x6300, 0x4408, 0x6300, 0x4400, 0x6408, 0x4300,
    0x6400, 0x6408, 0x6400, 0x6400, 0x6408, 0x6400, 0x6408, 0x6400, 0x6400, 0x6408, 0x6400, 0x6408,
    0x6400, 0x6408, 0x6400, 0x6408, 0x6400, 0x6408, 0x6400, 0x6408, 0x6500, 0x6408, 0x6500, 0x8408,
    0x6500, 0x6508, 0x8500, 0x6508, 0x8500, 0x8408, 0x6500, 0x8508, 0x6400, 0x8508, 0x8400, 0x8508,
    0x8508, 0x8500, 0x8408, 0x6500, 0x8408, 0x6500, 0x8408, 0x8500, 0x8408, 0x8500, 0x8408, 0x8500,
    0x8408, 0x6500, 0x8408, 0x6500, 0x8508, 0x8400, 0x8508, 0x6500, 0x8408, 0x8500, 0x6408, 0x8500,
    0x6508, 0x8400, 0x6508, 0x6400, 0x6508, 0x6400, 0x6408, 0x6400, 0x6408, 0x6400, 0x6408, 0x6400,
    0x6408, 0x6400, 0x6400, 0x6408, 0x6400, 0x6408, 0x6400, 0x6408, 0x6400, 0x6408, 0x6400, 0x4300,
    0x6400, 0x6408, 0x6400, 0x4308, 0x6400, 0x6400, 0x6408, 0x4300, 0x6400, 0x4300, 0x6400, 0x4308,
    0x4300, 0x4300, 0x4300, 0x4308, 0x4300, 0x4308, 0x4300, 0x4308, 0x4300, 0x4200, 0x4308, 0x4300,
    0x4300, 0x4200, 0x2300, 0x4200, 0x2300, 0x4200, 0x2300, 0x4200, 0x2300, 0x4300, 0x2200, 0x4200,
    0x2300, 0x4200, 0x2300, 0x4200, 0x2300, 0x4200, 0x2300, 0x4300, 0x2200, 0x4200, 0x2300, 0x4200,
    0x2200, 0x4300, 0x2200, 0x4200, 0x2308, 0x4200, 0x2300, 0x4208, 0x2300, 0x4200, 0x2208, 0x4300,
    0x2200, 0x4308, 0x2200, 0x4200, 0x2308, 0x4200, 0x2300, 0x4208, 0x2300, 0x4208, 0x4300, 0x4300,
    0x4300, 0x4200, 0x4300, 0x4300, 0x4300, 0x4308, 0x4300, 0x4300, 0x4300, 0x4408, 0x4300, 0x6408,
    0x4300, 0x6400, 0x4408, 0x6300, 0x6408, 0x4408, 0x6400, 0x6400, 0x6408, 0x6400, 0x6400, 0x6408,
    0x6400, 0x6408, 0x6400, 0x6408, 0x6400, 0x6408, 0x6400, 0x6408, 0x6500, 0x6408, 0x6400, 0x8508,
    0x6400, 0x6508, 0x8400, 0x6508, 0x6500, 0x8508, 0x6500, 0x8408, 0x8500, 0x8508, 0x6400, 0x8508,
    0x8500, 0x8408, 0x6500, 0x8408, 0x6500, 0x8508, 0x8508, 0x6500, 0x8508, 0x6508, 0x8500, 0x6508,
    0x8400, 0x6508, 0x8500, 0x8508, 0x8500, 0x8508, 0x6508, 0x8500, 0x6508, 0x8500, 0x6508, 0x8508,
    0x6500, 0x8508, 0x8508, 0x8500, 0x6508, 0x8508, 0x6500, 0x8508, 0x8508, 0x6500, 0x8508, 0x6400,
    0x8508, 0x6500, 0x8508, 0x8500, 0x8408, 0x6500, 0x8508, 0x6500, 0x8508, 0x6500, 0x8408, 0x6500,
    0x6408, 0x6500, 0x6408, 0x6400, 0x6408, 0x6400, 0x6408, 0x6400, 0x6408, 0x6400, 0x6408, 0x6400,
    0x6408, 0x6400, 0x6400, 0x6400, 0x6408, 0x4300, 0x6400, 0x6408, 0x6400, 0x4308, 0x6400, 0x4300,
    0x6408, 0x4300, 0x6400, 0x4300, 0x4300, 0x4300, 0x4300, 0x4300, 0x4300, 0x4300, 0x4300, 0x4300,
    0x2308, 0x4300, 0x4208, 0x4300, 0x4208, 0x2300, 0x4200, 0x2308, 0x4200, 0x2200, 0x4308, 0x2200,
    0x4300, 0x2208, 0x4200, 0x2300, 0x4208, 0x2300, 0x4200, 0x2208, 0x4300, 0x2200, 0x4308, 0x2200,
    0x2200, 0x4300, 0x2200, 0x4300, 0x2200, 0x4300, 0x2200, 0x4200, 0x2300, 0x4200, 0x2300, 0x4200,
    0x2300, 0x4200, 0x2300, 0x4200, 0x2300, 0x4300, 0x4200, 0x4300, 0x4300, 0x4300, 0x4300, 0x4308,
    0x4300, 0x4308, 0x4300, 0x4308, 0x4300, 0x6400, 0x4300, 0x6408, 0x4300, 0x6400, 0x6308, 0x4400,
    0x6400, 0x6408, 0x6400, 0x6408, 0x6400, 0x6400, 0x6408, 0x6400, 0x6408, 0x6400, 0x6408, 0x6400,
    0x6408, 0x6400, 0x6408, 0x6400, 0x6508, 0x6400, 0x8508, 0x6400, 0x8508, 0x6400, 0x8508, 0x6400,
    0x8508, 0x8500, 0x6508, 0x8400, 0x8508, 0x8400, 0x8508, 0x6500, 0x8508, 0x8500, 0x8508, 0x6500,
    0x8508, 0x8508, 0x8500, 0x8508, 0x8508, 0x8500, 0x8508, 0x8508, 0x8500, 0x8508, 0x8508, 0x8500,
    0x8508, 0x8508, 0x8500, 0x8508, 0x8508, 0x8500, 0x8508, 0x8508, 0x8500, 0x8508, 0x8500, 0x8508,
    0x8508, 0x8500, 0x8508, 0x8508, 0x8500, 0x8508, 0x8508, 0x8500, 0x8508, 0x8500, 0x8508, 0x8508,
    0x8500, 0x8508, 0x6508, 0x8500, 0x6508, 0x8500, 0x8508, 0x8400, 0x6508, 0x8500, 0x6508, 0x8500,
    0x8408, 0x8500, 0x6508, 0x8500, 0x8408, 0x6500, 0x6408, 0x8500, 0x6408, 0x6500, 0x6408, 0x6400,
    0x6408, 0x6400, 0x6408, 0x6408, 0x6400, 0x6408, 0x6400, 0x6408, 0x6400, 0x6400, 0x6408, 0x6400,
    0x6300, 0x4408, 0x6300, 0x4408, 0x6300, 0x4408, 0x6300, 0x4308, 0x4300, 0x4308, 0x4300, 0x4300,
    0x4300, 0x4300, 0x4300, 0x4300, 0x4300, 0x4300, 0x4300, 0x2200, 0x4300, 0x2200, 0x4300, 0x2200,
    0x4300, 0x2200, 0x4300, 0x2200, 0x4300, 0x2200, 0x4300, 0x2200, 0x4300, 0x2200, 0x4300, 0x2200,
    0x2200, 0x4300, 0x2200, 0x4300, 0x2200, 0x4200, 0x2300, 0x4200, 0x2308, 0x4200, 0x2300, 0x4200,
    0x2300, 0x4208, 0x4300, 0x2300, 0x4208, 0x4300, 0x4308, 0x4300, 0x4300, 0x4308, 0x4300, 0x4300,
    0x4300, 0x4300, 0x6400, 0x4300, 0x6408, 0x4300, 0x6408, 0x4300, 0x6408, 0x6400, 0x4400, 0x6408,
    0x6400, 0x6300, 0x6408, 0x6400, 0x6408, 0x6400, 0x6408, 0x6400, 0x6408, 0x6400, 0x6408, 0x6500,
    0x8408, 0x6500, 0x8508, 0x6400, 0x8508, 0x6500, 0x8508, 0x6500, 0x8508, 0x8500, 0x8508, 0x8508,
    0x6500, 0x8508, 0x8508, 0x8500, 0x6508, 0x8508, 0x8500, 0x8508, 0x8508, 0x8508, 0x8500, 0x8508,
    0x8500, 0x8508, 0x8508, 0x8500, 0x8508, 0x8508, 0x8500, 0x8508, 0x8508, 0x8500, 0x8508, 0x8608,
    0x8500, 0x8608, 0x8508, 0x8600, 0x8508, 0x8608, 0x8500, 0x8608, 0x8508, 0x8608, 0x8508, 0x8600,
    0x8508, 0x8508, 0x8600, 0x8508, 0x8508, 0x8500, 0x8508, 0x8508, 0x8500, 0x8508, 0x8508, 0x8500,
    0x8508, 0x8500, 0x8508, 0x8508, 0x8500, 0x8508, 0x8508, 0x8500, 0x8508, 0x8508, 0x8500, 0x8508,
    0x6508, 0x8500, 0x8408, 0x6508, 0x8500, 0x8508, 0x6500, 0x8408, 0x6500, 0x8408, 0x6500, 0x8508,
    0x6400, 0x6508, 0x6400, 0x6400, 0x6408, 0x6400, 0x6408, 0x6400, 0x6408, 0x6400, 0x6408, 0x4400,
    0x6408, 0x6400, 0x6408, 0x6400, 0x6408, 0x4300, 0x6400, 0x4408, 0x6400, 0x4300, 0x6408, 0x4300,
    0x4308, 0x4300, 0x4308, 0x4300, 0x4300, 0x4308, 0x4300, 0x4300, 0x4308, 0x4300, 0x2200, 0x4308,
    0x2200, 0x4300, 0x2200, 0x4300, 0x2200, 0x4208, 0x2300, 0x4200, 0x2300, 0x4200, 0x2300, 0x4200,
    0x2200, 0x4200, 0x2300, 0x4208, 0x2300, 0x4200, 0x2308, 0x4200, 0x2300, 0x4200, 0x2300, 0x4208,
    0x4300, 0x2300, 0x4300, 0x4300, 0x4300, 0x4300, 0x4300, 0x4300, 0x4308, 0x4300, 0x4300, 0x4308,
    0x6400, 0x4308, 0x6400, 0x4408, 0x6300, 0x6400, 0x6400, 0x6408, 0x6400, 0x6408, 0x6400, 0x6400,
    0x6408, 0x6400, 0x6408, 0x6400, 0x6400, 0x6408, 0x6500, 0x6408, 0x8500, 0x6508, 0x8400, 0x6508,
    0x8500, 0x6408, 0x8500, 0x8508, 0x8500, 0x8408, 0x8500, 0x8508, 0x8508, 0x6508, 0x8500, 0x8508,
    0x8508, 0x8500, 0x8508, 0x8508, 0x8500, 0x8508, 0x8608, 0x8500, 0x8508, 0x8600, 0x8508, 0x8608,
    0x8508, 0x8600, 0x8608, 0x8608, 0x8600, 0x8608, 0x8608, 0xA600, 0x8608, 0x8608, 0xA500, 0x8608,
    0xA508, 0x8600, 0x8508, 0xA608, 0x8500, 0x8608, 0xA508, 0x8600, 0xA508, 0x8600, 0xA508, 0x8608,
    0xA600, 0x8508, 0x8608, 0xA500, 0x8608, 0x8608, 0x8600, 0x8508, 0x8608, 0x8600, 0x8508, 0x8608,
    0x8508, 0x8608, 0x8500, 0x8508, 0x8508, 0x8500, 0x8508, 0x8508, 0x8500, 0x8508, 0x8508, 0x8500,
    0x8508, 0x8508, 0x8500, 0x8508, 0x8500, 0x8508, 0x8508, 0x8500, 0x8508, 0x6500, 0x8508, 0x8400,
    0x6508, 0x8500, 0x8508, 0x6508, 0x8500, 0x6408, 0x6500, 0x6408, 0x6400, 0x6408, 0x6400, 0x6408,
    0x6400, 0x6400, 0x6408, 0x6400, 0x6400, 0x6408, 0x6400, 0x6300, 0x6408, 0x4300, 0x6400, 0x4308,
    0x6400, 0x4300, 0x6300, 0x4308, 0x4300, 0x4300, 0x4308, 0x4300, 0x4300, 0x4300, 0x4300, 0x4300,
    0x4300, 0x2200, 0x4308, 0x2200, 0x4300, 0x2200, 0x4300, 0x2200, 0x4208, 0x2300, 0x4200, 0x2300,
    0x2200, 0x4300, 0x2200, 0x4300, 0x2200, 0x4300, 0x2200, 0x4300, 0x2200, 0x4300, 0x4300, 0x4300,
    0x4300, 0x4300, 0x4208, 0x4300, 0x4308, 0x4300, 0x4308, 0x4300, 0x6400, 0x4300, 0x6408, 0x6400,
    0x4300, 0x6408, 0x6400, 0x6300, 0x6408, 0x4400, 0x6408, 0x6400, 0x6400, 0x6408, 0x6400, 0x6408,
    0x6400, 0x6508, 0x6400, 0x6508, 0x8500, 0x6408, 0x8500, 0x6508, 0x8400, 0x8508, 0x6500, 0x8508,
    0x8508, 0x8500, 0x8508, 0x6508, 0x8508, 0x8500, 0x8508, 0x8508, 0x8500, 0x8508, 0x8500, 0x8508,
    0x8500, 0x8608, 0x8500, 0x8608, 0x8508, 0x8600, 0x8508, 0xA608, 0x8608, 0x8508, 0xA608, 0x8500,
    0xA608, 0x8608, 0xA508, 0xA600, 0x8508, 0xA608, 0xA500, 0x8608, 0xA508, 0xA600, 0x8608, 0xA608,
    0x8608, 0xA608, 0xA608, 0x8608, 0xA608, 0xA608, 0x8608, 0xA608, 0x8608, 0xA608, 0x8600, 0xA608,
    0x8608, 0xA608, 0xA600, 0x8608, 0xA608, 0xA508, 0xA608, 0xA600, 0xA608, 0x8508, 0xA608, 0xA600,
    0x8608, 0xA500, 0x8608, 0xA608, 0x8600, 0xA608, 0x8608, 0x8600, 0x8608, 0x8508, 0x8600, 0x8508,
    0x8500, 0x8608, 0x8508, 0x8500, 0x8508, 0x8500, 0x8508, 0x6508, 0x8500, 0x8508, 0x8508, 0x8500,
    0x8508, 0x8508, 0x6400, 0x8508, 0x6500, 0x8508, 0x8400, 0x6508, 0x8500, 0x6408, 0x6500, 0x8408,
    0x6400, 0x6408, 0x6400, 0x6408, 0x6400, 0x6408, 0x6400, 0x4408, 0x6400, 0x6408, 0x6400, 0x6400,
    0x4308, 0x6400, 0x4408, 0x6300, 0x4400, 0x4300, 0x4300, 0x4300, 0x4308, 0x4300, 0x4308, 0x4300,
    0x4308, 0x4300, 0x4200, 0x4300, 0x2300, 0x4200, 0x2300, 0x4200, 0x2300, 0x4200, 0x2300, 0x4200,
    0x2200, 0x4300, 0x2200, 0x4200, 0x2308, 0x4200, 0x4300, 0x4300, 0x4308, 0x4200, 0x4308, 0x4300,
    0x4308, 0x4300, 0x4300, 0x4300, 0x6400, 0x4300, 0x6400, 0x4308, 0x6400, 0x4308, 0x6400, 0x6408,
    0x6400, 0x6400, 0x6408, 0x6400, 0x6408, 0x6400, 0x6408, 0x6400, 0x6408, 0x6400, 0x6508, 0x8400,
    0x6508, 0x8400, 0x8508, 0x6400, 0x8508, 0x8500, 0x8508, 0x8500, 0x6508, 0x8508, 0x8500, 0x8508,
    0x8500, 0x8508, 0x8500, 0x8508, 0x8500, 0x8608, 0x8508, 0x8600, 0x8508, 0x8608, 0x8608, 0xA608,
    0x8508, 0xA608, 0x8608, 0xA500, 0xA608, 0xA608, 0x8608, 0xA600, 0x8608, 0xA600, 0x8608, 0xA608,
    0xA608, 0xA600, 0x8608, 0xA608, 0xA608, 0xA608, 0x8608, 0xA608, 0xA608, 0x8608, 0xA608, 0xA600,
    0xA608, 0xA600, 0xA608, 0xA600, 0xA608, 0xA600, 0xA608, 0xA600, 0xA608, 0xA608, 0xA608, 0xA608,
    0xA600, 0xA608, 0x8608, 0xA608, 0xA600, 0x8608, 0xA608, 0x8608, 0xA608, 0xA600, 0x8608, 0xA608,
    0xA608, 0x8608, 0xA608, 0xA608, 0x8608, 0xA508, 0x8600, 0xA508, 0xA608, 0x8608, 0xA508, 0x8608,
    0xA608, 0x8500, 0x8608, 0x8608, 0x8508, 0x8608, 0x8500, 0x8508, 0x8508, 0x8500, 0x8508, 0x8508,
    0x8500, 0x8508, 0x8500, 0x8508, 0x8500, 0x8508, 0x6500, 0x8508, 0x8500, 0x6508, 0x8400, 0x6508,
    0x8500, 0x6508, 0x6400, 0x6508, 0x6400, 0x6408, 0x6400, 0x6408, 0x6400, 0x6400, 0x6408, 0x6400,
    0x6400, 0x6408, 0x4300, 0x6400, 0x6308, 0x4400, 0x6308, 0x4400, 0x6300, 0x4300, 0x4300, 0x4300,
    0x4300, 0x4300, 0x4300, 0x4308, 0x4200, 0x4308, 0x4300, 0x2200, 0x4300, 0x2208, 0x4200, 0x2300,
    0x2200, 0x4300, 0x2200, 0x4300, 0x4300, 0x2300, 0x4208, 0x4300, 0x4300, 0x4300, 0x4300, 0x4300,
    0x4300, 0x4308, 0x6400, 0x4308, 0x6400, 0x4308, 0x6400, 0x6400, 0x6408, 0x6400, 0x6400, 0x4400,
    0x6408, 0x6400, 0x6408, 0x6400, 0x6408, 0x6500, 0x6408, 0x8500, 0x6508, 0x8400, 0x6508, 0x8500,
    0x6508, 0x8508, 0x6500, 0x8508, 0x8508, 0x6508, 0x8500, 0x8508, 0x8500, 0x8508, 0x8508, 0x8500,
    0x8508, 0x8608, 0x8508, 0x8600, 0x8508, 0x8608, 0x8500, 0xA608, 0x8608, 0xA500, 0x8608, 0xA600,
    0x8608, 0xA600, 0x8608, 0xA608, 0x8608, 0xA600, 0xA608, 0xA608, 0xA608, 0xA608, 0xA608, 0xA600,
    0x8608, 0xA608, 0xA608, 0xA608, 0xA600, 0xA608, 0xA608, 0xA600, 0xA708, 0xA608, 0xA608, 0xA608,
    0xA608, 0xA708, 0xA608, 0xA608, 0xA608, 0xA708, 0xA608, 0xA608, 0xA708, 0xA608, 0xA600, 0xA608,
    0xA608, 0xA608, 0xA608, 0xA608, 0xA608, 0xA608, 0xA600, 0xA608, 0xA608, 0xA608, 0xA608, 0xA600,
    0xA608, 0xA608, 0xA600, 0xA608, 0xA600, 0xA608, 0xA608, 0x8608, 0xA600, 0xA608, 0x8600, 0xA608,
    0x8608, 0xA608, 0xA500, 0x8608, 0xA600, 0x8508, 0xA608, 0x8600, 0xA608, 0x8608, 0x8500, 0x8608,
    0x8508, 0x8500, 0x8508, 0x8508, 0x8508, 0x8500, 0x8508, 0x8508, 0x8500, 0x8508, 0x8500, 0x6508,
    0x8400, 0x6508, 0x8400, 0x8508, 0x6400, 0x6508, 0x8400, 0x6400, 0x6408, 0x6400, 0x6408, 0x6400,
    0x6408, 0x6400, 0x6408, 0x6400, 0x4408, 0x6400, 0x6300, 0x4408, 0x6300, 0x4408, 0x4300, 0x6308,
    0x4300, 0x4308, 0x4300, 0x4300, 0x4300, 0x4300, 0x4300, 0x4308, 0x2200, 0x4300, 0x2300, 0x4200,
    0x2200, 0x4300, 0x4308, 0x4200, 0x4300, 0x4300, 0x4300, 0x4300, 0x4308, 0x4300, 0x4308, 0x4300,
    0x6400, 0x4300, 0x6400, 0x4308, 0x6400, 0x6400, 0x4308, 0x6400, 0x6400, 0x6408, 0x6408, 0x6400,
    0x6408, 0x6400, 0x6408, 0x6500, 0x6408, 0x8500, 0x6408, 0x8500, 0x6408, 0x8500, 0x8508, 0x8408,
    0x8500, 0x8508, 0x8500, 0x8508, 0x8500, 0x8508, 0x8508, 0x8508, 0x8508, 0x8600, 0x8508, 0x8608,
    0x8608, 0xA500, 0x8608, 0xA608, 0xA608, 0xA608, 0x8608, 0xA608, 0xA600, 0x8608, 0xA608, 0xA608,
    0xA608, 0xA608, 0xA608, 0xA600, 0xA608, 0xA608, 0xA608, 0xA608, 0xA600, 0xA608, 0xA608, 0xA608,
    0xA708, 0xA608, 0xA708, 0xA608, 0xA708, 0xA608, 0xA708, 0xA608, 0xA708, 0xA600, 0xA708, 0xA708,
    0xA608, 0xA708, 0xA608, 0xA708, 0xA708, 0xA608, 0xA708, 0xA608, 0xA700, 0xA608, 0xA708, 0xA708,
    0xA708, 0xA608, 0xA708, 0xA700, 0xA708, 0xA608, 0xA708, 0xA708, 0xA608, 0xA700, 0xA608, 0xA708,
    0xA608, 0xA608, 0xA608, 0xA608, 0xA608, 0x8608, 0xA608, 0xA608, 0xA608, 0xA608, 0xA608, 0xA608,
    0xA600, 0x8608, 0xA608, 0xA608, 0x8608, 0xA608, 0x8600, 0xA508, 0x8608, 0xA500, 0x8608, 0x8508,
    0x8600, 0x8608, 0x8608, 0x8500, 0x8508, 0x8508, 0x8500, 0x8508, 0x8508, 0x8500, 0x8508, 0x8508,
    0x8500, 0x8508, 0x6508, 0x8500, 0x8508, 0x6400, 0x8508, 0x6508, 0x8500, 0x6408, 0x6400, 0x6408,
    0x6400, 0x6408, 0x6400, 0x6400, 0x6400, 0x6408, 0x6400, 0x6408, 0x4300, 0x6400, 0x6308, 0x4400,
    0x4300, 0x4300, 0x4308, 0x4300, 0x4308, 0x4300, 0x4300, 0x4300, 0x4300, 0x4200, 0x4300, 0x2200,
    0x4300, 0x4200, 0x2300, 0x4300, 0x4308, 0x4300, 0x4308, 0x4300, 0x4300, 0x4400, 0x6300, 0x4408,
    0x6300, 0x4408, 0x6300, 0x6400, 0x6408, 0x6400, 0x6408, 0x6400, 0x6408, 0x6400, 0x6400, 0x6408,
    0x6400, 0x8508, 0x6400, 0x8508, 0x6500, 0x8408, 0x8500, 0x6508, 0x8500, 0x8508, 0x6500, 0x8508,
    0x8500, 0x8508, 0x8508, 0x8500, 0x8508, 0x8600, 0x8508, 0x8600, 0xA608, 0x8508, 0xA600, 0xA608,
    0x8508, 0xA608, 0x8600, 0xA608, 0x8600, 0xA608, 0xA600, 0x8608, 0xA608, 0xA608, 0xA608, 0xA600,
    0xA608, 0xA608, 0xA608, 0xA608, 0xA708, 0xA608, 0xA708, 0xA608, 0xA708, 0xA608, 0xA708, 0xA708,
    0xA608, 0xA700, 0xC608, 0xA708, 0xA608, 0xA708, 0xC708, 0xA708, 0xC608, 0xA708, 0xC608, 0xA708,
    0xC708, 0xA600, 0xC708, 0xA708, 0xC608, 0xA700, 0xC708, 0xA708, 0xC608, 0xA708, 0xC708, 0xA608,
    0xC708, 0xA708, 0xC608, 0xA708, 0xC608, 0xA708, 0xC608, 0xA708, 0xA708, 0xA608, 0xA708, 0xA608,
    0xA708, 0xA708, 0xA708, 0xA708, 0xA608, 0xA700, 0xA708, 0xA608, 0xA700, 0xA608, 0xA608, 0xA608,
    0xA608, 0xA608, 0xA600, 0xA608, 0xA608, 0xA600, 0xA608, 0x8608, 0xA608, 0x8608, 0xA608, 0xA600,
    0xA608, 0xA508, 0x8600, 0xA608, 0x8608, 0x8600, 0x8508, 0x8600, 0x8508, 0x8508, 0x8500, 0x8508,
    0x8508, 0x8500, 0x8508, 0x8500, 0x6508, 0x8508, 0x6500, 0x8408, 0x6500, 0x8508, 0x6500, 0x6408,
    0x6500, 0x6400, 0x6408, 0x6408, 0x6400, 0x6408, 0x6400, 0x6400, 0x6408, 0x4400, 0x6400, 0x6308,
    0x6400, 0x6408, 0x4300, 0x6400, 0x4300, 0x4308, 0x4300, 0x4308, 0x4300, 0x4308, 0x4300, 0x4300,
    0x2300, 0x4300, 0x4300, 0x4308, 0x4300, 0x4300, 0x4300, 0x6408, 0x4300, 0x6308, 0x4400, 0x6400,
    0x6408, 0x6400, 0x6408, 0x4400, 0x6408, 0x6400, 0x6408, 0x6400, 0x6408, 0x6400, 0x6508, 0x8400,
    0x6508, 0x8500, 0x6508, 0x8400, 0x8508, 0x6500, 0x8508, 0x8508, 0x8508, 0x8500, 0x8508, 0x8508,
    0x8608, 0x8500, 0x8608, 0x8608, 0x8508, 0xA608, 0x8608, 0xA508, 0x8600, 0xA608, 0x8608, 0xA608,
    0xA600, 0xA608, 0xA608, 0xA608, 0xA608, 0xA608, 0xA608, 0xA608, 0xA608, 0xA600, 0xA608, 0xA708,
    0xA608, 0xA708, 0xA700, 0xA608, 0xA708, 0xA608, 0xA700, 0xA608, 0xA708, 0xC708, 0xA608, 0xC700,
    0xC708, 0xA708, 0xC708, 0xA708, 0xC708, 0xC700, 0xA608, 0xC708, 0xA708, 0xC708, 0xA708, 0xC708,
    0xA708, 0xC708, 0xA708, 0xC708, 0xA708, 0xC708, 0xA708, 0xC708, 0xA708, 0xC708, 0xC708, 0xA708,
    0xC708, 0xC708, 0xA708, 0xC708, 0xA708, 0xC708, 0xA708, 0xC708, 0xC708, 0xC708, 0xC708, 0xA708,
    0xC608, 0xA700, 0xC608, 0xA708, 0xC708, 0xA608, 0xC708, 0xA608, 0xA708, 0xA608, 0xA708, 0xA700,
    0xA608, 0xA708, 0xA608, 0xA708, 0xA608, 0xA608, 0xA608, 0xA608, 0xA600, 0xA608, 0xA608, 0x8608,
    0xA608, 0x8608, 0xA608, 0x8508, 0xA600, 0xA508, 0x8608, 0xA508, 0x8600, 0x8608, 0x8508, 0x8600,
    0x8508, 0x8508, 0x8500, 0x8508, 0x8500, 0x8508, 0x8500, 0x8508, 0x6500, 0x8408, 0x8500, 0x8508,
    0x6408, 0x8500, 0x6408, 0x6500, 0x6408, 0x6400, 0x6408, 0x6400, 0x6408, 0x6400, 0x6408, 0x4400,
    0x6300, 0x4400, 0x6308, 0x4400, 0x6300, 0x4300, 0x4300, 0x4300, 0x4300, 0x4300, 0x4300, 0x4300,
    0x4300, 0x4300, 0x4308, 0x4300, 0x4300, 0x6408, 0x4300, 0x6300, 0x4400, 0x6408, 0x6300, 0x6408,
    0x4400, 0x6400, 0x6408, 0x6400, 0x6408, 0x6400, 0x6408, 0x6500, 0x8508, 0x6400, 0x8508, 0x6500,
    0x8508, 0x8408, 0x8500, 0x6508, 0x8508, 0x8508, 0x8500, 0x8508, 0x8500, 0x8508, 0x8608, 0x8500,
    0x8608, 0x8508, 0xA600, 0x8508, 0xA600, 0x8608, 0xA600, 0xA608, 0xA608, 0x8608, 0xA600, 0xA608,
    0x8608, 0xA608, 0xA608, 0xA608, 0xA600, 0xA608, 0xA708, 0xA608, 0xA708, 0xA708, 0xA608, 0xA708,
    0xA608, 0xA708, 0xC608, 0xA708, 0xC708, 0xA708, 0xC708, 0xC708, 0xA708, 0xC708, 0xA708, 0xC708,
    0xA708, 0xC608, 0xC708, 0xC708, 0xA708, 0xC708, 0xC708, 0xC708, 0xC708, 0xC708, 0xC708, 0xC708,
    0xC708, 0xC708, 0xC708, 0xC708, 0xC708, 0xC708, 0xC708, 0xC708, 0xC708, 0xC708, 0xC708, 0xC708,
    0xC708, 0xA708, 0xC708, 0xC708, 0xC708, 0xC708, 0xC708, 0xA708, 0xC708, 0xA708, 0xC708, 0xC708,
    0xC708, 0xA708, 0xC708, 0xA708, 0xC708, 0xA708, 0xC708, 0xA708, 0xC708, 0xA708, 0xC608, 0xA708,
    0xA708, 0xA608, 0xA708, 0xA608, 0xA700, 0xA608, 0xA708, 0xA608, 0xA708, 0xA608, 0xA600, 0xA608,
    0xA608, 0xA600, 0xA608, 0xA608, 0x8608, 0xA608, 0x8600, 0xA608, 0x8608, 0xA508, 0x8600, 0x8508,
    0x8608, 0x8500, 0x8608, 0x8508, 0x8508, 0x8500, 0x8508, 0x8508, 0x8500, 0x8508, 0x6508, 0x8500,
    0x8508, 0x6500, 0x8408, 0x8500, 0x6408, 0x6500, 0x6408, 0x6400, 0x6408, 0x6400, 0x6400, 0x6408,
    0x6400, 0x6408, 0x6400, 0x4308, 0x6400, 0x4408, 0x6300, 0x4408, 0x6300, 0x4308, 0x4300, 0x4300,
    0x4300, 0x4300, 0x6300, 0x4300, 0x6408, 0x4300, 0x6400, 0x4408, 0x6400, 0x6400, 0x4408, 0x6400,
    0x6408, 0x6400, 0x6408, 0x6400, 0x6408, 0x8500, 0x6408, 0x8500, 0x6408, 0x8500, 0x6508, 0x8408,
    0x8500, 0x6508, 0x8500, 0x8508, 0x8500, 0x8508, 0x8600, 0x8508, 0x8608, 0x8600, 0xA508, 0x8608,
    0xA600, 0xA608, 0x8608, 0xA608, 0xA608, 0xA608, 0x8608, 0xA608, 0xA600, 0xA608, 0xA608, 0xA608,
    0xA708, 0xA600, 0xA708, 0xA608, 0xA708, 0xA708, 0xA608, 0xA708, 0xC608, 0xA708, 0xC708, 0xC708,
    0xC708, 0xA708, 0xC708, 0xA708, 0xC708, 0xC708, 0xA708, 0xC708, 0xC708, 0xC708, 0xC708, 0xC708,
    0xC708, 0xC708, 0xA708, 0xC708, 0xC708, 0xC708, 0xC708, 0xC708, 0xC808, 0xC708, 0xC708, 0xC708,
    0xC808, 0xC708, 0xC708, 0xC808, 0xC708, 0xC708, 0xC708, 0xC808, 0xC708, 0xC708, 0xC708, 0xC808,
    0xC708, 0xC708, 0xC708, 0xC708, 0xC708, 0xC708, 0xC708, 0xC708, 0xC708, 0xC708, 0xC708, 0xC708,
    0xC708, 0xC708, 0xC708, 0xC708, 0xC708, 0xC708, 0xA708, 0xC708, 0xC608, 0xA708, 0xC708, 0xC708,
    0xC708, 0xA708, 0xC608, 0xA708, 0xC708, 0xA608, 0xA708, 0xA608, 0xA708, 0xA608, 0xA708, 0xA608,
    0xA708, 0xA608, 0xA608, 0xA600, 0xA608, 0xA608, 0xA608, 0xA608, 0x8600, 0xA608, 0xA608, 0xA608,
    0x8600, 0xA508, 0x8608, 0x8500, 0x8608, 0x8508, 0x8500, 0x8508, 0x8508, 0x8500, 0x8508, 0x8500,
    0x6508, 0x8500, 0x6508, 0x8500, 0x6408, 0x8500, 0x6408, 0x8500, 0x6408, 0x6400, 0x6408, 0x6400,
    0x6408, 0x6400, 0x6400, 0x6408, 0x6400, 0x6300, 0x4408, 0x6300, 0x4400, 0x4300, 0x4308, 0x4300,
    0x4300, 0x4308, 0x4400, 0x6308, 0x4400, 0x6400, 0x6308, 0x6400, 0x6408, 0x6400, 0x6400, 0x6408,
    0x6400, 0x6408, 0x6400, 0x8508, 0x6400, 0x6508, 0x8500, 0x6408, 0x8500, 0x8508, 0x8500, 0x8508,
    0x8500, 0x8508, 0x8508, 0x8600, 0x8508, 0x8608, 0x8508, 0xA600, 0x8508, 0xA608, 0x8608, 0xA600,
    0x8508, 0xA608, 0xA608, 0x8600, 0xA608, 0xA608, 0xA600, 0xA608, 0xA608, 0xA708, 0xA608, 0xA708,
    0xA608, 0xA708, 0xA608, 0xA708, 0xC708, 0xA608, 0xC708, 0xA700, 0xC708, 0xC708, 0xA708, 0xC708,
    0xA708, 0xC708, 0xC708, 0xC708, 0xC708, 0xC708, 0xC708, 0xC708, 0xC708, 0xC708, 0xC708, 0xC708,
    0xC808, 0xC708, 0xC808, 0xC708, 0xC808, 0xC708, 0xC808, 0xC808, 0xC708, 0xC808, 0xC808, 0xC708,
    0xC808, 0xC708, 0xC808, 0xC708, 0xC808, 0xC808, 0xC808, 0xC708, 0xC808, 0xC808, 0xC708, 0xC808,
    0xC708, 0xC808, 0xC808, 0xC808, 0xC808, 0xC708, 0xC808, 0xC708, 0xC808, 0xC708, 0xC708, 0xC808,
    0xC708, 0xC708, 0xC708, 0xC708, 0xC708, 0xC708, 0xC708, 0xC708, 0xC708, 0xC708, 0xA708, 0xC708,
    0xA708, 0xC708, 0xC708, 0xA708, 0xC708, 0xA708, 0xC708, 0xC700, 0xA608, 0xC708, 0xA708, 0xA608,
    0xA700, 0xA608, 0xA708, 0xA608, 0xA708, 0xA600, 0xA608, 0xA608, 0xA608, 0xA608, 0x8600, 0xA608,
    0xA608, 0x8608, 0xA608, 0xA608, 0x8500, 0xA608, 0x8608, 0x8500, 0x8608, 0x8508, 0x8500, 0x8508,
    0x8508, 0x8500, 0x8508, 0x8508, 0x8500, 0x6508, 0x8400, 0x6508, 0x8400, 0x6508, 0x6400, 0x6408,
    0x6400, 0x6408, 0x6400, 0x6400, 0x4408, 0x6400, 0x6400, 0x4408, 0x6300, 0x6408, 0x4300, 0x6400,
    0x4300, 0x6400, 0x6300, 0x4400, 0x6308, 0x6400, 0x4400, 0x6408, 0x6400, 0x6408, 0x6400, 0x6408,
    0x6400, 0x8508, 0x6400, 0x8508, 0x6500, 0x8408, 0x8500, 0x8508, 0x6508, 0x8500, 0x8508, 0x8508,
    0x8508, 0x8600, 0x8508, 0x8508, 0xA600, 0x8508, 0xA608, 0x8608, 0xA608, 0x8600, 0xA508, 0xA608,
    0xA608, 0xA608, 0xA608, 0xA608, 0xA608, 0xA608, 0xA708, 0xA608, 0xA708, 0xA608, 0xA708, 0xC600,
    0xA708, 0xC708, 0xC708, 0xA708, 0xC708, 0xA708, 0xC708, 0xC708, 0xA708, 0xC708, 0xC708, 0xC708,
    0xC708, 0xC708, 0xC708, 0xC708, 0xC708, 0xC708, 0xC708, 0xC808, 0xC708, 0xC808, 0xC808, 0xC708,
    0xC808, 0xC708, 0xC808, 0xE808, 0xC708, 0xC808, 0xC808, 0xC708, 0xC808, 0xE708, 0xC808, 0xC808,
    0xE808, 0xC808, 0xE808, 0xC808, 0xE808, 0xC708, 0xE808, 0xC808, 0xE808, 0xC808, 0xE808, 0xC808,
    0xE808, 0xC808, 0xE708, 0xC808, 0xE708, 0xC808, 0xC808, 0xE808, 0xC708, 0xC808, 0xC808, 0xC708,
    0xC808, 0xC808, 0xC808, 0xC708, 0xC808, 0xC708, 0xC808, 0xC708, 0xC808, 0xC708, 0xC708, 0xC708,
    0xC708, 0xC708, 0xC708, 0xC708, 0xC708, 0xC708, 0xA708, 0xC708, 0xA708, 0xC708, 0xA608, 0xC708,
    0xA708, 0xC608, 0xA708, 0xA608, 0xA708, 0xA608, 0xA708, 0xA608, 0xA600, 0xA608, 0xA608, 0x8608,
    0xA608, 0xA600, 0x8608, 0xA600, 0x8608, 0xA608, 0x8508, 0xA608, 0x8500, 0x8608, 0x8508, 0x8500,
    0x8508, 0x8508, 0x8500, 0x8508, 0x6500, 0x8508, 0x8500, 0x6508, 0x8500, 0x6408, 0x8500, 0x6508,
    0x6400, 0x6408, 0x6400, 0x6408, 0x6400, 0x6408, 0x6400, 0x6308, 0x4400, 0x6400, 0x4308, 0x4300,
    0x4300, 0x6408, 0x4400, 0x6408, 0x6400, 0x6408, 0x6400, 0x6408, 0x6400, 0x6408, 0x6400, 0x8508,
    0x6400, 0x8508, 0x6500, 0x8408, 0x8500, 0x6508, 0x8508, 0x8500, 0x8508, 0x8508, 0x8500, 0x8608,
    0x8500, 0x8608, 0x8508, 0xA600, 0x8608, 0xA608, 0x8500, 0xA608, 0xA608, 0xA608, 0xA608, 0x8608,
    0xA600, 0xA608, 0xA700, 0xA608, 0xA708, 0xA600, 0xA708, 0xA608, 0xC708, 0xA708, 0xC708, 0xA708,
    0xC708, 0xA608, 0xC708, 0xC708, 0xC708, 0xC708, 0xC708, 0xC708, 0xC708, 0xC708, 0xC708, 0xC708,
    0xC708, 0xC808, 0xC708, 0xC808, 0xC808, 0xC808, 0xC708, 0xC808, 0xC808, 0xC708, 0xC808, 0xE808,
    0xC808, 0xE808, 0xC808, 0xE808, 0xC808, 0xE808, 0xE808, 0xE808, 0xC808, 0xE808, 0xE808, 0xC808,
    0xE808, 0xC808, 0xE808, 0xE808, 0xC810, 0xE808, 0xE808, 0xC808, 0xE810, 0xE808, 0xC808, 0xE808,
    0xC808, 0xE808, 0xC808, 0xE808, 0xC808, 0xE808, 0xC808, 0xE808, 0xC808, 0xE808, 0xC808, 0xE808,
    0xC808, 0xE708, 0xC808, 0xC808, 0xC708, 0xC808, 0xC708, 0xC808, 0xC708, 0xC808, 0xC708, 0xC808,
    0xC708, 0xC708, 0xC708, 0xC708, 0xA708, 0xC708, 0xC708, 0xC708, 0xC708, 0xA708, 0xC708, 0xA708,
    0xC708, 0xA708, 0xC708, 0xA600, 0xA708, 0xA608, 0xA708, 0xA608, 0xA708, 0xA608, 0xA708, 0xA608,
    0xA608, 0xA608, 0xA608, 0xA608, 0x8608, 0xA600, 0x8608, 0xA600, 0x8608, 0xA508, 0x8600, 0x8608,
    0x8508, 0x8500, 0x8508, 0x8508, 0x8500, 0x8508, 0x8508, 0x8400, 0x6508, 0x8500, 0x6408, 0x8500,
    0x6408, 0x8500, 0x6408, 0x6400, 0x6408, 0x6400, 0x6408, 0x6400, 0x6408, 0x6400, 0x6400, 0x6400,
    0x4400, 0x6300, 0x6408, 0x6400, 0x6400, 0x6408, 0x6400, 0x6400, 0x6408, 0x6500, 0x8408, 0x6500,
    0x8508, 0x6400, 0x8508, 0x6500, 0x8508, 0x8500, 0x8508, 0x8500, 0x8508, 0x8600, 0x8508, 0x8508,
    0x8608, 0xA500, 0x8608, 0xA608, 0x8508, 0xA608, 0xA608, 0x8600, 0xA608, 0xA600, 0xA608, 0xA708,
    0xA608, 0xA708, 0xA608, 0xA708, 0xA608, 0xA708, 0xC708, 0xA708, 0xC608, 0xA708, 0xC708, 0xA608,
    0xC708, 0xC708, 0xA708, 0xC708, 0xC708, 0xA708, 0xC708, 0xC708, 0xC808, 0xC708, 0xC808, 0xC708,
    0xC808, 0xC708, 0xC808, 0xC708, 0xC808, 0xE708, 0xC808, 0xE808, 0xE808, 0xE808, 0xC808, 0xE808,
    0xC808, 0xE810, 0xC808, 0xE808, 0xE810, 0xC808, 0xE808, 0xE810, 0xE808, 0xC810, 0xE808, 0xE810,
    0xE808, 0xE810, 0xE808, 0xE808, 0xE808, 0xE808, 0xE810, 0xE808, 0xE808, 0xC808, 0xE810, 0xE808,
    0xE810, 0xE808, 0xE810, 0xE808, 0xE808, 0xE810, 0xE808, 0xC808, 0xE808, 0xE808, 0xE808, 0xC808,
    0xE808, 0xC808, 0xE808, 0xE808, 0xC808, 0xE808, 0xC808, 0xE808, 0xC808, 0xC708, 0xC808, 0xC708,
    0xC808, 0xC808, 0xC808, 0xC708, 0xC808, 0xC708, 0xC708, 0xC708, 0xC708, 0xC708, 0xC708, 0xC708,
    0xC708, 0xA708, 0xC708, 0xC708, 0xC708, 0xA708, 0xC608, 0xA708, 0xA708, 0xA608, 0xA600, 0xA708,
    0xA600, 0xA608, 0xA608, 0xA600, 0xA608, 0xA608, 0xA608, 0x8608, 0xA608, 0x8600, 0xA508, 0x8608,
    0xA600, 0x8608, 0x8508, 0x8600, 0x8508, 0x8508, 0x8500, 0x8508, 0x8508, 0x8500, 0x8508, 0x6500,
    0x8508, 0x6400, 0x6508, 0x8500, 0x6408, 0x6400, 0x6400, 0x6408, 0x6400, 0x6408, 0x4300, 0x6408,
    0x6400, 0x6408, 0x6400, 0x6408, 0x6400, 0x6408, 0x6400, 0x6508, 0x8400, 0x6508, 0x8400, 0x6508,
    0x8400, 0x8508, 0x8500, 0x8508, 0x8508, 0x8500, 0x8508, 0x8608, 0x8508, 0x8508, 0x8600, 0xA608,
    0x8600, 0xA608, 0x8608, 0xA600, 0xA608, 0x8600, 0xA608, 0xA608, 0xA608, 0xA708, 0xA608, 0xA608,
    0xA708, 0xA608, 0xA708, 0xC608, 0xA708, 0xC708, 0xA608, 0xC708, 0xA708, 0xC708, 0xC708, 0xC708,
    0xC708, 0xC708, 0xC708, 0xC708, 0xC808, 0xC708, 0xC808, 0xC708, 0xC808, 0xC708, 0xC808, 0xC808,
    0xE808, 0xC808, 0xE808, 0xE808, 0xC808, 0xE808, 0xC808, 0xE808, 0xC808, 0xE810, 0xE808, 0xE808,
    0xE808, 0xE808, 0xE808, 0xE808, 0xE808, 0xE808, 0xE810, 0xC808, 0xE908, 0xE808, 0xE908, 0xE808,
    0xE808, 0xE908, 0xE808, 0xE910, 0xE808, 0xE908, 0xE808, 0xE908, 0xE810, 0xE908, 0xE808, 0xE808,
    0xE908, 0xE808, 0xE808, 0xE908, 0xC808, 0xE808, 0xE808, 0xE810, 0xE808, 0xC810, 0xE808, 0xE810,
    0xE808, 0xE810, 0xC808, 0xE808, 0xE810, 0xC808, 0xE808, 0xC808, 0xE808, 0xE808, 0xE808, 0xC808,
    0xE808, 0xC708, 0xC808, 0xC708, 0xC808, 0xC708, 0xC808, 0xC708, 0xC808, 0xC708, 0xC708, 0xC708,
    0xC708, 0xC708, 0xA708, 0xC708, 0xA708, 0xC708, 0xA708, 0xC700, 0xA608, 0xC708, 0xA708, 0xA608,
    0xA708, 0xA608, 0xA708, 0xA608, 0xA608, 0xA608, 0xA600, 0xA608, 0xA608, 0x8608, 0xA608, 0x8608,
    0xA508, 0x8600, 0xA508, 0x8508, 0x8600, 0x8508, 0x8508, 0x8500, 0x8508, 0x6508, 0x8500, 0x8408,
    0x6508, 0x8500, 0x6408, 0x8500, 0x6408, 0x6500, 0x6408, 0x6400, 0x6400, 0x6408, 0x6400, 0x6400,
    0x4300, 0x6400, 0x6408, 0x6400, 0x6408, 0x6400, 0x6408, 0x8500, 0x6408, 0x8500, 0x6508, 0x8500,
    0x6508, 0x8508, 0x8508, 0x8500, 0x8508, 0x8508, 0x8600, 0x8508, 0x8600, 0xA608, 0x8508, 0xA608,
    0x8508, 0xA608, 0xA608, 0xA608, 0xA608, 0xA608, 0xA608, 0xA708, 0xA608, 0xA608, 0xA700, 0xA608,
    0xA708, 0xC700, 0xA708, 0xC708, 0xA708, 0xC708, 0xC708, 0xC708, 0xC708, 0xC708, 0xC708, 0xC708,
    0xC808, 0xC708, 0xC808, 0xC708, 0xC808, 0xC708, 0xC808, 0xE808, 0xC808, 0xE808, 0xC808, 0xE708,
    0xC808, 0xE808, 0xC808, 0xE808, 0xE808, 0xE810, 0xE808, 0xE810, 0xE808, 0xC808, 0xE808, 0xE810,
    0xE808, 0xE810, 0xE908, 0xE810, 0xE908, 0xE808, 0xE908, 0xE908, 0xE810, 0xE908, 0xE808, 0xE910,
    0xE908, 0xE810, 0xE908, 0xE808, 0xE910, 0xE808, 0xE910, 0xE808, 0xE908, 0xE808, 0xE910, 0xE908,
    0xE810, 0xE908, 0xE910, 0xE808, 0xE910, 0xE908, 0xE908, 0xE908, 0xE808, 0xE908, 0xE808, 0xE908,
    0xE808, 0xE808, 0xE808, 0xE808, 0xE808, 0xE808, 0xE810, 0xE808, 0xC808, 0xE810, 0xC808, 0xE808,
    0xC808, 0xE808, 0xE808, 0xC808, 0xE808, 0xC708, 0xC808, 0xC708, 0xC808, 0xC708, 0xC808, 0xC708,
    0xC708, 0xC708, 0xC708, 0xC708, 0xC708, 0xC708, 0xC708, 0xA708, 0xC708, 0xA708, 0xC608, 0xC708,
    0xA708, 0xA608, 0xA708, 0xA608, 0xA700, 0xA608, 0xA608, 0x8608, 0xA600, 0xA608, 0xA600, 0xA608,
    0x8608, 0xA608, 0x8600, 0x8608, 0xA508, 0x8600, 0x8508, 0x8608, 0x8500, 0x8508, 0x8508, 0x8500,
    0x8508, 0x8500, 0x6508, 0x8400, 0x6508, 0x8400, 0x6508, 0x6400, 0x6408, 0x6400, 0x6408, 0x6400,
    0x6400, 0x6408, 0x6400, 0x6400, 0x6408, 0x6500, 0x8508, 0x6400, 0x8508, 0x6500, 0x8408, 0x8508,
    0x8500, 0x8508, 0x8500, 0x8508, 0x8600, 0x8508, 0x8608, 0xA508, 0x8608, 0xA500, 0x8608, 0xA600,
    0xA608, 0xA600, 0x8608, 0xA608, 0xA600, 0xA708, 0xA608, 0xA600, 0xA708, 0xA708, 0xC608, 0xA708,
    0xC708, 0xA608, 0xC708, 0xC708, 0xC708, 0xA708, 0xC708, 0xC708, 0xC708, 0xC708, 0xC808, 0xC708,
    0xC808, 0xC708, 0xC808, 0xC808, 0xE708, 0xC808, 0xE808, 0xC708, 0xE808, 0xC808, 0xE808, 0xE808,
    0xE810, 0xE808, 0xE808, 0xC810, 0xE808, 0xE808, 0xC908, 0xE808, 0xE908, 0xE810, 0xE908, 0xE908,
    0xE908, 0xE808, 0xE908, 0xE808, 0xE910, 0xE908, 0xE810, 0xE908, 0x0909, 0xE910, 0xE908, 0xE808,
    0xE908, 0xE908, 0xE910, 0xE908, 0xE908, 0xE908, 0xE908, 0xE910, 0x0909, 0xE908, 0xE908, 0x0909,
    0xE908, 0xE808, 0xE908, 0xE908, 0xE808, 0xE910, 0xE808, 0xE910, 0xE908, 0xE810, 0xE908, 0xE810,
    0xE908, 0xE910, 0xE908, 0xE810, 0xE908, 0xE808, 0xE808, 0xE808, 0xE808, 0xE808, 0xE808, 0xE808,
    0xE810, 0xC808, 0xE808, 0xC808, 0xE808, 0xE808, 0xC808, 0xE808, 0xC708, 0xC808, 0xC708, 0xC808,
    0xC808, 0xC708, 0xC808, 0xC708, 0xC708, 0xA708, 0xC708, 0xC708, 0xC708, 0xC708, 0xA708, 0xA708,
    0xC608, 0xC708, 0xA700, 0xA608, 0xA708, 0xA608, 0xA708, 0xA608, 0xA608, 0xA608, 0x8608, 0xA608,
    0xA600, 0x8508, 0xA608, 0x8508, 0xA608, 0x8508, 0x8600, 0x8508, 0x8508, 0x8500, 0x8508, 0x8500,
    0x6508, 0x8508, 0x8500, 0x6508, 0x8500, 0x6408, 0x8500, 0x6408, 0x6500, 0x6408, 0x6400, 0x6408,
    0x6400, 0x6400, 0x6408, 0x6500, 0x8408, 0x6500, 0x8408, 0x6500, 0x8508, 0x8508, 0x8500, 0x8508,
    0x8500, 0x8508, 0x8608, 0x8508, 0x8508, 0x8600, 0xA508, 0x8600, 0xA608, 0x8608, 0xA608, 0xA608,
    0x8608, 0xA608, 0xA608, 0xA608, 0xA708, 0xA608, 0xA708, 0xA708, 0xC608, 0xA708, 0xA708, 0xC708,
    0xA708, 0xC708, 0xA708, 0xC708, 0xC708, 0xC708, 0xC708, 0xC708, 0xC808, 0xC708, 0xC808, 0xC708,
    0xC808, 0xC808, 0xE708, 0xC808, 0xE808, 0xC808, 0xE808, 0xC808, 0xE810, 0xE808, 0xE810, 0xC808,
    0xE808, 0xE808, 0xE908, 0xE808, 0xE908, 0xE810, 0xE908, 0xE808, 0xE910, 0xE908, 0xE808, 0xE910,
    0xE808, 0xE910, 0xE908, 0xE910, 0xE908, 0x0909, 0xE908, 0x0911, 0xE908, 0x0809, 0xE910, 0x0909,
    0x0911, 0x0909, 0x0909, 0x0911, 0x0909, 0x0911, 0x0909, 0xE908, 0x0911, 0xE908, 0x0911, 0xE910,
    0x0909, 0xE910, 0x0909, 0x0911, 0x0909, 0xE908, 0x0911, 0xE908, 0x0909, 0xE908, 0x0909, 0xE908,
    0xE808, 0xE908, 0xE808, 0xE908, 0xE910, 0xE808, 0xE910, 0xE908, 0xE810, 0xE908, 0xE810, 0xC808,
    0xE808, 0xE808, 0xE810, 0xE808, 0xC808, 0xE810, 0xC808, 0xE808, 0xC808, 0xE808, 0xC808, 0xE708,
    0xC808, 0xC708, 0xC808, 0xC708, 0xC708, 0xC708, 0xC708, 0xC708, 0xA708, 0xC708, 0xC708, 0xC708,
    0xA708, 0xC708, 0xA608, 0xC708, 0xA608, 0xA708, 0xA608, 0xA700, 0xA608, 0xA708, 0xA608, 0xA608,
    0xA608, 0xA608, 0xA600, 0x8608, 0xA600, 0x8608, 0xA508, 0x8600, 0x8608, 0x8508, 0x8600, 0x8508,
    0x8500, 0x8508, 0x8508, 0x8500, 0x6408, 0x8500, 0x6508, 0x8400, 0x6508, 0x8400, 0x6508, 0x6400,
    0x6400, 0x6408, 0x6500, 0x8408, 0x6500, 0x8408, 0x6500, 0x8508, 0x8500, 0x6508, 0x8500, 0x8508,
    0x8508, 0x8500, 0x8508, 0x8600, 0xA608, 0x8508, 0xA608, 0x8608, 0xA600, 0xA608, 0xA600, 0xA608,
    0xA608, 0xA600, 0xA708, 0xA608, 0xA708, 0xA600, 0xC708, 0xA608, 0xA708, 0xC708, 0xC608, 0xA708,
    0xC708, 0xC708, 0xC708, 0xC708, 0xC708, 0xC708, 0xC808, 0xC708, 0xC808, 0xC708, 0xC808, 0xC808,
    0xE708, 0xC808, 0xE808, 0xC808, 0xE808, 0xE808, 0xC810, 0xE808, 0xE808, 0xE808, 0xE808, 0xE908,
    0xE810, 0xE908, 0xE810, 0xE908, 0xE810, 0xE908, 0xE908, 0xE910, 0x0809, 0xE908, 0x0909, 0xE908,
    0x0911, 0xE908, 0x0909, 0x0909, 0xE910, 0x0909, 0xE910, 0x0909, 0xE910, 0x0909, 0x0909, 0xE910,
    0x0909, 0xE910, 0x0909, 0xE908, 0xE910, 0x0909, 0xE910, 0x0909, 0x0911, 0x0909, 0xE908, 0x0909,
    0x0911, 0x0909, 0xE910, 0x0909, 0xE910, 0x0909, 0x0909, 0xE910, 0x0909, 0xE910, 0x0911, 0xE908,
    0x0911, 0xE908, 0x0911, 0xE908, 0xE908, 0xE908, 0xE808, 0xE908, 0xE908, 0xE808, 0xE908, 0xE908,
    0xE810, 0xE908, 0xE808, 0xE808, 0xE808, 0xE808, 0xE808, 0xE810, 0xC808, 0xE808, 0xC808, 0xE808,
    0xC808, 0xC808, 0xE708, 0xC808, 0xC808, 0xC808, 0xC708, 0xC808, 0xC708, 0xC708, 0xC708, 0xA708,
    0xC708, 0xA708, 0xC708, 0xA708, 0xC708, 0xC708, 0xA608, 0xC708, 0xA608, 0xA608, 0xA600, 0xA608,
    0xA600, 0x8608, 0xA608, 0xA608, 0x8608, 0xA600, 0x8608, 0xA508, 0x8600, 0xA508, 0x8608, 0x8508,
    0x8508, 0x8500, 0x8508, 0x8500, 0x8508, 0x8508, 0x6400, 0x8508, 0x6400, 0x6508, 0x6400, 0x6400,
    0x6400, 0x6508, 0x8400, 0x6508, 0x8500, 0x6508, 0x8508, 0x8500, 0x8508, 0x8508, 0x8508, 0x8500,
    0x8608, 0x8508, 0x8600, 0x8508, 0xA608, 0x8600, 0xA608, 0x8608, 0xA608, 0x8608, 0xA608, 0xA608,
    0xA708, 0xA608, 0xA708, 0xA600, 0xA708, 0xC608, 0xA708, 0xC708, 0xA708, 0xC708, 0xA708, 0xC708,
    0xC708, 0xC708, 0xC708, 0xC708, 0xC808, 0xC708, 0xC808, 0xC708, 0xC808, 0xC808, 0xE708, 0xC808,
    0xE808, 0xC808, 0xE808, 0xE810, 0xC808, 0xE808, 0xE808, 0xE908, 0xE808, 0xE910, 0xE808, 0xE908,
    0xE908, 0xE808, 0xE908, 0xE908, 0xE908, 0x0911, 0xE808, 0x0909, 0xE908, 0x0911, 0xE908, 0x0911,
    0xE908, 0x0909, 0xE910, 0x0909, 0x0909, 0x0911, 0x0909, 0x0909, 0x0909, 0xEA10, 0x0909, 0x0A09,
    0x0911, 0x0A09, 0x0911, 0x0A09, 0x0911, 0x0A09, 0x0909, 0x0A11, 0xE908, 0x0A11, 0x0909, 0x0911,
    0xEA08, 0x0909, 0x0911, 0x0A09, 0x0909, 0xE910, 0x0909, 0x0911, 0x0909, 0xE908, 0x0909, 0xE910,
    0x0909, 0xE910, 0x0909, 0xE910, 0x0909, 0xE910, 0x0909, 0xE910, 0xE808, 0xE910, 0xE908, 0xE810,
    0xE908, 0xE808, 0xE908, 0xE810, 0xE908, 0xC810, 0xE808, 0xE808, 0xE808, 0xE810, 0xC808, 0xE808,
    0xC810, 0xE708, 0xC808, 0xC808, 0xE708, 0xC808, 0xC708, 0xC708, 0xC808, 0xC708, 0xC708, 0xC708,
    0xC708, 0xC708, 0xC708, 0xC708, 0xA608, 0xA708, 0xC708, 0xA608, 0xA708, 0xA708, 0xA608, 0xA708,
    0xA608, 0xA708, 0xA608, 0xA600, 0xA608, 0x8608, 0xA608, 0x8608, 0xA508, 0x8600, 0x8508, 0x8600,
    0x8508, 0x8500, 0x8508, 0x8508, 0x6500, 0x8508, 0x8500, 0x6508, 0x8508, 0x8400, 0x6508, 0x8400,
    0x6400, 0x6408, 0x8500, 0x6408, 0x8508, 0x8400, 0x6508, 0x8500, 0x8508, 0x8500, 0x8508, 0x8508,
    0x8600, 0x8508, 0xA608, 0x8600, 0xA608, 0x8508, 0xA600, 0xA608, 0xA600, 0xA608, 0xA608, 0xA600,
    0xA608, 0xA708, 0xA608, 0xC708, 0xA608, 0xA708, 0xC708, 0xA608, 0xC708, 0xC708, 0xC708, 0xC708,
    0xC708, 0xC708, 0xC808, 0xC708, 0xC808, 0xC708, 0xC808, 0xC808, 0xE708, 0xC808, 0xE808, 0xC808,
    0xE808, 0xE810, 0xC808, 0xE808, 0xE808, 0xE910, 0xE808, 0xE810, 0xE908, 0xE808, 0xE908, 0xE810,
    0xE908, 0xE910, 0x0909, 0xE910, 0x0809, 0xE908, 0x0911, 0xE908, 0x0911, 0xE908, 0x0911, 0x0909,
    0x0911, 0x0909, 0x0A11, 0x0909, 0xE910, 0x0A09, 0x0911, 0xEA08, 0x0911, 0x0A09, 0x0911, 0x0A09,
    0x0911, 0x0A09, 0x0909, 0x0A11, 0x0909, 0x0A11, 0x0909, 0x0A11, 0x0909, 0x0A11, 0x0A09, 0x0911,
    0x0A09, 0x0A11, 0x0909, 0x0A11, 0x0909, 0x0A11, 0x0A09, 0x0909, 0x0A11, 0x0909, 0x0911, 0x0909,
    0x0909, 0x0909, 0xE908, 0x0911, 0x0909, 0xE908, 0x0911, 0xE908, 0x0909, 0xE910, 0x0909, 0xE908,
    0xE908, 0xE810, 0xE908, 0xE908, 0xE808, 0xE908, 0xE808, 0xE908, 0xC808, 0xE808, 0xE808, 0xE808,
    0xE808, 0xC808, 0xE808, 0xC808, 0xC808, 0xE708, 0xC808, 0xC808, 0xC708, 0xC808, 0xC708, 0xC708,
    0xC708, 0xC708, 0xA708, 0xC708, 0xC708, 0xA700, 0xC708, 0xA708, 0xC608, 0xA700, 0xC608, 0xA708,
    0xA608, 0xA600, 0xA608, 0xA608, 0xA608, 0xA608, 0xA600, 0x8608, 0xA608, 0x8608, 0xA500, 0x8608,
    0xA508, 0x8608, 0x8500, 0x8508, 0x8508, 0x8500, 0x8508, 0x8500, 0x6408, 0x8500, 0x6408, 0x6500,
    0x6400, 0x8508, 0x6500, 0x8508, 0x6500, 0x8508, 0x8500, 0x8508, 0x8508, 0x8500, 0x8608, 0x8500,
    0x8608, 0xA608, 0x8508, 0xA608, 0x8608, 0xA608, 0xA608, 0x8608, 0xA608, 0xA608, 0xA708, 0xA608,
    0xA708, 0xA608, 0xA708, 0xC708, 0xA708, 0xC708, 0xA708, 0xC708, 0xC708, 0xA708, 0xC708, 0xC708,
    0xC808, 0xC708, 0xC808, 0xC708, 0xC808, 0xC808, 0xE708, 0xC808, 0xE808, 0xE808, 0xC808, 0xE810,
    0xE808, 0xE808, 0xE808, 0xE908, 0xE810, 0xE908, 0xE808, 0xE908, 0xE908, 0xE910, 0xE908, 0xE908,
    0x0911, 0xE908, 0x0909, 0xE910, 0x0909, 0xE910, 0x0909, 0x0909, 0x0911, 0x0A09, 0xE908, 0x0A09,
    0x0911, 0xEA08, 0x0909, 0x0A11, 0x0A09, 0x0911, 0x0A09, 0x0A11, 0x0A09, 0x0911, 0x0A09, 0x0A11,
    0x0A09, 0x0A11, 0x0A09, 0x0A11, 0x0A09, 0x0A11, 0x0A09, 0x0A11, 0x0A09, 0x0909, 0x0A11, 0x0A09,
    0x0911, 0x0A09, 0x0A11, 0x0909, 0x0A11, 0x0909, 0x0A11, 0x0909, 0x0A11, 0x0909, 0x0A11, 0x0A09,
    0xE910, 0x0A11, 0x0909, 0x0909, 0xE910, 0x0909, 0x0909, 0xE910, 0x0909, 0xE908, 0x0911, 0xE908,
    0x0909, 0xE908, 0x0811, 0xE908, 0xE810, 0xE908, 0xE810, 0xE908, 0xE810, 0xE908, 0xE810, 0xC808,
    0xE808, 0xE810, 0xC808, 0xE810, 0xE808, 0xC808, 0xE808, 0xC708, 0xE808, 0xC708, 0xC808, 0xC808,
    0xC708, 0xC708, 0xC708, 0xC708, 0xA708, 0xC708, 0xC708, 0xA708, 0xC708, 0xA608, 0xA708, 0xA608,
    0xA708, 0xA608, 0xA708, 0xA608, 0xA600, 0x8608, 0xA608, 0xA600, 0x8508, 0xA608, 0x8608, 0xA500,
    0x8608, 0x8500, 0x8608, 0x8500, 0x8508, 0x8508, 0x6500, 0x8508, 0x8500, 0x6508, 0x8500, 0x6408,
    0x6400, 0x8508, 0x6400, 0x8508, 0x8500, 0x8508, 0x8508, 0x8500, 0x8508, 0x8508, 0x8600, 0x8508,
    0xA608, 0x8500, 0xA608, 0x8600, 0xA608, 0xA600, 0xA608, 0xA608, 0xA600, 0xA708, 0xA608, 0xA708,
    0xA608, 0xC700, 0xA608, 0xC708, 0xA608, 0xC708, 0xC708, 0xC708, 0xC708, 0xC708, 0xC708, 0xC808,
    0xC708, 0xC808, 0xC708, 0xC808, 0xE708, 0xC808, 0xE808, 0xC808, 0xE810, 0xC808, 0xE808, 0xE808,
    0xE808, 0xC908, 0xE810, 0xE908, 0xE808, 0xE908, 0xE910, 0xE808, 0xE910, 0x0809, 0xE908, 0x0911,
    0xE908, 0x0909, 0xE910, 0x0909, 0x0909, 0x0909, 0xEA10, 0x0909, 0x0A09, 0x0911, 0x0A11, 0x0909,
    0x0A11, 0x0909, 0x0A11, 0x0909, 0x0A11, 0x0A09, 0x0A11, 0x0909, 0x0A11, 0x2A09, 0x0A11, 0x0A09,
    0x0911, 0x0A09, 0x2A11, 0x0A09, 0x0911, 0x2A09, 0x0A11, 0x2A09, 0x0A11, 0x2A09, 0x0A11, 0x2A09,
    0x0A11, 0x0A09, 0x0A11, 0x0A09, 0x0A11, 0x0A09, 0x0A11, 0x0A09, 0x0A11, 0x0A09, 0x0911, 0x0A09,
    0x0909, 0x0A11, 0x0909, 0x0A11, 0x0909, 0x0A11, 0x0909, 0x0911, 0x0909, 0x0911, 0xE908, 0x0911,
    0xE908, 0x0911, 0xE908, 0xE908, 0x0909, 0xE908, 0xE908, 0xE808, 0xE908, 0xE808, 0xE808, 0xE910,
    0xE808, 0xE808, 0xE808, 0xC808, 0xE808, 0xC810, 0xE808, 0xC808, 0xC808, 0xC708, 0xC808, 0xC708,
    0xC808, 0xC708, 0xC808, 0xC708, 0xC708, 0xC708, 0xA708, 0xC608, 0xA708, 0xC708, 0xA708, 0xC708,
    0xA608, 0xA708, 0xA608, 0xA708, 0xA608, 0xA608, 0xA608, 0xA608, 0x8600, 0xA608, 0x8608, 0x8608,
    0xA508, 0x8608, 0x8508, 0x8608, 0x8500, 0x8508, 0x8508, 0x8500, 0x8508, 0x6408, 0x8500, 0x6408,
    0x6500, 0x8408, 0x8500, 0x6508, 0x8508, 0x8500, 0x8508, 0x8508, 0x8600, 0x8508, 0x8608, 0xA508,
    0x8600, 0xA608, 0x8608, 0xA608, 0xA608, 0x8608, 0xA608, 0xA608, 0xA708, 0xA608, 0xA608, 0xA700,
    0xC708, 0xA708, 0xC708, 0xA708, 0xC708, 0xC708, 0xA708, 0xC708, 0xC708, 0xC808, 0xC708, 0xC708,
    0xC808, 0xC708, 0xC808, 0xE808, 0xC808, 0xE808, 0xC810, 0xE808, 0xE808, 0xE808, 0xE810, 0xE908,
    0xE810, 0xE908, 0xE808, 0xE908, 0xE910, 0xE808, 0xE908, 0x0909, 0xE908, 0x0911, 0xE908, 0x0909,
    0xE910, 0x0909, 0x0909, 0xE910, 0x0A09, 0x0911, 0x0A09, 0x0911, 0x0A09, 0x0909, 0x0A11, 0x0A09,
    0x0911, 0x0A09, 0x0A11, 0x0A09, 0x2A11, 0x0A09, 0x2A11, 0x0A09, 0x2A11, 0x0A09, 0x2A11, 0x0A09,
    0x2A11, 0x0A09, 0x2A11, 0x0A09, 0x2A11, 0x0A09, 0x2A11, 0x0A09, 0x2A11, 0x0A11, 0x2A09, 0x0A11,
    0x2A09, 0x0A11, 0x2A09, 0x2A11, 0x0A09, 0x2A11, 0x0A09, 0x0911, 0x0A09, 0x0A11, 0x0A09, 0x0A11,
    0x0A09, 0x0A11, 0x0A09, 0x0911, 0x0A09, 0x0911, 0xEA08, 0x0909, 0xEA10, 0x0909, 0x0909, 0x0909,
    0xE910, 0x0909, 0xE908, 0x0911, 0xE908, 0xE810, 0x0909, 0xE910, 0xE808, 0xE910, 0xE908, 0xE808,
    0xE908, 0xE808, 0xE810, 0xE808, 0xE808, 0xC808, 0xE808, 0xC810, 0xE808, 0xE808, 0xC708, 0xE808,
    0xC708, 0xC808, 0xC708, 0xC708, 0xC708, 0xC708, 0xC708, 0xC708, 0xA708, 0xC708, 0xA608, 0xC700,
    0xA708, 0xC608, 0xA700, 0xA608, 0xA608, 0xA700, 0xA608, 0xA608, 0xA608, 0xA608, 0xA600, 0x8508,
    0xA600, 0x8608, 0xA500, 0x8508, 0x8608, 0x8500, 0x8508, 0x8508, 0x8500, 0x8508, 0x8500, 0x6508,
    0x6400, 0x8508, 0x6508, 0x8500, 0x8508, 0x8500, 0x8508, 0x8500, 0x8508, 0x8608, 0xA500, 0x8608,
    0xA608, 0x8508, 0xA600, 0xA608, 0xA600, 0xA608, 0xA600, 0xA708, 0xA608, 0xA700, 0xA608, 0xC708,
    0xA608, 0xA708, 0xC608, 0xA708, 0xC708, 0xC708, 0xC708, 0xC708, 0xC708, 0xC708, 0xC808, 0xC708,
    0xC808, 0xE808, 0xC708, 0xE808, 0xC808, 0xE808, 0xE808, 0xC808, 0xE808, 0xE808, 0xC908, 0xE808,
    0xE908, 0xE808, 0xE910, 0xE808, 0x0909, 0xE910, 0x0909, 0xE910, 0x0909, 0xE908, 0x0911, 0x0909,
    0x0909, 0x0911, 0x0A09, 0x0911, 0x0A09, 0x0911, 0x0A09, 0x0911, 0x0A09, 0x0A11, 0x0909, 0x0A11,
    0x0A09, 0x2A11, 0x0A09, 0x2A11, 0x0A09, 0x0A11, 0x2A09, 0x0A11, 0x2A09, 0x0A11, 0x2A09, 0x0A11,
    0x2A09, 0x2A11, 0x0A11, 0x2A09, 0x0A11, 0x2B11, 0x0A09, 0x2A11, 0x0A09, 0x2A11, 0x0A09, 0x2A11,
    0x0A09, 0x2A11, 0x0A09, 0x2A11, 0x0A09, 0x2A11, 0x0A09, 0x2A11, 0x0A09, 0x2A11, 0x0A09, 0x0911,
    0x2A09, 0x0911, 0x0A09, 0x0A11, 0x0A09, 0x0909, 0x0A11, 0x0909, 0x0A11, 0x0909, 0xEA10, 0x0909,
    0x0909, 0x0911, 0xE908, 0x0911, 0xE908, 0x0909, 0xE910, 0xE908, 0x0909, 0xE808, 0xE908, 0xE810,
    0xE908, 0xE808, 0xE908, 0xC808, 0xE808, 0xE810, 0xC808, 0xE808, 0xC708, 0xC808, 0xE810, 0xC808,
    0xC708, 0xC808, 0xC708, 0xC808, 0xC708, 0xC708, 0xA708, 0xC708, 0xC708, 0xA708, 0xC708, 0xA708,
    0xA608, 0xA708, 0xA608, 0xA708, 0xA608, 0xA608, 0xA608, 0xA600, 0x8608, 0xA608, 0x8608, 0xA608,
    0x8608, 0x8500, 0x8608, 0x8500, 0x8608, 0x8508, 0x8500, 0x8508, 0x8500, 0x6508, 0x8500, 0x8408,
    0x6500, 0x8508, 0x8500, 0x8508, 0x8500, 0x8508, 0x8508, 0x8608, 0x8500, 0x8608, 0x8608, 0xA500,
    0x8608, 0xA608, 0x8608, 0xA608, 0xA608, 0xA608, 0xA608, 0xA608, 0xA708, 0xA608, 0xC708, 0xA608,
    0xC708, 0xA708, 0xC708, 0xC708, 0xA708, 0xC708, 0xC708, 0xC808, 0xC708, 0xC808, 0xC708, 0xC808,
    0xC708, 0xE808, 0xC808, 0xE808, 0xC810, 0xE808, 0xC808, 0xE810, 0xE808, 0xE910, 0xE808, 0xE810,
    0xE908, 0xE808, 0xE908, 0xE910, 0xE908, 0x0909, 0xE908, 0x0911, 0xE908, 0x0911, 0xE908, 0x0911,
    0xEA08, 0x0911, 0x0A09, 0x0911, 0x0A09, 0x0911, 0x0A09, 0x0A11, 0x0A09, 0x0A11, 0x0A09, 0x2A11,
    0x0A09, 0x0A11, 0x2A09, 0x0A11, 0x2A09, 0x0A11, 0x2A09, 0x0A11, 0x2A09, 0x2A11, 0x0B11, 0x2A09,
    0x2B11, 0x0A09, 0x2B11, 0x2B11, 0x2A09, 0x2A11, 0x2B09, 0x2A11, 0x2B11, 0x2A09, 0x2B11, 0x2A11,
    0x2B09, 0x2A11, 0x2B11, 0x0A09, 0x2A11, 0x0A09, 0x2A11, 0x0A09, 0x2A11, 0x0A09, 0x2A11, 0x0A09,
    0x0A11, 0x2A09, 0x0A11, 0x0A09, 0x0A11, 0x0A09, 0x0A11, 0x0909, 0x0A11, 0x0909, 0x0A11, 0x0909,
    0x0A11, 0xE908, 0x0909, 0x0909, 0xE910, 0x0909, 0xE908, 0x0911, 0xE908, 0xE910, 0x0809, 0xE908,
    0xE810, 0xE908, 0xE810, 0xE908, 0xE808, 0xE808, 0xE808, 0xE808, 0xE808, 0xC808, 0xE808, 0xC708,
    0xE808, 0xC708, 0xC808, 0xC708, 0xC808, 0xC708, 0xC808, 0xC708, 0xC708, 0xC708, 0xA708, 0xC708,
    0xC708, 0xA608, 0xC708, 0xA608, 0xA708, 0xA600, 0xA708, 0xA608, 0xA608, 0xA600, 0xA608, 0x8600,
    0xA608, 0xA608, 0x8508, 0xA608, 0x8500, 0x8608, 0x8508, 0x8500, 0x8508, 0x8508, 0x6500, 0x8508,
    0x8400, 0x6508, 0x8500, 0x8508, 0x8508, 0x8500, 0x8508, 0x8600, 0x8508, 0xA608, 0x8500, 0xA608,
    0x8608, 0xA600, 0xA608, 0xA608, 0x8600, 0xA708, 0xA608, 0xA708, 0xA608, 0xA708, 0xA708, 0xC708,
    0xA708, 0xC708, 0xA708, 0xC708, 0xC708, 0xC708, 0xC708, 0xC708, 0xC808, 0xC708, 0xC808, 0xE808,
    0xC808, 0xC808, 0xE810, 0xC808, 0xE808, 0xE808, 0xE808, 0xE808, 0xE908, 0xE808, 0xE908, 0xE808,
    0xE910, 0xE908, 0x0911, 0xE908, 0x0809, 0xE910, 0x0909, 0xE908, 0x0911, 0x0909, 0x0A09, 0x0911,
    0x0A09, 0x0909, 0x0A11, 0x0909, 0x0A11, 0x0A09, 0x0A11, 0x0909, 0x0A11, 0x2A09, 0x0A11, 0x0A09,
    0x2A11, 0x2A09, 0x0A11, 0x2A09, 0x0A11, 0x2A11, 0x2B09, 0x2A11, 0x0B11, 0x2A09, 0x2B11, 0x2A11,
    0x2B09, 0x2A11, 0x2B09, 0x2A11, 0x2B09, 0x2B11, 0x2A11, 0x0B09, 0x2A11, 0x2B11, 0x0B09, 0x2A11,
    0x2B11, 0x0A09, 0x2A11, 0x2B11, 0x2A09, 0x2B11, 0x2A11, 0x2B09, 0x0A11, 0x2A11, 0x0A09, 0x2A11,
    0x0A09, 0x2A11, 0x0A09, 0x2A11, 0x0909, 0x2A11, 0x0A09, 0x0A11, 0x0A09, 0x0911, 0x0A09, 0x0911,
    0x0A09, 0x0911, 0x0A09, 0xE910, 0x0909, 0x0911, 0xE908, 0x0909, 0xE910, 0x0909, 0xE908, 0xE910,
    0xE808, 0xE908, 0xE808, 0xE808, 0xE910, 0xC808, 0xE808, 0xC810, 0xE808, 0xC808, 0xE810, 0xC808,
    0xC808, 0xE808, 0xC708, 0xC808, 0xC708, 0xC708, 0xC708, 0xC708, 0xA708, 0xC708, 0xC708, 0xA608,
    0xC708, 0xA708, 0xC700, 0xA608, 0xA708, 0xA608, 0xA608, 0xA708, 0xA608, 0x8608, 0xA608, 0xA608,
    0x8608, 0xA500, 0x8608, 0xA608, 0x8508, 0x8500, 0x8608, 0x8508, 0x8500, 0x8508, 0x8500, 0x6508,
    0x6500, 0x8508, 0x8508, 0x8500, 0x8508, 0x8508, 0x8600, 0x8508, 0x8608, 0xA500, 0x8608, 0xA608,
    0xA608, 0x8608, 0xA608, 0xA608, 0xA608, 0xA608, 0xA708, 0xA600, 0xC708, 0xA608, 0xC708, 0xA608,
    0xC708, 0xC708, 0xC708, 0xC708, 0xC708, 0xC708, 0xC808, 0xC708, 0xC808, 0xC708, 0xC808, 0xC708,
    0xE808, 0xC808, 0xE708, 0xE808, 0xC808, 0xE810, 0xE808, 0xE908, 0xE810, 0xE808, 0xE910, 0xE908,
    0xE808, 0x0909, 0xE908, 0x0911, 0xE908, 0x0909, 0xE910, 0x0909, 0x0909, 0xE910, 0x0A09, 0x0909,
    0x0911, 0x0A09, 0x0911, 0x0A09, 0x0A09, 0x0911, 0x0A09, 0x2A11, 0x0A09, 0x2A11, 0x0A09, 0x2A11,
    0x0A09, 0x2A11, 0x0B11, 0x2A09, 0x2B11, 0x2A09, 0x0B11, 0x2A09, 0x2B11, 0x2A11, 0x2B09, 0x2B11,
    0x2A11, 0x2B11, 0x2B11, 0x2B09, 0x2A11, 0x2B11, 0x2B09, 0x2B11, 0x2B09, 0x2A11, 0x2B11, 0x2B09,
    0x2A11, 0x2B11, 0x2B09, 0x2A11, 0x2B11, 0x0A09, 0x2B11, 0x2A11, 0x2B09, 0x2A11, 0x2B09, 0x2A11,
    0x0A11, 0x2A09, 0x0A11, 0x0A09, 0x2A11, 0x0A09, 0x0A11, 0x0909, 0x0A11, 0x0A09, 0x0909, 0x0A11,
    0x0909, 0x0A09, 0x0911, 0x0909, 0x0A09, 0xE910, 0x0909, 0xE910, 0x0909, 0xE908, 0xE810, 0x0909,
    0xE908, 0xE810, 0xE908, 0xE908, 0xE808, 0xE810, 0xE908, 0xE808, 0xE808, 0xC808, 0xE808, 0xC808,
    0xE708, 0xC810, 0xC808, 0xC708, 0xC808, 0xC708, 0xC808, 0xC708, 0xC708, 0xC708, 0xA708, 0xC708,
    0xA708, 0xC608, 0xA708, 0xC708, 0xA608, 0xA708, 0xA608, 0xA600, 0xA608, 0xA608, 0xA600, 0xA608,
    0x8608, 0xA608, 0x8600, 0x8508, 0xA600, 0x8508, 0x8500, 0x8608, 0x8508, 0x8500, 0x8508, 0x8500,
    0x8500, 0x8508, 0x6500, 0x8508, 0x8500, 0x8508, 0x8608, 0x8500, 0xA608, 0x8608, 0xA608, 0x8600,
    0xA608, 0xA600, 0xA608, 0xA600, 0xA708, 0xA608, 0xA608, 0xA708, 0xA608, 0xC708, 0xA700, 0xC708,
    0xA708, 0xA608, 0xC708, 0xA708, 0xC708, 0xC708, 0xC708, 0xC808, 0xC708, 0xC808, 0xE808, 0xC808,
    0xE708, 0xC810, 0xE808, 0xC808, 0xE808, 0xE808, 0xC808, 0xE810, 0xE908, 0xE808, 0xE908, 0xE808,
    0x0911, 0xE908, 0xE910, 0x0909, 0xE910, 0x0909, 0x0909, 0xE910, 0x0A09, 0x0911, 0x0909, 0x0A11,
    0x0A09, 0x0A11, 0x0A09, 0x0A11, 0x0A09, 0x2A11, 0x0A09, 0x0A11, 0x2A09, 0x0A11, 0x2A09, 0x2A11,
    0x0B11, 0x2A09, 0x2A11, 0x2B09, 0x2A11, 0x2B11, 0x2A11, 0x2B09, 0x2B11, 0x2B09, 0x2A11, 0x2B09,
    0x2B11, 0x2B09, 0x2A11, 0x2B11, 0x2B09, 0x2B11, 0x2B11, 0x2A11, 0x2B11, 0x2B09, 0x2B11, 0x2B11,
    0x2B09, 0x2B11, 0x2B09, 0x2B11, 0x2A09, 0x2B11, 0x2A09, 0x2B11, 0x0A09, 0x2B11, 0x0A11, 0x2B09,
    0x2A11, 0x0B09, 0x2A11, 0x2A09, 0x0A11, 0x0A09, 0x2A11, 0x0A09, 0x2A11, 0x0A09, 0x0A11, 0x0909,
    0x0A11, 0x0909, 0x0A11, 0xE908, 0x0911, 0x0909, 0x0909, 0xE908, 0x0911, 0xE908, 0x0909, 0xE908,
    0xE910, 0xE908, 0xE808, 0xE910, 0xE808, 0xE908, 0xE808, 0xE808, 0xC810, 0xE808, 0xE808, 0xC810,
    0xE808, 0xC808, 0xE708, 0xC808, 0xE708, 0xC808, 0xC708, 0xC708, 0xC808, 0xC708, 0xC708, 0xC708,
    0xA708, 0xC708, 0xA708, 0xA608, 0xC708, 0xA600, 0xA708, 0xA608, 0xA708, 0xA608, 0xA608, 0x8600,
    0xA608, 0xA608, 0x8508, 0xA608, 0x8608, 0x8608, 0xA508, 0x8500, 0x8508, 0x8508, 0x8500, 0x6508,
    0x6400, 0x8508, 0x8508, 0x8500, 0x8508, 0x8608, 0x8500, 0x8608, 0xA508, 0x8600, 0xA508, 0x8608,
    0xA608, 0x8608, 0xA608, 0xA608, 0xA608, 0xA700, 0xA608, 0xA708, 0xC608, 0xA708, 0xA608, 0xC708,
    0xC708, 0xC708, 0xC708, 0xC708, 0xC708, 0xC808, 0xC708, 0xC808, 0xC708, 0xC808, 0xE708, 0xC808,
    0xE808, 0xC808, 0xE808, 0xE810, 0xE808, 0xE908, 0xE810, 0xE908, 0xE808, 0xE908, 0xE910, 0xE908,
    0xE908, 0x0911, 0xE808, 0x0909, 0xE908, 0x0911, 0x0909, 0x0A11, 0x0909, 0x0A09, 0x0911, 0x0A09,
    0x0911, 0x0A09, 0x0911, 0x0A09, 0x0A11, 0x0A09, 0x2A11, 0x0A09, 0x2A11, 0x0A09, 0x2A11, 0x0B09,
    0x2A11, 0x2B09, 0x2A11, 0x0B11, 0x2A09, 0x2B11, 0x2B09, 0x2A11, 0x2B11, 0x2B11, 0x2B11, 0x2B11,
    0x2B09, 0x2B11, 0x2B09, 0x2B11, 0x2B11, 0x2B09, 0x2B11, 0x4B09, 0x2B11, 0x2B11, 0x2B09, 0x2B11,
    0x2A11, 0x2B09, 0x2A11, 0x2B11, 0x2B11, 0x2B11, 0x2B09, 0x2A11, 0x2B11, 0x2A09, 0x2B11, 0x0A09,
    0x2A11, 0x2A11, 0x0A09, 0x2A11, 0x0A11, 0x2A09, 0x0A11, 0x2A09, 0x0A11, 0x0909, 0x0A11, 0x0A09,
    0x0A11, 0x0909, 0x0A11, 0x0909, 0x0A09, 0xE910, 0x0A09, 0x0911, 0xE908, 0x0911, 0xE908, 0x0911,
    0xE808, 0x0909, 0xE908, 0xE808, 0xE908, 0xE810, 0xE808, 0xE908, 0xE808, 0xE808, 0xC808, 0xE808,
    0xC808, 0xE808, 0xC808, 0xC708, 0xC810, 0xC708, 0xC808, 0xC708, 0xC708, 0xC708, 0xA708, 0xC708,
    0xC708, 0xA708, 0xC600, 0xA708, 0xA708, 0xA608, 0xC708, 0xA608, 0xA608, 0xA600, 0xA608, 0xA608,
    0x8608, 0xA600, 0x8608, 0xA600, 0x8508, 0x8500, 0x8608, 0x8508, 0x8600, 0x8508, 0x8508, 0x8500,
    0x8500, 0x8508, 0x8500, 0x8508, 0x8508, 0x8500, 0x8608, 0xA508, 0x8608, 0x8508, 0xA608, 0xA600,
    0x8608, 0xA608, 0xA600, 0xA608, 0xA608, 0xA708, 0xA608, 0xA708, 0xA600, 0xC708, 0xA708, 0xC708,
    0xA708, 0xC708, 0xA708, 0xC708, 0xC808, 0xC708, 0xC708, 0xC808, 0xC708, 0xE808, 0xC808, 0xC810,
    0xE808, 0xE808, 0xC808, 0xE808, 0xC808, 0xE808, 0xE908, 0xE808, 0xE910, 0xE808, 0xE908, 0x0811,
    0xE908, 0xE908, 0x0909, 0xE910, 0x0909, 0xE908, 0x0911, 0xE908, 0x0A11, 0x0909, 0x0A11, 0x0909,
    0x0A11, 0x0A09, 0x0A11, 0x2A09, 0x0A11, 0x2A09, 0x0A11, 0x2A09, 0x0A11, 0x2B11, 0x2A09, 0x2A11,
    0x2A11, 0x0B09, 0x2A11, 0x2B09, 0x2A11, 0x2B11, 0x2B11, 0x2B09, 0x2A11, 0x2B09, 0x2B11, 0x2B09,
    0x2B11, 0x4B11, 0x2B11, 0x4B11, 0x2B09, 0x4B11, 0x2B11, 0x2B11, 0x4B09, 0x2B11, 0x4B11, 0x2B09,
    0x4B11, 0x2B11, 0x2B11, 0x2B09, 0x2B11, 0x2A09, 0x2B11, 0x2B11, 0x2A09, 0x2B11, 0x2A11, 0x2B09,
    0x2A11, 0x0B09, 0x2A11, 0x0B09, 0x2A11, 0x0A09, 0x2A11, 0x0A09, 0x0A11, 0x2A09, 0x0A11, 0x0909,
    0x0A11, 0x0909, 0x0A09, 0x0911, 0x0A09, 0x0911, 0x0909, 0xE908, 0x0909, 0xE908, 0x0911, 0xE908,
    0xE908, 0xE910, 0xE808, 0x0911, 0xE808, 0xE908, 0xE808, 0xE810, 0xC808, 0xE810, 0xE808, 0xC808,
    0xE808, 0xC708, 0xE810, 0xC808, 0xC708, 0xC808, 0xC708, 0xC708, 0xC808, 0xC708, 0xC708, 0xA708,
    0xC708, 0xA708, 0xC708, 0xA608, 0xC708, 0xA608, 0xA708, 0xA600, 0xA708, 0xA608, 0xA608, 0xA608,
    0xA600, 0x8608, 0xA608, 0x8508, 0xA600, 0x8608, 0xA500, 0x8508, 0x8508, 0x8500, 0x8508, 0x6500,
    0x6500, 0x8508, 0x8508, 0x8500, 0x8608, 0x8508, 0x8500, 0x8608, 0xA500, 0x8608, 0xA600, 0x8608,
    0xA608, 0xA608, 0xA608, 0xA708, 0xA608, 0xA608, 0xA700, 0xC608, 0xA708, 0xC708, 0xA608, 0xC708,
    0xA708, 0xC708, 0xC708, 0xC708, 0xC708, 0xC808, 0xC708, 0xC808, 0xC708, 0xC808, 0xE708, 0xC808,
    0xE808, 0xC810, 0xE808, 0xE808, 0xE910, 0xE808, 0xE810, 0xE908, 0xE808, 0xE908, 0xE910, 0xE908,
    0x0909, 0xE910, 0x0909, 0xE908, 0x0911, 0x0A09, 0x0909, 0x0A11, 0x0909, 0x0A11, 0x0909, 0x0A11,
    0x0A09, 0x0911, 0x0A09, 0x0A11, 0x2909, 0x0A11, 0x2A09, 0x0A11, 0x2A09, 0x0A11, 0x2B11, 0x0A09,
    0x2B11, 0x2A11, 0x2B09, 0x2A11, 0x2B11, 0x2B09, 0x2A11, 0x2B11, 0x2B09, 0x2B11, 0x4B11, 0x2B11,
    0x2B11, 0x2B09, 0x4B11, 0x2B11, 0x4B11, 0x2B11, 0x4B09, 0x2B11, 0x4B11, 0x2B11, 0x2B09, 0x4B11,
    0x2B11, 0x2B09, 0x4B11, 0x2B11, 0x2B09, 0x2B11, 0x2B11, 0x2A09, 0x2B11, 0x2B09, 0x2A11, 0x0B11,
    0x2A09, 0x2B11, 0x2A11, 0x2A09, 0x0A11, 0x2A09, 0x0A11, 0x2A09, 0x0A11, 0x0A09, 0x2A11, 0x0A09,
    0x0A11, 0x0A09, 0x0911, 0x0A09, 0x0911, 0xE908, 0x0A11, 0x0909, 0x0911, 0xE908, 0x0909, 0xE910,
    0x0909, 0xE808, 0xE908, 0xE908, 0xE810, 0xE908, 0xE808, 0xE908, 0xE808, 0xE908, 0xC808, 0xE810,
    0xC808, 0xE808, 0xC808, 0xC708, 0xE808, 0xC708, 0xC808, 0xC708, 0xC708, 0xC708, 0xC708, 0xC708,
    0xA708, 0xC708, 0xA708, 0xC708, 0xA608, 0xA708, 0xA608, 0xA608, 0xA608, 0xA708, 0xA600, 0x8608,
    0xA608, 0xA608, 0x8600, 0xA608, 0x8508, 0x8608, 0x8508, 0x8600, 0x8508, 0x8500, 0x8508, 0x8508,
    0x8500, 0x6508, 0x8500, 0x8508, 0x8500, 0x8608, 0xA508, 0x8608, 0x8608, 0xA608, 0x8608, 0xA608,
    0xA600, 0x8608, 0xA608, 0xA600, 0xA608, 0xA708, 0xA608, 0xA708, 0xA608, 0xC708, 0xA708, 0xC708,
    0xC708, 0xA708, 0xC708, 0xC708, 0xC708, 0xC708, 0xC808, 0xC708, 0xE808, 0xC808, 0xC808, 0xE808,
    0xC808, 0xE808, 0xC808, 0xE808, 0xE808, 0xE908, 0xE808, 0xE908, 0xE810, 0xE908, 0x0809, 0xE908,
    0xE810, 0x0909, 0xE910, 0x0909, 0xE910, 0x0909, 0xE910, 0x0909, 0x0A09, 0x0911, 0x0A09, 0x0909,
    0x0A11, 0x0A09, 0x2A11, 0x0A09, 0x0A11, 0x0A09, 0x2A11, 0x0A11, 0x2A09, 0x2B11, 0x0A09, 0x2A11,
    0x2B09, 0x2A11, 0x2B11, 0x2B09, 0x2A11, 0x2B09, 0x2B11, 0x2B09, 0x2B11, 0x2B11, 0x2B09, 0x4B11,
    0x2B09, 0x4B11, 0x2B11, 0x2B09, 0x4B11, 0x2B11, 0x4C11, 0x2B11, 0x4B09, 0x2B11, 0x4B11, 0x2B11,
    0x2B09, 0x4B11, 0x2B11, 0x2B09, 0x2B11, 0x2A11, 0x2B09, 0x2B11, 0x2B11, 0x2A11, 0x2B09, 0x2A11,
    0x2B11, 0x0A09, 0x2A11, 0x0B09, 0x2A11, 0x0B11, 0x2A09, 0x0A11, 0x2A09, 0x0A11, 0x0A09, 0x0911,
    0x0A09, 0x0911, 0x0A09, 0x0911, 0x0A09, 0x0909, 0x0911, 0xE908, 0x0911, 0xE908, 0x0911, 0xE908,
    0xE908, 0x0911, 0xE808, 0xE910, 0xE808, 0xE908, 0xE810, 0xE808, 0xC808, 0xE810, 0xE808, 0xC808,
    0xE808, 0xC808, 0xE808, 0xC808, 0xC708, 0xC808, 0xC708, 0xC808, 0xC708, 0xC708, 0xA708, 0xC708,
    0xC708, 0xA608, 0xC708, 0xA608, 0xC700, 0xA608, 0xC708, 0xA708, 0xA600, 0xA608, 0xA608, 0xA608,
    0x8608, 0xA608, 0x8608, 0xA500, 0x8608, 0xA500, 0x8608, 0x8508, 0x8600, 0x8508, 0x8500, 0x8508,
    0x8500, 0x8508, 0x8508, 0x8508, 0x8508, 0x8500, 0x8608, 0x8500, 0xA608, 0x8500, 0xA608, 0x8508,
    0xA608, 0xA600, 0xA608, 0xA608, 0xA708, 0xA608, 0xA708, 0xC608, 0xA708, 0xA708, 0xC608, 0xA708,
    0xC708, 0xC708, 0xC708, 0xA708, 0xC808, 0xC708, 0xC708, 0xC808, 0xC708, 0xE808, 0xC710, 0xE808,
    0xC808, 0xE810, 0xE808, 0xC808, 0xE810, 0xE808, 0xE910, 0xE808, 0xE908, 0xE808, 0xE910, 0x0909,
    0xE908, 0xE908, 0x0909, 0xE910, 0x0909, 0x0909, 0x0A11, 0x0909, 0xE910, 0x0A09, 0x0911, 0x0A09,
    0x0A11, 0x0909, 0x0A11, 0x0A09, 0x2A11, 0x0A09, 0x2A11, 0x0A09, 0x2A11, 0x0A09, 0x2B11, 0x2A09,
    0x0B11, 0x2A09, 0x2B11, 0x2A11, 0x2B09, 0x2B11, 0x2A11, 0x2B11, 0x2B09, 0x4B11, 0x2B11, 0x2B09,
    0x2B11, 0x2B11, 0x4B09, 0x2B11, 0x2B11, 0x4B09, 0x2B11, 0x4B09, 0x2C11, 0x2B11, 0x4B09, 0x2B11,
    0x2B11, 0x2B11, 0x2B09, 0x4B11, 0x2B11, 0x2B09, 0x2B11, 0x2A11, 0x2B09, 0x2B11, 0x2A09, 0x0B11,
    0x2A09, 0x2B11, 0x2A09, 0x0A11, 0x2A09, 0x0A11, 0x2A09, 0x0A11, 0x0A09, 0x0A11, 0x2A09, 0x0A11,
    0x0909, 0x0A11, 0x0909, 0x0A09, 0x0911, 0x0A09, 0xE908, 0x0A11, 0x0909, 0xE908, 0x0909, 0xE910,
    0x0909, 0xE908, 0xE908, 0x0809, 0xE908, 0xE808, 0xE908, 0xE810, 0xE908, 0xE808, 0xC808, 0xE808,
    0xC808, 0xE810, 0xC708, 0xE808, 0xC808, 0xC708, 0xE808, 0xC708, 0xC708, 0xC808, 0xC708, 0xC708,
    0xA708, 0xC708, 0xA708, 0xC708, 0xA708, 0xA608, 0xA708, 0xA608, 0xA608, 0xA708, 0xA608, 0xA600,
    0xA608, 0xA600, 0x8608, 0xA608, 0x8508, 0x8608, 0xA500, 0x8508, 0x8508, 0x8508, 0x8500, 0x8508,
    0x6400, 0x8508, 0x8500, 0x8500, 0x8608, 0x8508, 0x8600, 0xA508, 0x8608, 0xA608, 0x8600, 0xA608,
    0xA608, 0x8608, 0xA608, 0xA608, 0xA600, 0xA708, 0xA608, 0xA708, 0xC600, 0xA708, 0xC708, 0xA708,
    0xC708, 0xA708, 0xC708, 0xC708, 0xC708, 0xC808, 0xC708, 0xC808, 0xC708, 0xC808, 0xC808, 0xE808,
    0xC708, 0xE808, 0xC808, 0xE808, 0xE908, 0xC808, 0xE808, 0xE908, 0xE810, 0xE908, 0xE908, 0xE810,
    0x0909, 0xE910, 0x0909, 0xE908, 0x0911, 0xE908, 0x0909, 0x0A11, 0x0909, 0x0A09, 0x0911, 0x0A09,
    0x0911, 0x0A09, 0x2A11, 0x0A09, 0x0A11, 0x2A09, 0x0A11, 0x2A09, 0x0B11, 0x2A11, 0x2A09, 0x0A11,
    0x2B11, 0x2A09, 0x0B11, 0x2A09, 0x2B11, 0x2A11, 0x2B09, 0x2B11, 0x2A11, 0x2B09, 0x2B11, 0x4B11,
    0x2B11, 0x4B09, 0x2B11, 0x4B11, 0x2B09, 0x2C11, 0x2B11, 0x2B11, 0x4B11, 0x2B09, 0x2B11, 0x4B11,
    0x2B09, 0x4B11, 0x2B11, 0x2B09, 0x2B11, 0x2A11, 0x2B09, 0x2B11, 0x2A11, 0x2B09, 0x2A11, 0x2B11,
    0x2A09, 0x0A11, 0x2B11, 0x2A09, 0x0A11, 0x2A09, 0x0A11, 0x2A09, 0x0A11, 0x0A09, 0x0911, 0x0A09,
    0x0A11, 0x0A09, 0x0911, 0x0A09, 0x0911, 0x0909, 0x0911, 0xE908, 0x0911, 0xE908, 0x0911, 0xE908,
    0xE908, 0x0811, 0xE908, 0xE910, 0xE808, 0xE910, 0xE808, 0xE808, 0xE808, 0xC808, 0xE808, 0xE810,
    0xC808, 0xE808, 0xC808, 0xC708, 0xC808, 0xC710, 0xC708, 0xC808, 0xC708, 0xC708, 0xA708, 0xC708,
    0xC708, 0xA708, 0xC608, 0xA708, 0xA608, 0xC708, 0xA600, 0xA708, 0xA608, 0xA600, 0xA608, 0x8608,
    0xA608, 0x8608, 0xA608, 0x8500, 0xA608, 0x8500, 0x8608, 0x8508, 0x8600, 0x8508, 0x8508, 0x6500,
    0x8500, 0x6508, 0x8508, 0x8508, 0x8500, 0x8508, 0x8508, 0x8600, 0x8508, 0xA600, 0x8508, 0xA608,
    0x8600, 0xA608, 0xA608, 0xA708, 0xA608, 0xA608, 0xA700, 0xA608, 0xA708, 0xC608, 0xA708, 0xC608,
    0xA708, 0xC708, 0xC708, 0xC708, 0xC708, 0xC708, 0xC808, 0xC708, 0xE808, 0xC708, 0xE808, 0xC808,
    0xE810, 0xC808, 0xE808, 0xE810, 0xE808, 0xE808, 0xE910, 0xE808, 0xE908, 0xE808, 0xE910, 0xE908,
    0xE908, 0x0909, 0xE910, 0x0909, 0xE908, 0x0911, 0xE908, 0x0909, 0x0A11, 0x0909, 0x0A11, 0x0909,
    0x0A09, 0x0A11, 0x0909, 0x0A11, 0x2A09, 0x0A11, 0x0A09, 0x2A11, 0x0A09, 0x2A11, 0x0B09, 0x2A11,
    0x2A09, 0x2B11, 0x2A11, 0x2B11, 0x2A09, 0x2B11, 0x2B11, 0x2A09, 0x2B11, 0x2B11, 0x2A09, 0x2B11,
    0x2B09, 0x2B11, 0x2B11, 0x2B11, 0x2B11, 0x4B09, 0x2B11, 0x4B09, 0x2B11, 0x2B11, 0x2B11, 0x2B09,
    0x2B11, 0x2B11, 0x2B09, 0x2A11, 0x2B11, 0x2B09, 0x2A11, 0x2B09, 0x2A11, 0x2B11, 0x2A09, 0x0A11,
    0x2B09, 0x2A11, 0x0A09, 0x2A11, 0x0B09, 0x2A11, 0x0A11, 0x0A09, 0x2A11, 0x0A09, 0x2A11, 0x0909,
    0x0A11, 0x0909, 0x0A09, 0x0911, 0x0A09, 0xE910, 0x0A09, 0x0909, 0xE908, 0x0911, 0xE908, 0x0909,
    0xE910, 0xE908, 0xE808, 0xE908, 0xE808, 0xE808, 0xE908, 0xE810, 0xE808, 0xE808, 0xC808, 0xE808,
    0xC808, 0xE708, 0xC808, 0xE808, 0xC708, 0xC808, 0xC708, 0xC708, 0xC708, 0xC708, 0xC708, 0xA708,
    0xC708, 0xA708, 0xC708, 0xA700, 0xC608, 0xA708, 0xA608, 0xA608, 0xA608, 0xA708, 0xA608, 0xA608,
    0xA600, 0x8608, 0xA608, 0x8608, 0x8508, 0xA608, 0x8500, 0x8608, 0x8500, 0x8508, 0x8500, 0x8508,
    0x6500, 0x8508, 0x8500, 0x8508, 0x8500, 0x8608, 0x8500, 0xA608, 0x8508, 0x8608, 0xA608, 0x8600,
    0xA608, 0xA608, 0xA600, 0xA608, 0xA608, 0xA708, 0xA608, 0xC708, 0xA608, 0xA708, 0xC708, 0xA708,
    0xC700, 0xC708, 0xA708, 0xC708, 0xC708, 0xC708, 0xC708, 0xC808, 0xC708, 0xC808, 0xC710, 0xC808,
    0xE808, 0xC808, 0xE808, 0xC808, 0xE808, 0xE808, 0xE808, 0xE808, 0xE910, 0xE808, 0xE908, 0x0809,
    0xE910, 0xE808, 0x0909, 0xE910, 0x0909, 0x0909, 0x0A11, 0xE908, 0x0911, 0xE908, 0x0A09, 0x0911,
    0x0A09, 0x0911, 0x0A09, 0x0A11, 0x0909, 0x0A11, 0x2A09, 0x0A11, 0x2A09, 0x0A11, 0x2A09, 0x0A11,
    0x2A11, 0x0A09, 0x2B09, 0x0A11, 0x2B09, 0x2A11, 0x2B09, 0x2B11, 0x2A09, 0x2B11, 0x2B11, 0x2A11,
    0x2B11, 0x2B09, 0x2B11, 0x2B09, 0x2B11, 0x2B11, 0x2B11, 0x2B11, 0x2B09, 0x2B11, 0x2B09, 0x2B11,
    0x2B11, 0x2A09, 0x2B11, 0x2B11, 0x2A09, 0x2B11, 0x2B11, 0x2A11, 0x2B09, 0x0A11, 0x2B09, 0x2A11,
    0x0A11, 0x2A09, 0x0B11, 0x2A09, 0x0A11, 0x0A09, 0x2A11, 0x0A09, 0x0A11, 0x0909, 0x0A11, 0x0A09,
    0x0909, 0x0A11, 0x0909, 0x0911, 0x0909, 0x0909, 0xE910, 0x0909, 0xE910, 0x0909, 0xE908, 0xE910,
    0x0809, 0xE908, 0xE810, 0xE908, 0xE810, 0xE908, 0xE808, 0xC808, 0xE908, 0xC810, 0xE808, 0xC808,
    0xE808, 0xC808, 0xC710, 0xC808, 0xC708, 0xC808, 0xC708, 0xC808, 0xC708, 0xC708, 0xC708, 0xC708,
    0xA708, 0xC608, 0xA708, 0xA608, 0xA708, 0xA608, 0xA708, 0xA600, 0xA608, 0xA608, 0xA600, 0x8608,
    0xA608, 0x8608, 0xA500, 0x8608, 0xA600, 0x8508, 0x8608, 0x8508, 0x8500, 0x8508, 0x8508, 0x8500,
    0x8400, 0x8508, 0x8500, 0x8508, 0x8508, 0x8508, 0x8608, 0x8500, 0xA608, 0x8500, 0xA608, 0xA608,
    0x8608, 0xA608, 0x8608, 0xA608, 0xA600, 0xA608, 0xA608, 0xA708, 0xA608, 0xC708, 0xA600, 0xC708,
    0xA708, 0xC708, 0xC708, 0xA708, 0xC708, 0xC808, 0xC708, 0xC708, 0xC808, 0xC708, 0xE808, 0xC808,
    0xE708, 0xC808, 0xE808, 0xE810, 0xC808, 0xE810, 0xC908, 0xE808, 0xE808, 0xE908, 0xE810, 0xE908,
    0xE908, 0x0911, 0xE908, 0xE908, 0x0911, 0xE908, 0x0911, 0xE908, 0x0A09, 0x0911, 0x0909, 0x0A11,
    0x0909, 0x0A11, 0x0909, 0x0A11, 0x2A09, 0x0A11, 0x0A09, 0x0A11, 0x0A09, 0x2A11, 0x0A11, 0x2A09,
    0x0B11, 0x2A11, 0x2A09, 0x2A11, 0x0B11, 0x2A09, 0x0A11, 0x2B11, 0x2A11, 0x2B09, 0x2A11, 0x2B09,
    0x2A11, 0x2B11, 0x2A09, 0x2B11, 0x2A09, 0x2B11, 0x2A09, 0x2B11, 0x2A11, 0x2B09, 0x2A11, 0x2B11,
    0x2A09, 0x2B11, 0x2B11, 0x2A09, 0x2B11, 0x2A09, 0x2A11, 0x2B09, 0x2A11, 0x2A09, 0x0A11, 0x2B09,
    0x0A11, 0x2A09, 0x0A11, 0x2A11, 0x0A09, 0x2A11, 0x0A09, 0x0A11, 0x0A09, 0x0A11, 0x0909, 0x0A11,
    0x0909, 0x0A11, 0x0909, 0x0A09, 0xE910, 0x0A09, 0xE908, 0x0911, 0xE908, 0x0909, 0xE910, 0xE908,
    0xE908, 0xE808, 0xE908, 0xE808, 0xE908, 0xE810, 0xE808, 0xE808, 0xE808, 0xE808, 0xC808, 0xE810,
    0xC808, 0xE808, 0xC708, 0xE808, 0xC708, 0xC708, 0xC708, 0xC708, 0xC708, 0xA708, 0xC708, 0xA708,
    0xC708, 0xA708, 0xC708, 0xA608, 0xC708, 0xA600, 0xA708, 0xA608, 0xA708, 0xA608, 0xA608, 0xA608,
    0x8600, 0xA608, 0x8608, 0xA500, 0x8608, 0x8500, 0x8508, 0x8500, 0x8508, 0x8500, 0x8508, 0x6500,
    0x6500, 0x8508, 0x6508, 0x8500, 0x8508, 0x8500, 0x8508, 0x8608, 0x8508, 0x8608, 0x8500, 0xA608,
    0x8500, 0xA608, 0xA600, 0xA608, 0xA708, 0xA608, 0xA700, 0xA608, 0xA708, 0xA608, 0xA708, 0xC608,
    0xA708, 0xC708, 0xA708, 0xC708, 0xC708, 0xC708, 0xC708, 0xC808, 0xC708, 0xC808, 0xC708, 0xC808,
    0xE808, 0xC810, 0xC808, 0xE808, 0xE808, 0xC808, 0xE808, 0xE910, 0xE808, 0xE808, 0xE908, 0xE810,
    0xE908, 0xE808, 0x0911, 0xE908, 0xE908, 0x0909, 0xE908, 0x0911, 0x0909, 0xE910, 0x0A09, 0x0909,
    0x0A11, 0x0909, 0x0A09, 0x0911, 0x0A09, 0x0911, 0x0A09, 0x2A11, 0x0A09, 0x0A11, 0x2A09, 0x0A11,
    0x2A09, 0x0A11, 0x0A09, 0x2A11, 0x2A09, 0x0B11, 0x2A09, 0x2A11, 0x2B09, 0x2A11, 0x2B09, 0x2A11,
    0x2B09, 0x2A11, 0x2B11, 0x2A11, 0x2B09, 0x2A11, 0x2B11, 0x2A09, 0x2B11, 0x2A11, 0x2B09, 0x2A11,
    0x2B11, 0x2A09, 0x2B11, 0x2A09, 0x2A11, 0x2B11, 0x0A09, 0x2A11, 0x0B09, 0x2A11, 0x0A11, 0x2A09,
    0x0A11, 0x2A09, 0x0A11, 0x0A09, 0x0A11, 0x0A09, 0x0A11, 0x0909, 0x2A11, 0x0909, 0x0A11, 0x0909,
    0x0A11, 0x0909, 0x0911, 0xE908, 0x0909, 0x0911, 0xE908, 0x0909, 0xE910, 0xE908, 0x0909, 0xE808,
    0xE910, 0x0809, 0xE910, 0xE808, 0xE808, 0xE908, 0xE808, 0xC810, 0xE808, 0xC808, 0xE808, 0xC808,
    0xC708, 0xC808, 0xC708, 0xC808, 0xC708, 0xC808, 0xC708, 0xC808, 0xC708, 0xC708, 0xA708, 0xC708,
    0xA708, 0xC608, 0xA708, 0xA708, 0xA608, 0xA708, 0xA608, 0xA608, 0xA608, 0xA600, 0x8608, 0xA608,
    0xA608, 0x8500, 0xA608, 0x8508, 0x8608, 0x8508, 0xA600, 0x8508, 0x8508, 0x8508, 0x8500, 0x8508,
    0x6400, 0x8508, 0x8500, 0x8508, 0x8500, 0x8608, 0x8500, 0x8508, 0xA600, 0x8508, 0xA608, 0x8608,
    0xA608, 0x8608, 0xA608, 0x8608, 0xA608, 0xA608, 0xA608, 0xA608, 0xA708, 0xC600, 0xA708, 0xA708,
    0xC608, 0xA708, 0xC708, 0xC708, 0xA708, 0xC708, 0xC708, 0xC708, 0xC808, 0xC708, 0xE808, 0xC708,
    0xC808, 0xE708, 0xC808, 0xE808, 0xC808, 0xE808, 0xE808, 0xE808, 0xE808, 0xE910, 0xE808, 0xE908,
    0xE808, 0xE908, 0xE808, 0x0911, 0xE908, 0xE910, 0x0909, 0xE908, 0x0911, 0x0909, 0xE910, 0x0909,
    0xE908, 0x0A11, 0x0909, 0x0A11, 0x0909, 0x0A09, 0x0A11, 0x0909, 0x0A11, 0x0A09, 0x0A11, 0x0A09,
    0x0A11, 0x2A09, 0x0A11, 0x0B09, 0x2A11, 0x0A09, 0x2A11, 0x0A09, 0x2A11, 0x0B09, 0x2A11, 0x0A11,
    0x2B09, 0x2A11, 0x2A09, 0x2B11, 0x2A09, 0x2B11, 0x2A09, 0x2B11, 0x2A09, 0x2B11, 0x2A09, 0x2B11,
    0x2A09, 0x2A11, 0x0A09, 0x2B11, 0x0A09, 0x2A11, 0x0B09, 0x2A11, 0x0A11, 0x2A09, 0x0A11, 0x2A09,
    0x0A11, 0x0A09, 0x2A11, 0x0A09, 0x2A11, 0x0909, 0x0A11, 0x0909, 0x0A09, 0x0911, 0x0A09, 0x0909,
    0x0911, 0x0A09, 0xE908, 0x0911, 0xE908, 0x0909, 0xE910, 0x0909, 0xE908, 0xE910, 0xE808, 0xE908,
    0xE808, 0xE908, 0xE808, 0xE910, 0xE808, 0xE810, 0xC808, 0xE808, 0xC808, 0xE810, 0xC808, 0xE808,
    0xC708, 0xE808, 0xC708, 0xC808, 0xC708, 0xC708, 0xC708, 0xC708, 0xC708, 0xA708, 0xC708, 0xC708,
    0xA608, 0xA708, 0xC608, 0xA700, 0xA608, 0xA608, 0xA608, 0xA600, 0xA608, 0xA608, 0xA608, 0x8600,
    0xA608, 0x8608, 0x8608, 0xA500, 0x8608, 0x8500, 0x8508, 0x8508, 0x8600, 0x8508, 0x6500, 0x8508,
    0x6500, 0x8508, 0x6500, 0x8508, 0x8508, 0x8500, 0x8508, 0x8508, 0x8600, 0x8508, 0x8600, 0xA508,
    0x8600, 0xA608, 0xA600, 0xA608, 0xA600, 0xA608, 0xA708, 0xA600, 0xA608, 0xA708, 0xA608, 0xC708,
    0xA708, 0xC608, 0xA708, 0xC708, 0xC708, 0xA708, 0xC708, 0xC708, 0xC708, 0xC708, 0xC808, 0xC710,
    0xC808, 0xC808, 0xE708, 0xC808, 0xE810, 0xC808, 0xE808, 0xC810, 0xE808, 0xE808, 0xE808, 0xE910,
    0xE808, 0xE910, 0xE808, 0xE908, 0xE808, 0x0911, 0xE908, 0xE910, 0xE908, 0x0909, 0xE908, 0x0A11,
    0x0909, 0x0911, 0x0909, 0x0A09, 0x0911, 0x0A09, 0x0911, 0x0A09, 0x0911, 0x2A09, 0x0A11, 0x2A09,
    0x0A11, 0x0A09, 0x2A11, 0x0A09, 0x2A11, 0x0A11, 0x2A09, 0x0A11, 0x2A09, 0x0A11, 0x2A09, 0x0A11,
    0x2A09, 0x0B11, 0x0A09, 0x2A11, 0x0A11, 0x2A09, 0x0A11, 0x2A09, 0x0A11, 0x2A09, 0x0A11, 0x2A09,
    0x0A11, 0x2B09, 0x0A11, 0x2A11, 0x0A09, 0x2A11, 0x0A11, 0x2A09, 0x0A11, 0x0A09, 0x0A11, 0x0A09,
    0x2A11, 0x0A09, 0x0A11, 0x0909, 0x0A11, 0x0A09, 0x0909, 0x0A11, 0x0909, 0x0A11, 0x0909, 0x0911,
    0xE908, 0x0911, 0x0909, 0xE908, 0x0911, 0xE908, 0xE908, 0xE910, 0x0809, 0xE908, 0xE910, 0x0809,
    0xE910, 0xE808, 0xE808, 0xE808, 0xE808, 0xC808, 0xE808, 0xE808, 0xC808, 0xE808, 0xC708, 0xC808,
    0xC808, 0xC710, 0xC808, 0xC708, 0xC808, 0xC708, 0xC708, 0xC708, 0xA708, 0xC708, 0xA708, 0xC708,
    0xA708, 0xC608, 0xA708, 0xA608, 0xA708, 0xA600, 0xA708, 0xA608, 0xA608, 0x8600, 0xA608, 0x8608,
    0xA608, 0x8500, 0xA608, 0x8508, 0x8500, 0x8608, 0x8508, 0x8500, 0x8508, 0x8500, 0x8508, 0x6400,
    0x6400, 0x8508, 0x8408, 0x6500, 0x8508, 0x8508, 0x8500, 0x8508, 0x8508, 0xA608, 0x8508, 0x8600,
    0xA508, 0x8608, 0x8608, 0xA608, 0x8608, 0xA608, 0xA608, 0xA608, 0xA708, 0xA608, 0xA708, 0xA608,
    0xA708, 0xA708, 0xC608, 0xA708, 0xC708, 0xC708, 0xC708, 0xC708, 0xC808, 0xC708, 0xC708, 0xC808,
    0xC708, 0xE808, 0xC808, 0xC808, 0xE808, 0xC808, 0xE808, 0xC808, 0xE808, 0xC910, 0xE808, 0xE808,
    0xE808, 0xE908, 0xE808, 0xE910, 0xE908, 0xE808, 0x0909, 0xE908, 0x0911, 0xE908, 0x0911, 0xE908,
    0x0909, 0xE910, 0x0909, 0xE910, 0x0A09, 0x0911, 0x0A09, 0x0911, 0x0A09, 0x0909, 0x0A11, 0x0909,
    0x0A09, 0x0A11, 0x0909, 0x0A11, 0x0A09, 0x0A09, 0x0A11, 0x2A09, 0x0A11, 0x0A09, 0x2A11, 0x0A09,
    0x0A11, 0x2A09, 0x0A11, 0x2A09, 0x0A11, 0x2B09, 0x0A11, 0x2A11, 0x0A09, 0x0B11, 0x2A11, 0x0A09,
    0x0A11, 0x2A11, 0x0A09, 0x0A11, 0x2A09, 0x0A11, 0x0A09, 0x0A11, 0x2A09, 0x0A11, 0x2A09, 0x0A11,
    0x0A09, 0x0911, 0x0A09, 0x0A11, 0x0909, 0x0911, 0x0A09, 0x0911, 0x0909, 0x0909, 0xE910, 0x0A09,
    0xE908, 0x0909, 0xE910, 0x0909, 0xE908, 0x0911, 0xE908, 0xE908, 0xE908, 0xE808, 0xE908, 0xE808,
    0xE808, 0xE910, 0xE808, 0xC808, 0xE910, 0xE808, 0xC808, 0xE808, 0xC810, 0xC808, 0xE808, 0xC708,
    0xE808, 0xC708, 0xC708, 0xC708, 0xC708, 0xC708, 0xC708, 0xA708, 0xC708, 0xC708, 0xA608, 0xA708,
    0xC608, 0xA708, 0xA600, 0xA708, 0xA608, 0xA608, 0xA608, 0xA608, 0xA608, 0xA608, 0x8608, 0xA600,
    0x8508, 0x8608, 0x8500, 0x8608, 0x8508, 0x8500, 0x8508, 0x8508, 0x8500, 0x6508, 0x8500, 0x6508,
    0x6400, 0x6508, 0x8500, 0x8508, 0x6500, 0x8508, 0x8500, 0x8508, 0x8600, 0x8508, 0x8500, 0x8608,
    0xA608, 0x8500, 0xA608, 0x8600, 0xA608, 0xA600, 0x8608, 0xA608, 0xA600, 0xA608, 0xA608, 0xC700,
    0xA608, 0xC708, 0xA700, 0xC708, 0xA608, 0xA708, 0xC708, 0xA708, 0xC708, 0xC708, 0xC708, 0xC708,
    0xC808, 0xC708, 0xC708, 0xC808, 0xC708, 0xE810, 0xC808, 0xE808, 0xE808, 0xE808, 0xC808, 0xE808,
    0xE910, 0xE808, 0xE808, 0xE908, 0xE810, 0xE908, 0xE810, 0xE908, 0xE908, 0x0909, 0xE908, 0x0911,
    0xE908, 0x0909, 0xE910, 0x0909, 0x0909, 0xE908, 0x0911, 0x0A09, 0x0911, 0x0A09, 0x0911, 0x0A09,
    0x0911, 0x0A09, 0x0A11, 0x0909, 0x2A11, 0x0A09, 0x0A11, 0x0A09, 0x0A11, 0x0A09, 0x0A11, 0x2A09,
    0x0A11, 0x0A09, 0x2A11, 0x0A09, 0x0A11, 0x0A09, 0x0A11, 0x0A09, 0x2A11, 0x0A09, 0x0A11, 0x2A09,
    0x0A11, 0x0A09, 0x0A11, 0x2A09, 0x0A11, 0x0A09, 0x0A11, 0x0A09, 0x0909, 0x0A11, 0x0909, 0x0A11,
    0x0909, 0x0A09, 0x0911, 0x0909, 0x0A09, 0x0911, 0x0909, 0x0A09, 0xE910, 0x0909, 0xE908, 0x0911,
    0xE908, 0x0911, 0xE908, 0xE910, 0xE908, 0xE908, 0x0811, 0xE808, 0xE910, 0xE808, 0xE810, 0xE908,
    0xE808, 0xE808, 0xC808, 0xE808, 0xC808, 0xE808, 0xC808, 0xE808, 0xC708, 0xC808, 0xC708, 0xC808,
    0xC708, 0xC808, 0xC708, 0xC808, 0xC708, 0xC708, 0xA708, 0xC708, 0xA708, 0xC708, 0xA708, 0xC608,
    0xA708, 0xA608, 0xA708, 0xA608, 0xA608, 0xA608, 0xA600, 0xA608, 0x8600, 0xA608, 0x8608, 0xA508,
    0x8600, 0xA508, 0x8608, 0x8500, 0x8508, 0x8508, 0x8500, 0x8508, 0x8500, 0x6508, 0x8408, 0x6500,
    0x6400, 0x8508, 0x6400, 0x8508, 0x8400, 0x6508, 0x8508, 0x8500, 0x8508, 0x8500, 0x8608, 0x8508,
    0x8508, 0xA608, 0x8508, 0xA608, 0x8608, 0xA608, 0xA608, 0xA608, 0xA608, 0xA708, 0xA608, 0xA608,
    0xA708, 0xA608, 0xA608, 0xA708, 0xC708, 0xA708, 0xC708, 0xC708, 0xA708, 0xC708, 0xC808, 0xC708,
    0xC708, 0xC808, 0xC708, 0xE810, 0xC708, 0xC808, 0xE708, 0xC808, 0xC810, 0xE808, 0xE808, 0xC808,
    0xE808, 0xE808, 0xE810, 0xE808, 0xE908, 0xE808, 0xE908, 0x0809, 0xE910, 0xE808, 0xE910, 0xE908,
    0xE908, 0x0911, 0xE908, 0x0909, 0xE910, 0x0909, 0xE908, 0x0909, 0xE910, 0x0909, 0x0909, 0x0911,
    0x0A09, 0x0911, 0x0909, 0x0A11, 0x0909, 0x0911, 0x0A09, 0x0911, 0x0A09, 0x0911, 0x0A09, 0x0A11,
    0x0A09, 0x0A11, 0x0A09, 0x0A11, 0x0A09, 0x2911, 0x0A09, 0x0A11, 0x0A09, 0x0A11, 0x0909, 0x0A11,
    0x0A09, 0x0A09, 0x0911, 0x0A09, 0x0911, 0x0A09, 0x0909, 0x0A11, 0x0909, 0x0A11, 0x0909, 0x0A09,
    0x0911, 0x0909, 0x0A11, 0x0909, 0xE910, 0x0909, 0xE910, 0x0909, 0xE908, 0x0911, 0xE908, 0x0909,
    0xE910, 0xE908, 0x0909, 0xE908, 0xE808, 0xE910, 0xE908, 0xE808, 0xE808, 0xE908, 0xE808, 0xE808,
    0xC810, 0xE808, 0xE808, 0xE810, 0xC808, 0xE808, 0xC810, 0xC708, 0xE808, 0xC708, 0xC808, 0xC708,
    0xC708, 0xC708, 0xC708, 0xC708, 0xC708, 0xA708, 0xC708, 0xC708, 0xA608, 0xA708, 0xC608, 0xA708,
    0xA608, 0xA700, 0xA608, 0xA608, 0xA600, 0xA608, 0xA608, 0x8608, 0xA608, 0x8600, 0xA608, 0x8600,
    0x8508, 0x8608, 0x8500, 0x8508, 0x8600, 0x8508, 0x8500, 0x8508, 0x6508, 0x8500, 0x6408, 0x8500,
    0x6400, 0x6408, 0x8500, 0x6408, 0x8500, 0x8508, 0x6500, 0x8508, 0x8508, 0x8508, 0x8500, 0x8608,
    0x8500, 0x8608, 0xA600, 0x8508, 0xA600, 0x8608, 0xA600, 0x8608, 0xA600, 0xA608, 0xA608, 0xA708,
    0xA600, 0xA708, 0xC608, 0xA708, 0xA608, 0xC708, 0xA708, 0xC708, 0xC708, 0xA708, 0xC708, 0xC708,
    0xC708, 0xC708, 0xC708, 0xC808, 0xC708, 0xC808, 0xC808, 0xE808, 0xC708, 0xC808, 0xE808, 0xC810,
    0xE808, 0xC808, 0xE908, 0xE808, 0xE810, 0xE808, 0xE910, 0xE808, 0xE808, 0xE908, 0xE808, 0x0911,
    0xE808, 0xE908, 0xE910, 0x0909, 0xE908, 0x0911, 0xE908, 0x0911, 0x0909, 0xE910, 0x0A09, 0xE908,
    0x0911, 0x0909, 0x0A09, 0x0909, 0x0A11, 0x0909, 0x0A11, 0x0909, 0x0A11, 0x0909, 0x0A11, 0x0909,
    0x0911, 0x0909, 0x0A11, 0x0909, 0x0A11, 0x0909, 0x0A11, 0x0909, 0x0909, 0x0A11, 0x0A09, 0x0909,
    0x0911, 0x0A09, 0x0911, 0x0A09, 0x0909, 0x0A11, 0x0909, 0x0911, 0x0A09, 0x0909, 0x0911, 0x0909,
    0xEA10, 0x0909, 0xE908, 0x0911, 0xE908, 0x0909, 0xE908, 0x0911, 0xE908, 0xE908, 0x0911, 0xE908,
    0xE908, 0xE808, 0xE910, 0xE808, 0xE908, 0xE808, 0xE808, 0xE910, 0xE808, 0xE808, 0xE810, 0xE808,
    0xE808, 0xC808, 0xC808, 0xE808, 0xC808, 0xC708, 0xE808, 0xC708, 0xC808, 0xC708, 0xC708, 0xC808,
    0xC708, 0xC708, 0xC708, 0xA708, 0xC708, 0xC708, 0xA708, 0xA708, 0xC708, 0xA608, 0xA708, 0xA608,
    0xA708, 0xA608, 0xA608, 0xA608, 0xA608, 0xA608, 0x8600, 0xA608, 0xA608, 0x8508, 0x8608, 0xA508,
    0x8600, 0x8508, 0xA508, 0x8508, 0x8508, 0x8500, 0x8508, 0x6500, 0x8508, 0x8400, 0x6508, 0x6400,
    0x6400, 0x6508, 0x6400, 0x8508, 0x6500, 0x8508, 0x8500, 0x8508, 0x8500, 0x8508, 0x8500, 0x8508,
    0xA508, 0x8500, 0x8608, 0x8508, 0xA608, 0x8508, 0xA608, 0xA608, 0xA608, 0xA608, 0xA600, 0xA608,
    0xA608, 0xA608, 0xA708, 0xA608, 0xC700, 0xA608, 0xA708, 0xA608, 0xC708, 0xC708, 0xA708, 0xC708,
    0xC708, 0xC708, 0xC708, 0xC708, 0xC808, 0xC708, 0xC708, 0xC808, 0xE808, 0xC808, 0xC808, 0xE808,
    0xC808, 0xE808, 0xC810, 0xE808, 0xE808, 0xE808, 0xE808, 0xE908, 0xE810, 0xE908, 0xE808, 0xE908,
    0xE808, 0xE908, 0xE908, 0xE910, 0xE908, 0xE908, 0x0911, 0xE908, 0xE908, 0x0909, 0xE910, 0x0909,
    0xE908, 0x0911, 0xE908, 0x0911, 0xE908, 0x0909, 0x0909, 0x0911, 0x0909, 0x0A09, 0x0911, 0x0909,
    0x0A09, 0x0911, 0x0909, 0x0909, 0x0A11, 0x0909, 0x0A09, 0x0911, 0x0A09, 0x0909, 0x0911, 0x0A09,
    0x0911, 0x0909, 0x0A09, 0x0911, 0x0909, 0x0911, 0x0A09, 0x0909, 0xE910, 0x0909, 0xE910, 0x0909,
    0xE908, 0x0911, 0xE908, 0x0909, 0xE910, 0x0909, 0xE910, 0xE908, 0x0909, 0xE910, 0xE908, 0xE808,
    0xE910, 0xE808, 0xE908, 0xE808, 0xE810, 0xE908, 0xE808, 0xE808, 0xE808, 0xC808, 0xE808, 0xC808,
    0xC808, 0xE808, 0xC810, 0xC808, 0xE708, 0xC808, 0xC708, 0xC808, 0xC708, 0xC808, 0xC708, 0xC708,
    0xC708, 0xC708, 0xA708, 0xC708, 0xA708, 0xA708, 0xC608, 0xA608, 0xA708, 0xA608, 0xA708, 0xA600,
    0xA608, 0xA608, 0xA600, 0xA608, 0xA600, 0x8608, 0xA608, 0x8608, 0x8600, 0xA508, 0x8600, 0x8508,
    0x8508, 0x8500, 0x8508, 0x8500, 0x8508, 0x8500, 0x6508, 0x8508, 0x6400, 0x6508, 0x8400, 0x6508,
    0x6400, 0x6400, 0x6508, 0x6400, 0x8408, 0x6500, 0x6408, 0x8500, 0x6508, 0x8500, 0x8508, 0x8500,
    0x8608, 0x8508, 0x8500, 0x8608, 0xA500, 0x8608, 0x8600, 0xA608, 0x8600, 0x8608, 0xA608, 0xA608,
    0xA608, 0xA708, 0xA600, 0xA608, 0xA708, 0xA608, 0xC708, 0xA708, 0xA608, 0xC708, 0xA708, 0xC708,
    0xA708, 0xC708, 0xC708, 0xC708, 0xC708, 0xC808, 0xC708, 0xC708, 0xC708, 0xC710, 0xE808, 0xC708,
    0xE808, 0xC808, 0xE808, 0xC808, 0xC808, 0xE808, 0xC808, 0xE808, 0xE808, 0xE808, 0xE810, 0xE908,
    0xE810, 0xE808, 0xE808, 0x0909, 0xE810, 0xE908, 0xE808, 0xE908, 0x0911, 0xE908, 0xE908, 0x0911,
    0xE908, 0xE908, 0x0911, 0xE908, 0x0909, 0xE910, 0xE908, 0x0909, 0xE910, 0x0909, 0xE908, 0x0911,
    0xE908, 0x0A09, 0x0911, 0xE908, 0x0909, 0x0911, 0xE908, 0x0909, 0x0911, 0x0909, 0xE910, 0x0909,
    0x0909, 0xE910, 0x0909, 0xE910, 0x0909, 0xE908, 0xE910, 0x0909, 0xE908, 0x0911, 0xE908, 0x0909,
    0xE910, 0x0909, 0xE908, 0xE910, 0xE908, 0xE908, 0xE908, 0xE808, 0xE910, 0xE808, 0xE908, 0xE808,
    0xE808, 0xE908, 0xE810, 0xE808, 0xE808, 0xE808, 0xE810, 0xC808, 0xE808, 0xC810, 0xE808, 0xC808,
    0xE810, 0xC808, 0xE708, 0xC808, 0xC708, 0xC808, 0xC708, 0xC708, 0xC708, 0xC708, 0xC708, 0xC708,
    0xA708, 0xC708, 0xC708, 0xA708, 0xC608, 0xA708, 0xA708, 0xC608, 0xA708, 0xA608, 0xA608, 0xA608,
    0xA608, 0xA608, 0xA608, 0x8608, 0xA608, 0x8608, 0xA600, 0x8508, 0xA608, 0x8500, 0x8508, 0x8600,
    0x8508, 0x8508, 0x8600, 0x8508, 0x6500, 0x8508, 0x8400, 0x6508, 0x8400, 0x6508, 0x6400, 0x6400,
    0x6400, 0x6408, 0x8400, 0x6508, 0x6400, 0x8508, 0x6400, 0x8508, 0x8508, 0x6500, 0x8508, 0x8508,
    0x8500, 0x8508, 0x8608, 0x8500, 0x8608, 0xA508, 0x8608, 0x8508, 0xA608, 0xA608, 0x8600, 0xA608,
    0xA600, 0xA608, 0xA608, 0xA608, 0xA708, 0xA608, 0xA600, 0xC708, 0xA708, 0xA608, 0xC708, 0xA708,
    0xC708, 0xA708, 0xC708, 0xA708, 0xC708, 0xC708, 0xC708, 0xC808, 0xC708, 0xC808, 0xC708, 0xC808,
    0xC708, 0xC810, 0xE708, 0xC808, 0xE808, 0xC810, 0xE808, 0xC808, 0xE810, 0xC808, 0xE808, 0xE808,
    0xE908, 0xE810, 0xE908, 0xE808, 0xE808, 0xE908, 0xE810, 0xE908, 0xE808, 0xE910, 0xE808, 0xE908,
    0xE910, 0x0909, 0xE908, 0xE910, 0xE908, 0x0909, 0xE910, 0xE908, 0x0909, 0xE910, 0x0909, 0xE908,
    0x0911, 0xE908, 0x0909, 0xE910, 0x0909, 0xE908, 0x0911, 0xE908, 0xE910, 0x0909, 0xE908, 0x0911,
    0xE908, 0x0909, 0xE910, 0x0909, 0xE908, 0x0911, 0xE908, 0xE910, 0x0909, 0xE908, 0xE910, 0xE908,
    0xE908, 0xE908, 0xE810, 0x0909, 0xE808, 0xE910, 0x0809, 0xE908, 0xE808, 0xE808, 0xE810, 0xE908,
    0xE810, 0xE808, 0xE808, 0xE808, 0xC808, 0xE808, 0xC808, 0xE808, 0xC808, 0xE808, 0xC808, 0xC808,
    0xC708, 0xC808, 0xC708, 0xC808, 0xC708, 0xC708, 0xC808, 0xC708, 0xC708, 0xC708, 0xA708, 0xC708,
    0xC708, 0xA708, 0xA708, 0xC608, 0xA708, 0xC608, 0xA708, 0xA608, 0xA608, 0xA700, 0xA608, 0xA608,
    0xA700, 0xA608, 0x8600, 0xA608, 0x8600, 0xA608, 0x8508, 0x8600, 0x8508, 0x8608, 0x8508, 0x8508,
    0x8500, 0x8508, 0x8500, 0x8508, 0x8508, 0x6500, 0x8508, 0x6400, 0x6508, 0x8400, 0x6408, 0x6400,
    0x6400, 0x6408, 0x6400, 0x6408, 0x6400, 0x6508, 0x8400, 0x6508, 0x8400, 0x6508, 0x8500, 0x8508,
    0x8500, 0x8508, 0x8500, 0x8508, 0x8508, 0x8600, 0x8508, 0xA600, 0x8508, 0x8600, 0xA608, 0x8608,
    0xA608, 0x8608, 0xA608, 0xA600, 0xA608, 0xA708, 0xA608, 0xA608, 0xA708, 0xC600, 0xA708, 0xA608,
    0xC708, 0xA708, 0xC708, 0xC708, 0xC708, 0xC708, 0xC708, 0xC708, 0xC708, 0xC708, 0xC808, 0xC708,
    0xC808, 0xC708, 0xC808, 0xC708, 0xE808, 0xC808, 0xE808, 0xC808, 0xE808, 0xC808, 0xE808, 0xC810,
    0xE808, 0xE808, 0xE808, 0xE810, 0xE808, 0xE908, 0xE808, 0xE808, 0xE908, 0xE808, 0xE908, 0xE808,
    0xE808, 0xE908, 0xE808, 0xE908, 0xE810, 0xE908, 0x0909, 0xE910, 0xE908, 0xE908, 0xE910, 0xE908,
    0xE908, 0xE910, 0xE908, 0x0909, 0xE910, 0xE908, 0xE908, 0x0909, 0xE908, 0xE910, 0x0909, 0xE908,
    0xE910, 0xE908, 0xE908, 0xE908, 0xE910, 0xE908, 0x0909, 0xE808, 0xE908, 0xE808, 0xE908, 0x0809,
    0xE810, 0xE908, 0xE808, 0xE908, 0xE808, 0xE808, 0xE908, 0xE810, 0xE808, 0xE908, 0xE808, 0xE808,
    0xE808, 0xC808, 0xE808, 0xC810, 0xE808, 0xC808, 0xE808, 0xC810, 0xC808, 0xC708, 0xC808, 0xE708,
    0xC808, 0xC708, 0xC708, 0xC708, 0xC708, 0xC708, 0xC708, 0xC708, 0xA708, 0xC708, 0xC708, 0xA708,
    0xA708, 0xC608, 0xA708, 0xA608, 0xA708, 0xA608, 0xA608, 0xA700, 0xA608, 0xA608, 0xA608, 0xA608,
    0xA608, 0x8608, 0xA608, 0x8608, 0xA508, 0x8600, 0xA508, 0x8608, 0x8500, 0x8508, 0x8500, 0x8508,
    0x8500, 0x8508, 0x6508, 0x8500, 0x6408, 0x8400, 0x6508, 0x6400, 0x8408, 0x6500, 0x6408, 0x6400,
    0x6400, 0x6400, 0x6408, 0x6400, 0x6408, 0x6400, 0x6508, 0x6400, 0x8508, 0x6400, 0x8508, 0x6500,
    0x8508, 0x8508, 0x8508, 0x8500, 0x8508, 0x8500, 0x8608, 0x8508, 0xA600, 0x8508, 0xA608, 0x8608,
    0xA600, 0xA608, 0x8608, 0xA608, 0xA608, 0xA600, 0xA608, 0xA608, 0xA708, 0xA608, 0xA708, 0xC608,
    0xA708, 0xA608, 0xC708, 0xA708, 0xA708, 0xC708, 0xA708, 0xC708, 0xC708, 0xC708, 0xC708, 0xC708,
    0xC708, 0xC808, 0xC708, 0xC808, 0xC708, 0xC708, 0xC808, 0xC708, 0xE808, 0xC810, 0xE808, 0xC808,
    0xE808, 0xC808, 0xC808, 0xE808, 0xC808, 0xE810, 0xE808, 0xE810, 0xE808, 0xE810, 0xE808, 0xE910,
    0xE808, 0xE810, 0xE908, 0xE808, 0xE908, 0xE810, 0xE808, 0xE908, 0xE808, 0xE810, 0x0909, 0xE808,
    0xE908, 0x0809, 0xE910, 0xE808, 0xE908, 0xE810, 0xE908, 0xE810, 0xE908, 0xE908, 0xE810, 0xE908,
    0xE808, 0x0909, 0xE810, 0xE908, 0xE808, 0xE808, 0xE910, 0xE808, 0xE910, 0xE808, 0xE910, 0xE808,
    0xE908, 0xE808, 0xE810, 0xE808, 0xE808, 0xE810, 0xC808, 0xE808, 0xC808, 0xE810, 0xC808, 0xE808,
    0xC808, 0xE808, 0xC808, 0xE808, 0xC808, 0xC808, 0xC708, 0xC808, 0xE708, 0xC808, 0xC708, 0xC708,
    0xC708, 0xC708, 0xC808, 0xC708, 0xC708, 0xC708, 0xA708, 0xC708, 0xA708, 0xC708, 0xA708, 0xC608,
    0xA708, 0xA608, 0xA708, 0xA608, 0xA608, 0xA708, 0xA608, 0xA608, 0xA608, 0xA608, 0xA600, 0x8608,
    0xA600, 0x8608, 0xA500, 0x8608, 0x8500, 0x8608, 0x8508, 0x8500, 0x8508, 0x8608, 0x8500, 0x8508,
    0x8508, 0x8500, 0x6508, 0x8400, 0x6508, 0x6400, 0x8508, 0x6400, 0x6408, 0x6400, 0x6400, 0x6408,
    0x4300, 0x6408, 0x6400, 0x6400, 0x6408, 0x6400, 0x8408, 0x6500, 0x6408, 0x8500, 0x6408, 0x8508,
    0x6500, 0x8500, 0x6508, 0x8500, 0x8508, 0x8508, 0x8500, 0x8508, 0x8608, 0x8508, 0x8500, 0xA608,
    0x8508, 0x8600, 0xA608, 0xA600, 0x8608, 0xA608, 0xA608, 0xA600, 0xA608, 0xA608, 0xA608, 0xA700,
    0xA608, 0xA708, 0xA608, 0xC708, 0xA608, 0xA708, 0xC708, 0xA708, 0xC708, 0xA708, 0xC708, 0xC708,
    0xC708, 0xC708, 0xC708, 0xC708, 0xC808, 0xC708, 0xC810, 0xC708, 0xC808, 0xC708, 0xC808, 0xC708,
    0xC808, 0xE808, 0xC808, 0xE810, 0xC808, 0xE808, 0xC808, 0xE808, 0xC808, 0xE808, 0xE808, 0xE808,
    0xE808, 0xE808, 0xE808, 0xE810, 0xE808, 0xE908, 0xE808, 0xE810, 0xE908, 0xE808, 0xE808, 0xE910,
    0xE808, 0xE808, 0xE808, 0xE908, 0xE808, 0xE908, 0xE808, 0xE908, 0xE810, 0xE808, 0xE908, 0xE808,
    0xE910, 0xE808, 0xE808, 0xE808, 0xE910, 0xE808, 0xE808, 0xE808, 0xE808, 0xE808, 0xE808, 0xE808,
    0xE810, 0xE808, 0xC808, 0xE808, 0xC808, 0xE808, 0xE808, 0xC808, 0xE808, 0xC808, 0xE808, 0xC808,
    0xC810, 0xC708, 0xC808, 0xC708, 0xC808, 0xE708, 0xC808, 0xC708, 0xC708, 0xC708, 0xC708, 0xC808,
    0xC708, 0xC708, 0xC708, 0xA708, 0xC708, 0xA708, 0xC708, 0xA708, 0xC608, 0xA708, 0xA608, 0xA708,
    0xA608, 0xA708, 0xC608, 0xA608, 0xA700, 0xA608, 0xA600, 0xA608, 0x8600, 0xA608, 0x8608, 0xA608,
    0x8508, 0x8608, 0x8508, 0xA600, 0x8508, 0x8508, 0x8600, 0x8508, 0x8500, 0x8508, 0x8508, 0x8500,
    0x6508, 0x8400, 0x6508, 0x8400, 0x6508, 0x6400, 0x6408, 0x6400, 0x6400, 0x6408, 0x6400, 0x6400,
    0x4400, 0x6400, 0x6408, 0x6400, 0x6400, 0x6408, 0x6400, 0x6408, 0x6400, 0x6508, 0x8400, 0x6400,
    0x8508, 0x6408, 0x8500, 0x8508, 0x8500, 0x8508, 0x8508, 0x8500, 0x8508, 0x8600, 0x8508, 0x8600,
    0xA508, 0x8608, 0x8508, 0xA608, 0x8608, 0xA600, 0x8608, 0xA608, 0xA608, 0xA700, 0xA608, 0xA608,
    0xA608, 0xA608, 0xA700, 0xA608, 0xC708, 0xA608, 0xA708, 0xC608, 0xA708, 0xC708, 0xA708, 0xC708,
    0xA708, 0xC708, 0xC708, 0xC708, 0xC708, 0xC708, 0xC708, 0xC808, 0xC708, 0xC708, 0xE808, 0xC708,
    0xC808, 0xC708, 0xC808, 0xC708, 0xE808, 0xC808, 0xC808, 0xE808, 0xC808, 0xC808, 0xE808, 0xC808,
    0xC810, 0xE808, 0xC808, 0xE808, 0xE808, 0xC808, 0xE808, 0xE808, 0xE808, 0xE808, 0xC808, 0xE808,
    0xE808, 0xE910, 0xE808, 0xE810, 0xE808, 0xE810, 0xE808, 0xE808, 0xE808, 0xE808, 0xE808, 0xE808,
    0xE808, 0xE808, 0xE910, 0xE808, 0xE808, 0xE808, 0xC808, 0xE808, 0xE810, 0xC808, 0xE808, 0xC808,
    0xC808, 0xE808, 0xC808, 0xE808, 0xC810, 0xC808, 0xE808, 0xC810, 0xC808, 0xE708, 0xC808, 0xC708,
    0xE808, 0xC708, 0xC808, 0xE708, 0xC708, 0xC710, 0xC708, 0xC708, 0xC808, 0xC708, 0xC708, 0xC708,
    0xA708, 0xC708, 0xA708, 0xC708, 0xA708, 0xC608, 0xA708, 0xA608, 0xA708, 0xA608, 0xA708, 0xA608,
    0xA608, 0xA608, 0xA600, 0xA608, 0xA608, 0xA608, 0x8608, 0xA608, 0xA608, 0x8608, 0xA500, 0x8608,
    0x8500, 0xA608, 0x8500, 0x8508, 0x8608, 0x8500, 0x8508, 0x8508, 0x8508, 0x8500, 0x6508, 0x8400,
    0x6508, 0x8500, 0x6408, 0x6500, 0x6408, 0x6400, 0x6400, 0x6408, 0x6400, 0x6408, 0x6400, 0x4408,
    0x4300, 0x6300, 0x4408, 0x6400, 0x6408, 0x6400, 0x6400, 0x6408, 0x6400, 0x6408, 0x6500, 0x6408,
    0x6500, 0x8408, 0x6500, 0x8508, 0x6508, 0x8500, 0x8508, 0x8500, 0x8508, 0x8508, 0x8508, 0x8508,
    0x8600, 0x8508, 0xA600, 0x8508, 0xA608, 0x8608, 0xA608, 0x8600, 0xA608, 0xA608, 0xA608, 0xA608,
    0xA700, 0xA608, 0xA608, 0xA608, 0xA708, 0xA608, 0xA708, 0xA708, 0xC608, 0xA708, 0xC708, 0xA708,
    0xC708, 0xA708, 0xC708, 0xC708, 0xC708, 0xC708, 0xC708, 0xC708, 0xC708, 0xC708, 0xC708, 0xC808,
    0xC708, 0xC708, 0xE808, 0xC708, 0xC808, 0xC708, 0xC808, 0xC708, 0xE810, 0xC808, 0xC808, 0xE808,
    0xC808, 0xE808, 0xC808, 0xC808, 0xE810, 0xC808, 0xE808, 0xC808, 0xC810, 0xE808, 0xE808, 0xC810,
    0xE808, 0xC808, 0xC808, 0xE808, 0xC808, 0xE808, 0xC808, 0xE808, 0xC810, 0xE808, 0xC808, 0xE810,
    0xC808, 0xC808, 0xE808, 0xC808, 0xC808, 0xE808, 0xC810, 0xE808, 0xC808, 0xE808, 0xC808, 0xE810,
    0xC808, 0xC808, 0xE808, 0xC808, 0xE808, 0xC708, 0xC808, 0xC708, 0xC808, 0xC708, 0xC808, 0xC708,
    0xC708, 0xC808, 0xC708, 0xC708, 0xC808, 0xC708, 0xC708, 0xC708, 0xA708, 0xC708, 0xA708, 0xC708,
    0xA708, 0xC708, 0xA608, 0xC708, 0xA608, 0xA708, 0xA608, 0xC708, 0xA608, 0xA708, 0xA608, 0xA608,
    0xA600, 0xA708, 0xA608, 0xA608, 0x8608, 0xA600, 0xA608, 0x8600, 0x8508, 0xA608, 0x8500, 0x8608,
    0x8508, 0x8500, 0x8608, 0x8508, 0x8500, 0x8508, 0x8500, 0x8508, 0x6500, 0x8408, 0x6500, 0x8508,
    0x6400, 0x6408, 0x6400, 0x6408, 0x8400, 0x6408, 0x6400, 0x6408, 0x6400, 0x6400, 0x4408, 0x6300,
    0x4300, 0x6408, 0x4300, 0x6400, 0x4300, 0x6408, 0x6400, 0x6400, 0x6408, 0x6400, 0x6408, 0x8400,
    0x6408, 0x6500, 0x8408, 0x6400, 0x8508, 0x6500, 0x8508, 0x6500, 0x8508, 0x8500, 0x8500, 0x8508,
    0x8508, 0x8500, 0x8608, 0x8500, 0x8608, 0xA500, 0x8608, 0xA608, 0x8608, 0x8600, 0xA608, 0x8608,
    0xA608, 0xA608, 0xA608, 0xA600, 0xA608, 0xA608, 0xA600, 0xA608, 0xA708, 0xA608, 0xA608, 0xA708,
    0xC608, 0xA708, 0xA708, 0xA708, 0xA708, 0xC708, 0xA708, 0xC708, 0xC708, 0xC708, 0xC708, 0xC708,
    0xC708, 0xC708, 0xC708, 0xC708, 0xC708, 0xC708, 0xC810, 0xC708, 0xC708, 0xC708, 0xC708, 0xC808,
    0xC708, 0xC808, 0xE710, 0xC808, 0xC708, 0xC808, 0xC808, 0xE708, 0xC808, 0xC808, 0xC808, 0xE808,
    0xC808, 0xE808, 0xC808, 0xC808, 0xE808, 0xC808, 0xE810, 0xC808, 0xE808, 0xC808, 0xE808, 0xC808,
    0xE808, 0xC808, 0xC808, 0xE708, 0xC808, 0xC808, 0xE808, 0xC808, 0xC808, 0xC808, 0xC708, 0xC808,
    0xE708, 0xC808, 0xC708, 0xC708, 0xC808, 0xC708, 0xC708, 0xC808, 0xC708, 0xC708, 0xC708, 0xC708,
    0xC708, 0xC708, 0xC708, 0xC708, 0xA708, 0xC708, 0xA708, 0xC708, 0xA708, 0xC708, 0xA608, 0xC708,
    0xA608, 0xA708, 0xA608, 0xA708, 0xA608, 0xA708, 0xA608, 0xA608, 0xA608, 0xA600, 0xA608, 0xA608,
    0xA608, 0xA608, 0x8600, 0xA608, 0x8608, 0x8508, 0x8608, 0xA508, 0x8600, 0x8508, 0x8608, 0x8500,
    0x8508, 0x8508, 0x8500, 0x8508, 0x8500, 0x8508, 0x6508, 0x8400, 0x6508, 0x8500, 0x6408, 0x6400,
    0x6508, 0x8400, 0x6508, 0x6400, 0x6400, 0x6408, 0x6400, 0x6400, 0x4408, 0x6300, 0x4400, 0x6300,
    0x4300, 0x4300, 0x6400, 0x4308, 0x6400, 0x4408, 0x6400, 0x6408, 0x6400, 0x6400, 0x6408, 0x6400,
    0x6408, 0x6400, 0x6508, 0x6400, 0x6408, 0x8500, 0x6408, 0x8500, 0x8508, 0x8508, 0x8508, 0x8500,
    0x8508, 0x8508, 0x8508, 0x8508, 0x8500, 0x8608, 0x8508, 0x8500, 0xA508, 0x8608, 0xA500, 0x8608,
    0xA600, 0x8608, 0xA608, 0xA608, 0xA608, 0xA708, 0xA608, 0xA608, 0xA608, 0xA700, 0xA608, 0xA608,
    0xA708, 0xC608, 0xA608, 0xC708, 0xA608, 0xC708, 0xA708, 0xC708, 0xA708, 0xA708, 0xC708, 0xA708,
    0xC708, 0xC708, 0xA708, 0xC708, 0xC808, 0xC708, 0xC708, 0xC708, 0xC808, 0xC708, 0xC808, 0xC708,
    0xC708, 0xC708, 0xC808, 0xC708, 0xC808, 0xE708, 0xC708, 0xC808, 0xC708, 0xC808, 0xC708, 0xC708,
    0xC808, 0xC708, 0xC708, 0xE810, 0xC708, 0xC808, 0xC708, 0xC808, 0xC708, 0xC808, 0xC708, 0xC808,
    0xC708, 0xC708, 0xC808, 0xC710, 0xC808, 0xC708, 0xC708, 0xC708, 0xC708, 0xC708, 0xC808, 0xC708,
    0xC708, 0xC708, 0xC808, 0xC708, 0xC708, 0xC708, 0xC708, 0xC708, 0xC708, 0xC708, 0xC708, 0xC708,
    0xA708, 0xC708, 0xA708, 0xC708, 0xA708, 0xC708, 0xA708, 0xC608, 0xA708, 0xA608, 0xA708, 0xA608,
    0xA708, 0xC608, 0xA708, 0xA608, 0xA608, 0xA600, 0xA608, 0xA700, 0xA608, 0xA608, 0xA608, 0xA600,
    0x8608, 0xA608, 0x8608, 0xA500, 0x8608, 0xA600, 0x8508, 0x8600, 0x8508, 0x8500, 0x8508, 0x8508,
    0x8500, 0x8508, 0x8500, 0x8508, 0x6508, 0x8400, 0x6508, 0x8500, 0x6408, 0x6400, 0x8508, 0x6400,
    0x6400, 0x6408, 0x6400, 0x6408, 0x6400, 0x6400, 0x4408, 0x6400, 0x6300, 0x4408, 0x6300, 0x4308,
    0x4300, 0x4300, 0x4308, 0x4300, 0x6300, 0x4300, 0x6408, 0x4300, 0x6408, 0x6400, 0x6400, 0x6408,
    0x6400, 0x6400, 0x6408, 0x8500, 0x6408, 0x6400, 0x8508, 0x6400, 0x6508, 0x6400, 0x8500, 0x6508,
    0x8500, 0x8500, 0x8508, 0x8600, 0x8508, 0x8500, 0x8508, 0x8608, 0x8500, 0x8608, 0xA608, 0x8508,
    0xA608, 0x8600, 0xA608, 0x8600, 0xA608, 0xA600, 0xA608, 0xA600, 0xA608, 0xA608, 0xA608, 0xA708,
    0xA600, 0xA608, 0xA708, 0xA608, 0xA708, 0xA608, 0xA608, 0xA708, 0xC608, 0xA708, 0xA708, 0xC708,
    0xA708, 0xC708, 0xA708, 0xC708, 0xA708, 0xC708, 0xC708, 0xC708, 0xC708, 0xC708, 0xC708, 0xC708,
    0xC708, 0xC708, 0xC708, 0xC708, 0xC708, 0xC708, 0xC808, 0xC708, 0xC708, 0xC708, 0xC808, 0xC708,
    0xC708, 0xC808, 0xC708, 0xC708, 0xC708, 0xC708, 0xC808, 0xC708, 0xC708, 0xC708, 0xC808, 0xC708,
    0xC708, 0xC808, 0xC708, 0xC708, 0xC708, 0xC708, 0xC808, 0xC708, 0xC808, 0xC708, 0xC708, 0xC708,
    0xC708, 0xC708, 0xC708, 0xC708, 0xC708, 0xC708, 0xC708, 0xA708, 0xC708, 0xA708, 0xC708, 0xA708,
    0xC708, 0xA708, 0xC708, 0xA608, 0xA708, 0xA608, 0xA708, 0xA608, 0xA708, 0xC608, 0xA708, 0xA608,
    0xA608, 0xA608, 0xA600, 0xA608, 0xA608, 0xA708, 0xA608, 0xA608, 0x8608, 0xA600, 0x8608, 0x8608,
    0xA600, 0x8508, 0x8608, 0x8508, 0x8500, 0x8508, 0x8508, 0x8508, 0x8508, 0x8508, 0x8500, 0x8508,
    0x8500, 0x8508, 0x6508, 0x8500, 0x6408, 0x8500, 0x6408, 0x6400, 0x8508, 0x6400, 0x6400, 0x6408,
    0x6400, 0x6408, 0x6400, 0x6400, 0x4408, 0x6300, 0x6400, 0x4308, 0x4400, 0x4300, 0x4300, 0x4300,
    0x4300, 0x4300, 0x4300, 0x4400, 0x4308, 0x6400, 0x4300, 0x6400, 0x4300, 0x4408, 0x6400, 0x6400,
    0x6408, 0x6400, 0x6408, 0x6400, 0x6400, 0x6408, 0x6500, 0x6408, 0x8500, 0x6408, 0x8508, 0x6500,
    0x8508, 0x6508, 0x8500, 0x8508, 0x8508, 0x8508, 0x8500, 0x8508, 0x8508, 0x8500, 0x8508, 0x8600,
    0x8508, 0xA508, 0x8608, 0xA508, 0x8608, 0x8608, 0xA608, 0x8608, 0xA608, 0xA608, 0xA600, 0xA608,
    0xA608, 0xA608, 0xA608, 0xA600, 0xA608, 0xA708, 0xA608, 0xA708, 0xA608, 0xA608, 0xC708, 0xA608,
    0xA608, 0xA708, 0xC608, 0xA708, 0xC708, 0xA608, 0xA708, 0xA708, 0xC708, 0xA708, 0xC708, 0xA708,
    0xC708, 0xC708, 0xA708, 0xC708, 0xC708, 0xA708, 0xC708, 0xC708, 0xC708, 0xC708, 0xC708, 0xC708,
    0xC708, 0xC708, 0xC708, 0xC708, 0xC808, 0xC708, 0xC708, 0xC708, 0xC708, 0xC708, 0xC708, 0xC708,
    0xC708, 0xC708, 0xC708, 0xC708, 0xC708, 0xC708, 0xC708, 0xC708, 0xC708, 0xC708, 0xC708, 0xA708,
    0xC708, 0xA708, 0xC708, 0xA708, 0xA708, 0xA708, 0xC708, 0xA708, 0xC708, 0xA708, 0xA608, 0xC708,
    0xA608, 0xA708, 0xA608, 0xA708, 0xC608, 0xA608, 0xA708, 0xA608, 0xA608, 0xA600, 0xA608, 0xA608,
    0xA700, 0xA608, 0xA608, 0xA608, 0xA600, 0x8608, 0xA608, 0x8500, 0xA608, 0x8608, 0xA508, 0x8600,
    0x8508, 0x8500, 0xA608, 0x8500, 0x8608, 0x8500, 0x8508, 0x8500, 0x8500, 0x8508, 0x8500, 0x8508,
    0x6508, 0x8500, 0x6400, 0x8508, 0x6400, 0x6508, 0x6400, 0x6408, 0x6400, 0x6408, 0x6400, 0x6408,
    0x6400, 0x6400, 0x4408, 0x6300, 0x6400, 0x4308, 0x4400, 0x6300, 0x4308, 0x6300, 0x4308, 0x4300,
    0x4300, 0x4300, 0x4308, 0x4300, 0x4300, 0x4308, 0x4300, 0x4308, 0x6400, 0x4300, 0x6308, 0x4400,
    0x6400, 0x6408, 0x6400, 0x6408, 0x6400, 0x6408, 0x6400, 0x6408, 0x6400, 0x6500, 0x8408, 0x6400,
    0x8508, 0x6400, 0x8508, 0x6400, 0x8500, 0x8508, 0x8500, 0x8508, 0x8500, 0x8608, 0x8508, 0x8500,
    0x8608, 0x8500, 0x8608, 0x8500, 0x8608, 0xA500, 0x8608, 0xA600, 0x8608, 0x8608, 0xA608, 0x8608,
    0xA600, 0xA608, 0xA608, 0xA608, 0xA608, 0xA600, 0xA608, 0xA608, 0xA700, 0xA608, 0xA608, 0xA708,
    0xA608, 0xA708, 0xA608, 0xA708, 0xA608, 0xC708, 0xA608, 0xC708, 0xA608, 0xA708, 0xC608, 0xA708,
    0xA708, 0xC708, 0xA708, 0xC708, 0xA708, 0xC708, 0xA708, 0xC708, 0xA708, 0xC708, 0xA708, 0xC708,
    0xA708, 0xC708, 0xA708, 0xC708, 0xA708, 0xC708, 0xA708, 0xC708, 0xC708, 0xA708, 0xC708, 0xC708,
    0xA708, 0xC708, 0xA708, 0xC708, 0xA708, 0xC708, 0xA708, 0xC708, 0xA708, 0xA708, 0xC708, 0xA708,
    0xC708, 0xA708, 0xA608, 0xC708, 0xA608, 0xC708, 0xA608, 0xA708, 0xA608, 0xC608, 0xA708, 0xA608,
    0xA708, 0xA608, 0xA608, 0xA608, 0xA708, 0xA608, 0xA600, 0xA608, 0xA608, 0xA708, 0xA608, 0xA608,
    0xA608, 0x8608, 0xA600, 0x8608, 0x8608, 0xA500, 0x8608, 0x8608, 0x8500, 0x8508, 0x8600, 0x8508,
    0x8508, 0x8608, 0x8500, 0x8508, 0x8508, 0x8508, 0x8500, 0x8508, 0x8508, 0x6500, 0x8508, 0x6500,
    0x8400, 0x6508, 0x6408, 0x6400, 0x6408, 0x6400, 0x8400, 0x6408, 0x6400, 0x6400, 0x6408, 0x6400,
    0x4408, 0x6300, 0x6400, 0x4308, 0x4400, 0x6300, 0x4308, 0x4300, 0x4300, 0x4300, 0x4300, 0x4300,
    0x2200, 0x4300, 0x4300, 0x4300, 0x4300, 0x4300, 0x4300, 0x4300, 0x6308, 0x4400, 0x4300, 0x6308,
    0x4300, 0x4400, 0x6300, 0x4408, 0x6400, 0x6400, 0x6408, 0x6400, 0x6408, 0x6400, 0x6408, 0x6500,
    0x6408, 0x8400, 0x6508, 0x8508, 0x6400, 0x8508, 0x6500, 0x8508, 0x8508, 0x8500, 0x8508, 0x8508,
    0x8500, 0x8508, 0x8508, 0x8500, 0x8508, 0x8608, 0x8500, 0x8508, 0xA608, 0x8500, 0xA608, 0x8600,
    0xA608, 0x8608, 0x8600, 0xA608, 0x8608, 0xA608, 0xA608, 0xA600, 0xA608, 0xA608, 0xA608, 0xA600,
    0xA608, 0xA608, 0xA608, 0xA608, 0xA708, 0xA608, 0xA708, 0xA608, 0xA708, 0xA608, 0xA708, 0xA608,
    0xC608, 0xA708, 0xA608, 0xA708, 0xA608, 0xC708, 0xA608, 0xA708, 0xC608, 0xA708, 0xA608, 0xC708,
    0xA708, 0xC608, 0xA708, 0xC708, 0xA608, 0xC708, 0xA608, 0xA708, 0xC708, 0xA708, 0xA708, 0xC608,
    0xA708, 0xC708, 0xA608, 0xC708, 0xA708, 0xA608, 0xC708, 0xA608, 0xA608, 0xC708, 0xA608, 0xA608,
    0xA608, 0xC708, 0xA608, 0xA708, 0xA608, 0xA708, 0xA608, 0xA608, 0xA708, 0xA608, 0xA608, 0xA608,
    0xA608, 0xA600, 0xA708, 0xA608, 0xA600, 0xA608, 0xA608, 0xA608, 0xA600, 0x8608, 0xA600, 0x8608,
    0x8600, 0xA508, 0x8608, 0xA508, 0x8608, 0x8508, 0xA600, 0x8508, 0x8608, 0xA508, 0x8508, 0x8500,
    0x8508, 0x8500, 0x8508, 0x8500, 0x8508, 0x8500, 0x6508, 0x8500, 0x6508, 0x8400, 0x6508, 0x6408,
    0x6400, 0x6408, 0x8500, 0x6400, 0x6408, 0x6400, 0x6408, 0x6400, 0x6408, 0x6400, 0x4400, 0x6300,
    0x4400, 0x6308, 0x4400, 0x4300, 0x6308, 0x4300, 0x4300, 0x4300, 0x4308, 0x4300, 0x4300, 0x4300,
    0x2200, 0x4300, 0x4200, 0x4308, 0x4200, 0x4308, 0x4300, 0x4300, 0x4300, 0x4308, 0x4300, 0x4400,
    0x6308, 0x4400, 0x6308, 0x6400, 0x4300, 0x6408, 0x6400, 0x6400, 0x6408, 0x6400, 0x6400, 0x6408,
    0x6400, 0x6408, 0x6400, 0x6500, 0x6408, 0x8500, 0x6408, 0x8500, 0x6408, 0x8500, 0x6508, 0x8500,
    0x8508, 0x8500, 0x8508, 0x8508, 0x8500, 0x8508, 0x8508, 0x8600, 0x8508, 0x8508, 0x8500, 0x8508,
    0x8608, 0xA508, 0x8608, 0xA600, 0x8608, 0xA600, 0x8608, 0xA608, 0x8608, 0xA600, 0xA608, 0xA608,
    0xA608, 0xA600, 0xA708, 0xA600, 0xA608, 0xA600, 0xA608, 0xA608, 0xA600, 0xA608, 0xA608, 0xA708,
    0xA608, 0xA608, 0xA608, 0xA608, 0xA708, 0xA608, 0xA708, 0xA608, 0xA708, 0xA608, 0xA708, 0xA608,
    0xA708, 0xA608, 0xA708, 0xA608, 0xA708, 0xA608, 0xC708, 0xA608, 0xA608, 0xA608, 0xA708, 0xA608,
    0xA708, 0xA608, 0xA708, 0xA608, 0xA608, 0xA708, 0xA608, 0xA708, 0xA608, 0xA608, 0xA708, 0xA608,
    0xA708, 0xA608, 0xA608, 0xA608, 0xA608, 0xA608, 0xA608, 0xA600, 0xA608, 0xA608, 0xA600, 0xA608,
    0xA608, 0xA608, 0xA608, 0xA600, 0x8608, 0xA608, 0x8600, 0x8608, 0xA608, 0x8508, 0x8608, 0xA508,
    0x8608, 0x8500, 0x8608, 0x8500, 0x8608, 0x8500, 0x8508, 0x8500, 0x8508, 0x8500, 0x8508, 0x8500,
    0x8508, 0x8508, 0x8500, 0x6508, 0x8400, 0x6508, 0x8400, 0x6508, 0x6400, 0x6408, 0x6400, 0x8500,
    0x6408, 0x6400, 0x6408, 0x6400, 0x6408, 0x6400, 0x6400, 0x4400, 0x6400, 0x4308, 0x6400, 0x4308,
    0x6300, 0x4400, 0x4308, 0x4300, 0x4300, 0x4300, 0x4308, 0x4300, 0x4300, 0x4300, 0x4208, 0x2300,
    0x2200, 0x4300, 0x2200, 0x4300, 0x2300, 0x4300, 0x4300, 0x4308, 0x4300, 0x4300, 0x4300, 0x4300,
    0x4300, 0x6300, 0x4400, 0x4308, 0x6400, 0x4300, 0x6408, 0x4300, 0x6400, 0x6408, 0x6400, 0x6408,
    0x6400, 0x6400, 0x6408, 0x6400, 0x6408, 0x6400, 0x6508, 0x6400, 0x8508, 0x6400, 0x8508, 0x6400,
    0x8508, 0x6508, 0x8500, 0x8508, 0x8500, 0x8508, 0x8500, 0x8508, 0x8500, 0x8608, 0x8508, 0x8500,
    0x8508, 0x8600, 0x8508, 0x8508, 0x8508, 0xA608, 0x8500, 0x8608, 0xA508, 0x8608, 0x8608, 0x8600,
    0xA608, 0x8608, 0xA608, 0x8608, 0xA608, 0xA608, 0xA608, 0xA600, 0xA608, 0xA608, 0xA600, 0xA608,
    0xA600, 0xA608, 0xA700, 0xA608, 0xA608, 0xA600, 0xA608, 0xA608, 0xA608, 0xA608, 0xA608, 0xA608,
    0xA608, 0xA608, 0xA608, 0xA608, 0xA608, 0xA708, 0xA608, 0xA708, 0xA608, 0xA708, 0xA608, 0xA608,
    0xA608, 0xA608, 0xA608, 0xA708, 0xA608, 0xA608, 0xA600, 0xA608, 0xA708, 0xA608, 0xA600, 0xA608,
    0xA608, 0xA600, 0xA608, 0xA608, 0xA600, 0xA608, 0xA608, 0xA608, 0xA608, 0x8600, 0xA608, 0x8608,
    0xA600, 0x8608, 0x8608, 0x8508, 0xA608, 0x8508, 0xA608, 0x8500, 0x8608, 0x8500, 0x8508, 0x8600,
    0x8508, 0x8508, 0x8500, 0x8508, 0x8500, 0x8508, 0x8508, 0x8508, 0x8500, 0x8508, 0x6500, 0x8508,
    0x6500, 0x8508, 0x6400, 0x6508, 0x6400, 0x6508, 0x6400, 0x6408, 0x8500, 0x6408, 0x6400, 0x6408,
    0x6400, 0x6400, 0x6408, 0x6400, 0x6400, 0x4408, 0x6300, 0x4408, 0x6300, 0x4400, 0x4308, 0x4300,
    0x4300, 0x4308, 0x4300, 0x4300, 0x4300, 0x4300, 0x4300, 0x4300, 0x4200, 0x2300, 0x4200, 0x2200,
    0x2200, 0x4200, 0x2300, 0x4200, 0x2200, 0x4208, 0x4300, 0x4200, 0x4300, 0x4300, 0x4308, 0x4300,
    0x4308, 0x4300, 0x4300, 0x4300, 0x4308, 0x6400, 0x4300, 0x6408, 0x4300, 0x6400, 0x4408, 0x6400,
    0x6408, 0x6400, 0x6408, 0x6400, 0x6408, 0x6400, 0x6408, 0x6400, 0x6408, 0x6500, 0x6408, 0x8500,
    0x6408, 0x8500, 0x6408, 0x8500, 0x6508, 0x8500, 0x8508, 0x8508, 0x8500, 0x8508, 0x8500, 0x8508,
    0x8508, 0x8500, 0x8508, 0x8600, 0x8508, 0x8500, 0x8608, 0x8508, 0x8600, 0xA508, 0x8600, 0xA508,
    0x8608, 0x8500, 0xA608, 0x8500, 0xA608, 0x8600, 0x8608, 0x8608, 0xA608, 0x8608, 0xA608, 0x8608,
    0xA608, 0x8608, 0xA608, 0xA608, 0xA600, 0xA608, 0xA608, 0xA600, 0xA608, 0xA600, 0xA608, 0xA600,
    0xA708, 0xA608, 0xA600, 0xA608, 0xA600, 0xA608, 0xA600, 0xA608, 0xA600, 0xA608, 0xA600, 0xA608,
    0xA600, 0xA608, 0xA600, 0xA608, 0xA600, 0xA608, 0xA608, 0xA608, 0xA600, 0xA608, 0x8608, 0xA608,
    0xA608, 0x8608, 0xA600, 0x8608, 0xA608, 0x8600, 0x8608, 0x8600, 0xA608, 0x8608, 0x8608, 0xA600,
    0x8508, 0x8608, 0xA500, 0x8608, 0x8500, 0x8608, 0x8500, 0x8508, 0x8508, 0x8600, 0x8508, 0x8508,
    0x8500, 0x8508, 0x8500, 0x8508, 0x8508, 0x8500, 0x8500, 0x6508, 0x8500, 0x6508, 0x8400, 0x6508,
    0x8400, 0x6408, 0x6500, 0x8408, 0x6400, 0x8408, 0x6400, 0x6408, 0x6400, 0x6400, 0x6408, 0x6400,
    0x6408, 0x6400, 0x4400, 0x6308, 0x4400, 0x6300, 0x4408, 0x6300, 0x4308, 0x4300, 0x6300, 0x4300,
    0x4308, 0x4300, 0x4300, 0x4300, 0x4308, 0x4200, 0x2300, 0x4208, 0x2300, 0x4200, 0x2300, 0x4200,
    0x2200, 0x4300, 0x2200, 0x4308, 0x2200, 0x4300, 0x2200, 0x2300, 0x4200, 0x4300, 0x4200, 0x4300,
    0x4300, 0x4308, 0x4300, 0x4300, 0x4300, 0x4308, 0x4300, 0x4300, 0x6408, 0x4300, 0x6300, 0x4300,
    0x6400, 0x4408, 0x6400, 0x6400, 0x6408, 0x6400, 0x6400, 0x6408, 0x6400, 0x6408, 0x6400, 0x6408,
    0x6400, 0x6508, 0x6400, 0x6508, 0x8400, 0x6508, 0x6400, 0x6508, 0x8500, 0x6508, 0x8508, 0x8500,
    0x8508, 0x8500, 0x8508, 0x8500, 0x8508, 0x8508, 0x8500, 0x8508, 0x8500, 0x8508, 0x8508, 0x8500,
    0x8608, 0x8508, 0x8508, 0x8608, 0x8500, 0x8508, 0xA608, 0x8500, 0x8608, 0xA500, 0x8608, 0xA600,
    0x8608, 0xA500, 0x8608, 0x8608, 0xA608, 0x8608, 0x8608, 0xA608, 0x8608, 0xA608, 0x8608, 0xA608,
    0x8600, 0xA608, 0x8608, 0xA608, 0x8608, 0xA608, 0x8608, 0xA608, 0x8608, 0xA608, 0x8608, 0xA608,
    0x8608, 0xA608, 0x8608, 0xA608, 0x8608, 0xA608, 0x8600, 0x8608, 0x8608, 0xA508, 0x8600, 0xA608,
    0x8600, 0x8508, 0xA608, 0x8608, 0x8600, 0xA508, 0x8608, 0xA508, 0x8600, 0x8508, 0x8508, 0x8508,
    0x8600, 0x8508, 0x8508, 0x8500, 0x8508, 0x8500, 0x8508, 0x8500, 0x8508, 0x8508, 0x8500, 0x8508,
    0x8500, 0x8508, 0x8508, 0x6500, 0x8508, 0x6508, 0x8400, 0x6508, 0x6400, 0x8408, 0x6500, 0x6408,
    0x6500, 0x6408, 0x6400, 0x6408, 0x6400, 0x6408, 0x6400, 0x6400, 0x6408, 0x6400, 0x6400, 0x4408,
    0x6300, 0x4408, 0x6300, 0x4300, 0x4408, 0x4300, 0x4300, 0x4300, 0x4300, 0x4300, 0x4308, 0x4300,
    0x4300, 0x4300, 0x4300, 0x4200, 0x2300, 0x4200, 0x2300, 0x4200, 0x2300, 0x4200, 0x2308, 0x2200,
    0x2200, 0x4300, 0x2200, 0x4300, 0x2200, 0x4300, 0x2200, 0x4300, 0x2208, 0x2300, 0x4300, 0x2208,
    0x4300, 0x4300, 0x4300, 0x4308, 0x4300, 0x4300, 0x4300, 0x4300, 0x4300, 0x4308, 0x4400, 0x6308,
    0x4300, 0x6300, 0x4408, 0x6300, 0x4400, 0x6408, 0x6400, 0x6400, 0x6408, 0x6400, 0x6400, 0x6408,
    0x6400, 0x6400, 0x8408, 0x6400, 0x6408, 0x6400, 0x8508, 0x6400, 0x6408, 0x8400, 0x6508, 0x6400,
    0x8508, 0x6500, 0x8508, 0x8508, 0x8500, 0x8508, 0x8500, 0x8508, 0x8508, 0x8500, 0x8508, 0x8508,
    0x8500, 0x8508, 0x8500, 0x8508, 0x8608, 0x8500, 0x8508, 0x8508, 0x8500, 0x8608, 0x8508, 0x8508,
    0x8500, 0x8608, 0xA508, 0x8500, 0x8508, 0x8600, 0xA508, 0x8600, 0x8508, 0x8600, 0xA508, 0x8608,
    0x8508, 0xA600, 0x8508, 0xA600, 0x8608, 0x8500, 0xA608, 0x8500, 0x8608, 0xA500, 0x8608, 0x8500,
    0xA608, 0x8500, 0x8608, 0x8500, 0xA608, 0x8500, 0x8608, 0xA508, 0x8600, 0x8508, 0x8608, 0x8508,
    0x8508, 0x8600, 0x8508, 0x8500, 0x8508, 0x8608, 0x8500, 0x8508, 0x8508, 0x8500, 0x8508, 0x8500,
    0x8508, 0x8500, 0x8508, 0x8500, 0x8508, 0x8508, 0x8508, 0x8500, 0x8508, 0x8500, 0x8508, 0x6500,
    0x8508, 0x6400, 0x8508, 0x6400, 0x8500, 0x6408, 0x6500, 0x8408, 0x6400, 0x6508, 0x6400, 0x6408,
    0x6400, 0x6408, 0x6400, 0x6400, 0x6408, 0x6400, 0x6408, 0x4400, 0x6400, 0x4308, 0x6300, 0x4400,
    0x4300, 0x6300, 0x4408, 0x4300, 0x6300, 0x4300, 0x4308, 0x4300, 0x4308, 0x4300, 0x4300, 0x4300,
    0x4300, 0x4200, 0x2308, 0x4200, 0x2300, 0x4208, 0x2300, 0x4200, 0x2300, 0x4200, 0x2300, 0x4200,
    0x2200, 0x4300, 0x2200, 0x4200, 0x2300, 0x4200, 0x2308, 0x4200, 0x2300, 0x4200, 0x2200, 0x4300,
    0x2200, 0x4200, 0x2300, 0x4200, 0x4300, 0x4300, 0x4308, 0x4300, 0x4300, 0x4300, 0x4300, 0x4300,
    0x4408, 0x4300, 0x6300, 0x4408, 0x6300, 0x4300, 0x6408, 0x4300, 0x6400, 0x6408, 0x6400, 0x6400,
    0x6408, 0x6400, 0x6408, 0x6400, 0x6400, 0x6408, 0x6400, 0x6408, 0x6500, 0x6408, 0x8400, 0x6508,
    0x6400, 0x8408, 0x6500, 0x6408, 0x6500, 0x6408, 0x8500, 0x6508, 0x8500, 0x6508, 0x8500, 0x8508,
    0x8500, 0x8508, 0x8500, 0x8508, 0x8500, 0x8508, 0x8500, 0x8508, 0x8508, 0x8500, 0x8508, 0x8600,
    0x8508, 0x8508, 0x8600, 0x8508, 0x8500, 0x8508, 0x8508, 0x8500, 0x8608, 0x8508, 0x8500, 0x8608,
    0x8500, 0x8508, 0x8608, 0x8508, 0x8508, 0x8600, 0x8508, 0x8508, 0x8600, 0x8508, 0x8508, 0x8608,
    0x8500, 0x8608, 0xA508, 0x8508, 0x8500, 0x8508, 0x8508, 0x8500, 0x8508, 0x8500, 0x8508, 0x8500,
    0x8508, 0x8500, 0x8508, 0x8508, 0x8500, 0x8508, 0x8508, 0x8500, 0x8508, 0x8500, 0x8508, 0x8500,
    0x8508, 0x8508, 0x8500, 0x8508, 0x6500, 0x8508, 0x6500, 0x8508, 0x6400, 0x6508, 0x6400, 0x8408,
    0x6500, 0x6408, 0x6500, 0x6408, 0x6400, 0x6408, 0x6400, 0x6408, 0x6400, 0x6408, 0x6400, 0x6400,
    0x6408, 0x6400, 0x6408, 0x6400, 0x4400, 0x6400, 0x4300, 0x6408, 0x4300, 0x6400, 0x4308, 0x4300,
    0x6308, 0x4300, 0x4300, 0x4300, 0x4308, 0x4300, 0x4300, 0x4300, 0x4300, 0x4300, 0x4200, 0x2300,
    0x2208, 0x4300, 0x2200, 0x4300, 0x2200, 0x4300, 0x2200, 0x4200, 0x2308, 0x4200, 0x2200, 0x4300,
    0x2200, 0x4200, 0x2300, 0x4208, 0x2300, 0x4200, 0x2200, 0x4300, 0x2200, 0x4300, 0x2200, 0x4300,
    0x2200, 0x4300, 0x2208, 0x4300, 0x2200, 0x4300, 0x4200, 0x4300, 0x4308, 0x4300, 0x4308, 0x4300,
    0x4300, 0x4300, 0x4300, 0x4300, 0x4308, 0x6400, 0x4300, 0x6408, 0x4300, 0x4300, 0x6408, 0x4300,
    0x6400, 0x6408, 0x4400, 0x6408, 0x6400, 0x6408, 0x6400, 0x6400, 0x6408, 0x6400, 0x6400, 0x6408,
    0x6500, 0x6408, 0x6400, 0x8408, 0x6500, 0x8408, 0x6500, 0x6408, 0x8400, 0x6508, 0x8400, 0x6508,
    0x6500, 0x8508, 0x6500, 0x8508, 0x8500, 0x6508, 0x8508, 0x8500, 0x8508, 0x8500, 0x8508, 0x8508,
    0x8500, 0x8508, 0x8500, 0x8508, 0x8508, 0x8500, 0x8508, 0x8508, 0x8500, 0x8508, 0x8500, 0x8508,
    0x8508, 0x8500, 0x8508, 0x8500, 0x8508, 0x8508, 0x8500, 0x8508, 0x8508, 0x8500, 0x8508, 0x8500,
    0x8508, 0x8500, 0x8508, 0x8500, 0x8608, 0x8500, 0x8508, 0x8508, 0x8508, 0x8500, 0x8508, 0x8500,
    0x8508, 0x8508, 0x8500, 0x8508, 0x8508, 0x8500, 0x8508, 0x6500, 0x8508, 0x6500, 0x8508, 0x6508,
    0x8500, 0x6508, 0x6400, 0x6508, 0x8400, 0x6508, 0x6400, 0x6408, 0x8500, 0x6408, 0x6400, 0x6508,
    0x6400, 0x6408, 0x6400, 0x6408, 0x6400, 0x6408, 0x6400, 0x6400, 0x6408, 0x6400, 0x6408, 0x6400,
    0x6300, 0x4400, 0x6300, 0x4408, 0x6300, 0x4308, 0x4300, 0x6300, 0x4308, 0x4300, 0x4300, 0x4300,
    0x4300, 0x4300, 0x4308, 0x4300, 0x4300, 0x4300, 0x4200, 0x4300, 0x2200, 0x4300, 0x2208, 0x4200,
    0x2300, 0x4200, 0x2200, 0x4300, 0x2200, 0x4200, 0x2300, 0x4200, 0x2300, 0x4200, 0x2300, 0x4200,
    0x2200, 0x4300, 0x2200, 0x4300, 0x2200, 0x4300, 0x2200, 0x4300, 0x2200, 0x4208, 0x2300, 0x4200,
    0x2308, 0x4200, 0x2300, 0x4200, 0x2300, 0x4208, 0x2300, 0x4200, 0x2300, 0x4200, 0x4300, 0x4300,
    0x4300, 0x4308, 0x4300, 0x4300, 0x4300, 0x4300, 0x4300, 0x4300, 0x4308, 0x6400, 0x4300, 0x6408,
    0x4300, 0x4300, 0x6400, 0x6300, 0x4408, 0x6400, 0x6408, 0x6400, 0x6400, 0x6408, 0x6400, 0x6408,
    0x6400, 0x6400, 0x6408, 0x6400, 0x6408, 0x6400, 0x6408, 0x6400, 0x6508, 0x6400, 0x6508, 0x6400,
    0x8408, 0x6400, 0x6408, 0x6500, 0x8408, 0x6400, 0x8508, 0x6500, 0x6408, 0x8500, 0x6508, 0x8400,
    0x6508, 0x8500, 0x6508, 0x8500, 0x6508, 0x8500, 0x8508, 0x8500, 0x8508, 0x8500, 0x8508, 0x8500,
    0x8508, 0x8500, 0x8508, 0x8500, 0x8508, 0x8500, 0x8508, 0x8500, 0x8508, 0x8500, 0x8508, 0x8508,
    0x8500, 0x8508, 0x6500, 0x8508, 0x8508, 0x6500, 0x8508, 0x8500, 0x6508, 0x8500, 0x8508, 0x6508,
    0x8500, 0x6508, 0x8500, 0x6508, 0x8500, 0x6408, 0x6500, 0x8408, 0x6500, 0x8408, 0x6500, 0x6408,
    0x6400, 0x8408, 0x6500, 0x6408, 0x6400, 0x6408, 0x8400, 0x6408, 0x6400, 0x6408, 0x6400, 0x6408,
    0x6400, 0x6400, 0x6408, 0x6400, 0x6400, 0x6400, 0x6408, 0x6400, 0x4400, 0x6300, 0x4300, 0x4408,
    0x4300, 0x6408, 0x4300, 0x4300, 0x4308, 0x6400, 0x4300, 0x4308, 0x4300, 0x4300, 0x4308, 0x4300,
    0x4300, 0x4300, 0x4300, 0x4200, 0x2300, 0x4200, 0x2308, 0x2200, 0x4300, 0x2200, 0x4300, 0x2200,
    0x4300, 0x2200, 0x4300, 0x2208, 0x4300, 0x2200, 0x4308, 0x2200, 0x4300, 0x2200, 0x4300, 0x2200,
    0x2200, 0x4300, 0x2200, 0x4300, 0x2200, 0x4308, 0x2200, 0x4200, 0x2300, 0x4200, 0x2300, 0x4200,
    0x2200, 0x4300, 0x2200, 0x4200, 0x2300, 0x4200, 0x2300, 0x4200, 0x2300, 0x4200, 0x2300, 0x4208,
    0x4200, 0x4300, 0x4300, 0x4308, 0x4300, 0x4308, 0x4300, 0x4300, 0x4300, 0x4300, 0x4308, 0x4300,
    0x4300, 0x6308, 0x4400, 0x4308, 0x6300, 0x4400, 0x4300, 0x6308, 0x4400, 0x6400, 0x4308, 0x6400,
    0x6408, 0x6400, 0x6400, 0x6408, 0x6400, 0x6400, 0x6408, 0x6400, 0x6400, 0x6408, 0x6400, 0x6408,
    0x6400, 0x6508, 0x8400, 0x6408, 0x6400, 0x6508, 0x6400, 0x8408, 0x6500, 0x6408, 0x6400, 0x6508,
    0x8400, 0x6408, 0x6400, 0x8508, 0x6400, 0x6508, 0x6400, 0x6508, 0x6400, 0x6508, 0x6400, 0x6508,
    0x6500, 0x8408, 0x6500, 0x6508, 0x8400, 0x6508, 0x6500, 0x8408, 0x6500, 0x6508, 0x8400, 0x6508,
    0x6400, 0x8508, 0x6408, 0x8500, 0x6408, 0x8500, 0x6408, 0x6500, 0x8408, 0x6500, 0x6408, 0x8500,
    0x6408, 0x8400, 0x6408, 0x6400, 0x6408, 0x6500, 0x8408, 0x6400, 0x6408, 0x6400, 0x6408, 0x8400,
    0x6500, 0x6408, 0x6400, 0x6408, 0x6400, 0x6400, 0x6408, 0x6400, 0x6400, 0x6408, 0x6400, 0x6400,
    0x6408, 0x6400, 0x6300, 0x6408, 0x4300, 0x6408, 0x4300, 0x4308, 0x6300, 0x4408, 0x4300, 0x6300,
    0x4308, 0x4300, 0x4300, 0x4308, 0x4300, 0x4300, 0x4300, 0x4300, 0x4300, 0x4300, 0x4300, 0x4300,
    0x2208, 0x4300, 0x2200, 0x2300, 0x4208, 0x2300, 0x4200, 0x4300, 0x2200, 0x4208, 0x2300, 0x4200,
    0x2300, 0x4200, 0x2300, 0x4200, 0x2300, 0x4200, 0x2300, 0x4200, 0x2200, 0x4308, 0x2200, 0x4200,
    0x2200, 0x4300, 0x2200, 0x4208, 0x2300, 0x4200, 0x2300, 0x4200, 0x2300, 0x4200, 0x2300, 0x4200,
    0x2300, 0x4200, 0x2300, 0x4208, 0x2300, 0x4200, 0x2200, 0x4308, 0x2200, 0x4200, 0x2300, 0x4200,
    0x2300, 0x2200, 0x4200, 0x2200, 0x4300, 0x4200, 0x4300, 0x4308, 0x4300, 0x4300, 0x4300, 0x4300,
    0x4300, 0x4300, 0x4300, 0x4300, 0x4300, 0x4308, 0x6400, 0x4300, 0x4308, 0x6300, 0x4400, 0x6300,
    0x4400, 0x6308, 0x4400, 0x6300, 0x4408, 0x6400, 0x6400, 0x6408, 0x6400, 0x6408, 0x6400, 0x6400,
    0x6408, 0x6400, 0x6408, 0x6400, 0x6408, 0x6400, 0x6408, 0x6400, 0x6408, 0x6400, 0x6408, 0x6400,
    0x6508, 0x6400, 0x6408, 0x6400, 0x8408, 0x6400, 0x8508, 0x6400, 0x8408, 0x6500, 0x8408, 0x6400,
    0x8408, 0x6500, 0x6408, 0x6400, 0x6508, 0x8400, 0x6408, 0x6500, 0x8408, 0x6400, 0x6508, 0x6400,
    0x8508, 0x6400, 0x6500, 0x6408, 0x6400, 0x6408, 0x6400, 0x6408, 0x6500, 0x6408, 0x6400, 0x6400,
    0x6408, 0x6500, 0x6400, 0x6508, 0x6400, 0x6400, 0x6408, 0x6400, 0x6400, 0x6408, 0x6400, 0x6408,
    0x6400, 0x6400, 0x6408, 0x6400, 0x6408, 0x6400, 0x6400, 0x4408, 0x6400, 0x4400, 0x6308, 0x4400,
    0x6300, 0x4408, 0x4300, 0x4400, 0x6300, 0x4300, 0x4400, 0x6300, 0x4300, 0x4300, 0x4308, 0x4300,
    0x4300, 0x4300, 0x4300, 0x4300, 0x4300, 0x4300, 0x4308, 0x4200, 0x2300, 0x4200, 0x2308, 0x4200,
    0x2300, 0x4200, 0x2300, 0x4200, 0x2200, 0x4300, 0x2200, 0x2200, 0x4300, 0x2200, 0x4300, 0x2200,
    0x4208, 0x2300, 0x4200, 0x2200, 0x4300, 0x2200, 0x4200, 0x2308, 0x4200, 0x2300, 0x4200, 0x2300,
    0x2200, 0x4300, 0x2200, 0x4300, 0x2200, 0x4300, 0x2200, 0x4308, 0x2200, 0x4300, 0x2208, 0x4300,
    0x2200, 0x4308, 0x2200, 0x4300, 0x2200, 0x4300, 0x2200, 0x4300, 0x2200, 0x4300, 0x2208, 0x4300,
    0x2200, 0x4300, 0x2200, 0x4300, 0x2200, 0x2300, 0x4200, 0x2200, 0x4300, 0x4208, 0x4300, 0x4300,
    0x4308, 0x4300, 0x4308, 0x4300, 0x4300, 0x4300, 0x4300, 0x4300, 0x4300, 0x4308, 0x4300, 0x4308,
    0x4300, 0x4300, 0x6408, 0x4300, 0x6400, 0x4308, 0x4300, 0x6400, 0x4308, 0x6400, 0x4300, 0x6408,
    0x6400, 0x4400, 0x6400, 0x6408, 0x6400, 0x6400, 0x6400, 0x6408, 0x6400, 0x6400, 0x6408, 0x6400,
    0x6400, 0x6408, 0x6400, 0x6408, 0x6400, 0x6408, 0x6400, 0x6408, 0x6400, 0x6408, 0x6400, 0x6408,
    0x6400, 0x6408, 0x6400, 0x6408, 0x6400, 0x6408, 0x6400, 0x6408, 0x6400, 0x6408, 0x6400, 0x6408,
    0x6400, 0x6408, 0x6400, 0x6408, 0x6400, 0x6400, 0x6508, 0x6400, 0x6400, 0x6408, 0x6400, 0x6408,
    0x6400, 0x6408, 0x6400, 0x6400, 0x6408, 0x6400, 0x6400, 0x6408, 0x6400, 0x6400, 0x6408, 0x4400,
    0x6408, 0x4300, 0x6400, 0x4300, 0x6400, 0x4308, 0x6400, 0x4300, 0x6308, 0x4400, 0x6300, 0x4308,
    0x4300, 0x4300, 0x6308, 0x4300, 0x4308, 0x4300, 0x4308, 0x4300, 0x4308, 0x4300, 0x4300, 0x4300,
    0x4300, 0x4308, 0x4300, 0x4200, 0x4308, 0x2200, 0x4300, 0x2200, 0x4300, 0x2200, 0x4200, 0x2300,
    0x4200, 0x2200, 0x4308, 0x2200, 0x4300, 0x2200, 0x4300, 0x4208, 0x2300, 0x4200, 0x2300, 0x4200,
    0x2300, 0x4200, 0x2300, 0x4208, 0x2300, 0x4200, 0x2300, 0x4200, 0x2300, 0x4200, 0x2300, 0x4200,
};
